train_task,candidate,branch,object_mass,object_friction,angle_offset_deg,offset,distance,energy,success,progress,normal_impulse,tangent_impulse,contact_steps,yaw_abs,full_token
0,0,source_nominal,0.1200,0.6500,-28.0000,0.0000,0.2247,0.2671,0.0000,0.2550,0.3226,0.1781,12,1.2941,2
0,1,source_nominal,0.1200,0.6500,-28.0000,0.0000,0.3111,0.3946,0.0000,-0.1090,0.3167,0.1563,10,1.8906,4
0,2,source_nominal,0.1200,0.6500,-10.0000,0.0000,0.2247,0.1243,0.0000,0.7292,0.2244,0.1045,11,1.1171,2
0,3,source_nominal,0.1200,0.6500,-10.0000,0.0000,0.3111,0.2603,0.0000,0.2547,0.2986,0.1162,9,1.0471,4
0,4,source_nominal,0.1200,0.6500,10.0000,0.0000,0.2247,0.1856,0.0000,0.5024,0.3679,0.3001,12,1.0003,7
0,5,source_nominal,0.1200,0.6500,10.0000,0.0000,0.3111,0.2978,0.0000,0.1636,0.5059,0.4140,9,1.3694,3
0,6,source_nominal,0.1200,0.6500,28.0000,0.0000,0.2247,0.2188,0.0000,0.3914,0.1496,0.0911,9,1.0357,5
0,7,source_nominal,0.1200,0.6500,28.0000,0.0000,0.3111,0.3033,0.0000,0.1359,0.3466,0.3359,9,1.2998,5
0,8,source_nominal,0.1200,0.6500,-10.0000,-0.0180,0.2650,0.1857,0.0000,0.6942,0.4628,0.3148,11,2.5598,6
0,9,source_nominal,0.1200,0.6500,10.0000,0.0180,0.2650,0.1439,0.0000,0.5496,0.4232,0.2719,9,0.1767,7
1,0,source_small_fast,0.0800,0.2200,-28.0000,0.0000,0.2334,0.2832,0.0000,0.1846,0.1689,0.1398,7,0.9115,0
1,1,source_small_fast,0.0800,0.2200,-28.0000,0.0000,0.3232,0.4195,0.0000,-0.2020,0.2111,0.1740,7,1.4479,0
1,2,source_small_fast,0.0800,0.2200,-10.0000,0.0000,0.2334,0.1963,0.0000,0.4868,0.2101,0.1330,9,1.0118,2
1,3,source_small_fast,0.0800,0.2200,-10.0000,0.0000,0.3232,0.3424,0.0000,0.0300,0.2741,0.1672,6,1.2295,4
1,4,source_small_fast,0.0800,0.2200,10.0000,0.0000,0.2334,0.1754,0.0000,0.5130,0.2066,0.1251,7,0.6402,2
1,5,source_small_fast,0.0800,0.2200,10.0000,0.0000,0.3232,0.3214,0.0000,0.0560,0.2675,0.1603,7,0.8519,4
1,6,source_small_fast,0.0800,0.2200,28.0000,0.0000,0.2334,0.2987,0.0000,0.1640,0.0829,0.0611,6,1.1776,5
1,7,source_small_fast,0.0800,0.2200,28.0000,0.0000,0.3232,0.4343,0.0000,-0.2125,0.1078,0.0768,6,1.7817,5
1,8,source_small_fast,0.0800,0.2200,-10.0000,-0.0180,0.2753,0.2226,0.0000,0.5682,0.1034,0.0316,8,2.4352,6
1,9,source_small_fast,0.0800,0.2200,10.0000,0.0180,0.2753,0.2378,0.0000,0.5679,0.1088,0.0391,8,2.8668,2
2,0,source_large_soft,0.3000,1.1000,-28.0000,0.0000,0.3205,0.3164,0.0000,0.3642,1.4996,0.6503,12,1.3118,0
2,1,source_large_soft,0.3000,1.1000,-28.0000,0.0000,0.4438,0.3992,0.0000,0.0902,1.6224,0.6495,16,0.3887,0
2,2,source_large_soft,0.3000,1.1000,-10.0000,0.0000,0.3205,0.2915,0.0000,0.5397,1.4335,0.7426,18,2.6593,1
2,3,source_large_soft,0.3000,1.1000,-10.0000,0.0000,0.4438,0.3681,0.0000,0.3437,1.8971,1.0232,12,2.4756,1
2,4,source_large_soft,0.3000,1.1000,10.0000,0.0000,0.3205,0.1450,0.0000,0.6948,1.9201,0.8040,23,0.2943,1
2,5,source_large_soft,0.3000,1.1000,10.0000,0.0000,0.4438,0.3018,0.0000,0.3269,2.5392,0.9655,22,0.3841,1
2,6,source_large_soft,0.3000,1.1000,28.0000,0.0000,0.3205,0.3885,0.0000,0.2159,1.2695,0.6149,18,1.6302,3
2,7,source_large_soft,0.3000,1.1000,28.0000,0.0000,0.4438,0.4876,0.0000,0.0233,1.9265,1.0821,18,2.1299,3
2,8,source_large_soft,0.3000,1.1000,-10.0000,-0.0180,0.3781,0.1467,0.0000,0.8133,1.7148,0.8897,20,1.7014,1
2,9,source_large_soft,0.3000,1.1000,10.0000,0.0180,0.3781,0.2006,0.0000,0.7856,0.8548,0.2519,12,2.9174,2
3,0,source_heavy_stiff,0.1800,0.8500,-28.0000,0.0000,0.2799,0.2333,0.0000,0.6496,0.5290,0.3445,13,2.8341,2
3,1,source_heavy_stiff,0.1800,0.8500,-28.0000,0.0000,0.3876,0.4120,0.0000,0.0949,0.4797,0.3460,9,2.1885,4
3,2,source_heavy_stiff,0.1800,0.8500,-10.0000,0.0000,0.2799,0.1419,0.0000,0.7445,0.4419,0.2936,8,1.1963,2
3,3,source_heavy_stiff,0.1800,0.8500,-10.0000,0.0000,0.3876,0.3640,0.0000,0.2561,0.5478,0.3592,10,2.4703,4
3,4,source_heavy_stiff,0.1800,0.8500,10.0000,0.0000,0.2799,0.1531,0.0000,0.7051,0.3651,0.2330,11,1.1098,2
3,5,source_heavy_stiff,0.1800,0.8500,10.0000,0.0000,0.3876,0.3261,0.0000,0.2564,0.4759,0.2930,10,1.3908,4
3,6,source_heavy_stiff,0.1800,0.8500,28.0000,0.0000,0.2799,0.2635,0.0000,0.4480,1.1201,0.7015,14,1.6302,3
3,7,source_heavy_stiff,0.1800,0.8500,28.0000,0.0000,0.3876,0.3775,0.0000,0.0895,1.4060,0.8156,13,1.1471,3
3,8,source_heavy_stiff,0.1800,0.8500,-10.0000,-0.0180,0.3302,0.2406,0.0000,0.4167,0.9638,0.7234,13,0.6244,6
3,9,source_heavy_stiff,0.1800,0.8500,10.0000,0.0180,0.3302,0.1971,0.0000,0.5331,0.9874,0.7212,8,0.5745,7
4,0,source_nominal,0.1200,0.6500,-28.0000,0.0000,0.2614,0.2218,0.0000,0.3717,0.4745,0.2695,12,0.0934,0
4,1,source_nominal,0.1200,0.6500,-28.0000,0.0000,0.3619,0.3549,0.0000,-0.0190,0.6690,0.4102,10,0.0980,0
4,2,source_nominal,0.1200,0.6500,-10.0000,0.0000,0.2614,0.1487,0.0000,0.7140,0.4821,0.3250,11,1.2835,7
4,3,source_nominal,0.1200,0.6500,-10.0000,0.0000,0.3619,0.3388,0.0000,0.2553,0.5931,0.4028,10,2.2648,3
4,4,source_nominal,0.1200,0.6500,10.0000,0.0000,0.2614,0.1820,0.0000,0.5411,0.4390,0.2636,8,0.5799,7
4,5,source_nominal,0.1200,0.6500,10.0000,0.0000,0.3619,0.3300,0.0000,0.1271,0.4539,0.2056,9,0.7867,4
4,6,source_nominal,0.1200,0.6500,28.0000,0.0000,0.2614,0.1984,0.0000,0.5394,0.3921,0.3389,11,1.0313,7
4,7,source_nominal,0.1200,0.6500,28.0000,0.0000,0.3619,0.3304,0.0000,0.1219,0.5224,0.4494,9,0.7476,3
4,8,source_nominal,0.1200,0.6500,-10.0000,-0.0180,0.3083,0.1675,0.0000,0.7189,0.4479,0.3349,9,1.8392,6
4,9,source_nominal,0.1200,0.6500,10.0000,0.0180,0.3083,0.1803,0.0000,0.4903,0.2039,0.1230,8,0.0178,2
5,0,source_small_fast,0.0800,0.2200,-28.0000,0.0000,0.3262,0.2885,0.0000,0.5273,0.2123,0.1327,6,2.3324,4
5,1,source_small_fast,0.0800,0.2200,-28.0000,0.0000,0.4517,0.4895,0.0000,0.1148,0.2878,0.2028,6,3.0740,0
5,2,source_small_fast,0.0800,0.2200,-10.0000,0.0000,0.3262,0.1865,0.0000,0.7032,0.0941,0.0910,5,1.5194,2
5,3,source_small_fast,0.0800,0.2200,-10.0000,0.0000,0.4517,0.4078,0.0000,0.2394,0.1313,0.1259,7,2.2293,4
5,4,source_small_fast,0.0800,0.2200,10.0000,0.0000,0.3262,0.2025,0.0000,0.6369,0.2243,0.1869,7,1.1857,7
5,5,source_small_fast,0.0800,0.2200,10.0000,0.0000,0.4517,0.4267,0.0000,0.1576,0.1420,0.1095,6,1.7899,4
5,6,source_small_fast,0.0800,0.2200,28.0000,0.0000,0.3262,0.2837,0.0000,0.4626,0.1629,0.0973,6,1.4210,5
5,7,source_small_fast,0.0800,0.2200,28.0000,0.0000,0.4517,0.4795,0.0000,0.0183,0.2334,0.2039,7,1.6341,5
5,8,source_small_fast,0.0800,0.2200,-10.0000,-0.0180,0.3848,0.2796,0.0000,0.4170,0.1374,0.0722,6,0.7274,6
5,9,source_small_fast,0.0800,0.2200,10.0000,0.0180,0.3848,0.1735,0.0000,0.6573,0.1984,0.1745,4,0.5654,7
6,0,source_large_soft,0.3000,1.1000,-28.0000,0.0000,0.2193,0.2897,0.0000,0.1616,1.3101,0.6406,21,1.3360,1
6,1,source_large_soft,0.3000,1.1000,-28.0000,0.0000,0.3036,0.3579,0.0000,-0.0428,1.4807,0.7719,17,1.5949,0
6,2,source_large_soft,0.3000,1.1000,-10.0000,0.0000,0.2193,0.0839,1.0000,0.7367,1.4401,0.7296,22,0.0750,1
6,3,source_large_soft,0.3000,1.1000,-10.0000,0.0000,0.3036,0.2068,0.0000,0.3521,1.8184,0.9718,21,0.4512,1
6,4,source_large_soft,0.3000,1.1000,10.0000,0.0000,0.2193,0.1812,0.0000,0.5476,1.0695,0.6027,17,1.3382,1
6,5,source_large_soft,0.3000,1.1000,10.0000,0.0000,0.3036,0.3055,0.0000,0.1889,0.8713,0.4719,18,1.9589,1
6,6,source_large_soft,0.3000,1.1000,28.0000,0.0000,0.2193,0.1975,0.0000,0.3430,1.4751,0.8993,19,0.1595,1
6,7,source_large_soft,0.3000,1.1000,28.0000,0.0000,0.3036,0.2771,0.0000,0.1411,1.4073,0.8000,17,0.7638,3
6,8,source_large_soft,0.3000,1.1000,-10.0000,-0.0180,0.2586,0.1489,1.0000,0.7787,1.0768,0.5414,14,2.2466,6
6,9,source_large_soft,0.3000,1.1000,10.0000,0.0180,0.2586,0.1205,0.0000,0.6767,1.8365,1.1138,21,0.6181,1
7,0,source_heavy_stiff,0.1800,0.8500,-28.0000,0.0000,0.2424,0.2258,0.0000,0.5416,0.9125,0.7321,14,2.1634,0
7,1,source_heavy_stiff,0.1800,0.8500,-28.0000,0.0000,0.3357,0.4080,0.0000,-0.0164,0.9736,0.7819,14,2.3598,0
7,2,source_heavy_stiff,0.1800,0.8500,-10.0000,0.0000,0.2424,0.1676,0.0000,0.6827,0.8062,0.6409,9,1.7533,7
7,3,source_heavy_stiff,0.1800,0.8500,-10.0000,0.0000,0.3357,0.3203,0.0000,0.1504,0.8867,0.6906,9,1.3348,3
7,4,source_heavy_stiff,0.1800,0.8500,10.0000,0.0000,0.2424,0.2003,0.0000,0.6042,0.8010,0.5856,13,1.9903,7
7,5,source_heavy_stiff,0.1800,0.8500,10.0000,0.0000,0.3357,0.3906,0.0000,0.1053,0.8727,0.5752,13,2.9442,3
7,6,source_heavy_stiff,0.1800,0.8500,28.0000,0.0000,0.2424,0.2341,0.0000,0.4094,0.4359,0.1884,14,1.2249,5
7,7,source_heavy_stiff,0.1800,0.8500,28.0000,0.0000,0.3357,0.3948,0.0000,-0.0573,0.4851,0.1719,13,1.6190,5
7,8,source_heavy_stiff,0.1800,0.8500,-10.0000,-0.0180,0.2860,0.2401,0.0000,0.2948,0.3753,0.2540,10,0.3541,6
7,9,source_heavy_stiff,0.1800,0.8500,10.0000,0.0180,0.2860,0.2308,0.0000,0.5158,0.4408,0.2043,9,2.0528,2
8,0,source_nominal,0.1200,0.6500,-28.0000,0.0000,0.3014,0.2440,0.0000,0.5319,0.3549,0.3245,11,1.5536,0
8,1,source_nominal,0.1200,0.6500,-28.0000,0.0000,0.4173,0.3982,0.0000,0.1459,0.5466,0.4797,10,1.6307,0
8,2,source_nominal,0.1200,0.6500,-10.0000,0.0000,0.3014,0.1926,0.0000,0.5850,0.4506,0.3314,9,0.6725,7
8,3,source_nominal,0.1200,0.6500,-10.0000,0.0000,0.4173,0.3690,0.0000,0.1830,0.5544,0.4126,9,1.2061,3
8,4,source_nominal,0.1200,0.6500,10.0000,0.0000,0.3014,0.1828,0.0000,0.7212,0.3191,0.1593,12,1.8949,2
8,5,source_nominal,0.1200,0.6500,10.0000,0.0000,0.4173,0.3826,0.0000,0.2562,0.5481,0.2704,9,2.4027,4
8,6,source_nominal,0.1200,0.6500,28.0000,0.0000,0.3014,0.3230,0.0000,0.3134,0.2999,0.1431,10,1.3988,5
8,7,source_nominal,0.1200,0.6500,28.0000,0.0000,0.4173,0.4780,0.0000,-0.0219,0.4509,0.2221,10,2.0580,5
8,8,source_nominal,0.1200,0.6500,-10.0000,-0.0180,0.3555,0.2179,0.0000,0.4899,0.4955,0.3582,12,0.3134,6
8,9,source_nominal,0.1200,0.6500,10.0000,0.0180,0.3555,0.2063,0.0000,0.7489,0.2474,0.1474,9,2.8405,2
9,0,source_small_fast,0.0800,0.2200,-28.0000,0.0000,0.2992,0.3685,0.0000,0.1917,0.1013,0.0752,7,1.4226,4
9,1,source_small_fast,0.0800,0.2200,-28.0000,0.0000,0.4142,0.5335,0.0000,-0.1771,0.1212,0.0875,6,2.0295,4
9,2,source_small_fast,0.0800,0.2200,-10.0000,0.0000,0.2992,0.2144,0.0000,0.5478,0.2435,0.1450,7,0.9257,2
9,3,source_small_fast,0.0800,0.2200,-10.0000,0.0000,0.4142,0.4034,0.0000,0.0847,0.3129,0.1828,7,1.1829,4
9,4,source_small_fast,0.0800,0.2200,10.0000,0.0000,0.2992,0.2362,0.0000,0.5209,0.2501,0.1568,9,1.2531,7
9,5,source_small_fast,0.0800,0.2200,10.0000,0.0000,0.4142,0.4159,0.0000,0.0874,0.3078,0.1898,6,1.5698,4
9,6,source_small_fast,0.0800,0.2200,28.0000,0.0000,0.2992,0.3513,0.0000,0.2193,0.0975,0.0777,6,1.2347,5
9,7,source_small_fast,0.0800,0.2200,28.0000,0.0000,0.4142,0.5256,0.0000,-0.1816,0.1387,0.1026,6,1.7550,5
9,8,source_small_fast,0.0800,0.2200,-10.0000,-0.0180,0.3529,0.2598,0.0000,0.6097,0.1283,0.0439,8,2.8696,6
9,9,source_small_fast,0.0800,0.2200,10.0000,0.0180,0.3529,0.2779,0.0000,0.5798,0.1848,0.1900,9,3.0593,7
10,0,source_large_soft,0.3000,1.1000,-28.0000,0.0000,0.3232,0.2451,0.0000,0.6269,0.8907,0.6819,18,2.3210,1
10,1,source_large_soft,0.3000,1.1000,-28.0000,0.0000,0.4475,0.3270,0.0000,0.3548,1.5870,1.1724,19,1.3666,0
10,2,source_large_soft,0.3000,1.1000,-10.0000,0.0000,0.3232,0.1867,0.0000,0.6465,1.3499,0.6598,16,0.8839,1
10,3,source_large_soft,0.3000,1.1000,-10.0000,0.0000,0.4475,0.3427,0.0000,0.4193,1.9331,1.1392,18,2.5806,1
10,4,source_large_soft,0.3000,1.1000,10.0000,0.0000,0.3232,0.0953,1.0000,0.8988,1.5541,0.7654,18,1.2596,1
10,5,source_large_soft,0.3000,1.1000,10.0000,0.0000,0.4475,0.2907,0.0000,0.4884,2.1912,1.0567,17,1.9118,1
10,6,source_large_soft,0.3000,1.1000,28.0000,0.0000,0.3232,0.2495,0.0000,0.4466,2.3022,1.2708,25,0.3108,1
10,7,source_large_soft,0.3000,1.1000,28.0000,0.0000,0.4475,0.3727,0.0000,0.1451,2.4854,1.4655,21,0.1918,3
10,8,source_large_soft,0.3000,1.1000,-10.0000,-0.0180,0.3812,0.1517,0.0000,0.6672,1.5097,0.9875,18,0.0960,1
10,9,source_large_soft,0.3000,1.1000,10.0000,0.0180,0.3812,0.2120,0.0000,0.7768,1.0253,0.5335,11,3.1149,7
11,0,source_heavy_stiff,0.1800,0.8500,-28.0000,0.0000,0.2927,0.2548,0.0000,0.5346,0.8153,0.7264,13,2.0435,0
11,1,source_heavy_stiff,0.1800,0.8500,-28.0000,0.0000,0.4053,0.4459,0.0000,0.1147,1.1227,0.9539,12,2.9372,0
11,2,source_heavy_stiff,0.1800,0.8500,-10.0000,0.0000,0.2927,0.1924,0.0000,0.5127,0.3119,0.0761,11,0.0246,2
11,3,source_heavy_stiff,0.1800,0.8500,-10.0000,0.0000,0.4053,0.4154,0.0000,-0.0379,0.6646,0.1820,11,0.4276,4
11,4,source_heavy_stiff,0.1800,0.8500,10.0000,0.0000,0.2927,0.1980,0.0000,0.6384,1.1021,0.7323,12,1.5334,7
11,5,source_heavy_stiff,0.1800,0.8500,10.0000,0.0000,0.4053,0.4221,0.0000,0.0397,1.3588,0.8858,11,1.4505,3
11,6,source_heavy_stiff,0.1800,0.8500,28.0000,0.0000,0.2927,0.2563,0.0000,0.3473,1.0138,0.5930,14,0.0758,3
11,7,source_heavy_stiff,0.1800,0.8500,28.0000,0.0000,0.4053,0.3903,0.0000,0.0036,1.3797,0.8437,12,0.1570,3
11,8,source_heavy_stiff,0.1800,0.8500,-10.0000,-0.0180,0.3453,0.2435,0.0000,0.4193,0.7453,0.6332,8,0.4531,6
11,9,source_heavy_stiff,0.1800,0.8500,10.0000,0.0180,0.3453,0.2202,0.0000,0.7080,1.0089,0.6395,10,2.8825,7
12,0,source_nominal,0.1200,0.6500,-28.0000,0.0000,0.2090,0.1700,0.0000,0.5150,0.2156,0.1519,11,0.9456,2
12,1,source_nominal,0.1200,0.6500,-28.0000,0.0000,0.2894,0.2805,0.0000,0.1987,0.4299,0.3369,12,1.6360,0
12,2,source_nominal,0.1200,0.6500,-10.0000,0.0000,0.2090,0.1053,1.0000,0.7561,0.3297,0.2827,10,0.9432,7
12,3,source_nominal,0.1200,0.6500,-10.0000,0.0000,0.2894,0.2126,0.0000,0.4190,0.4027,0.3498,8,1.3819,7
12,4,source_nominal,0.1200,0.6500,10.0000,0.0000,0.2090,0.1019,1.0000,0.7339,0.3895,0.3013,11,0.6758,7
12,5,source_nominal,0.1200,0.6500,10.0000,0.0000,0.2894,0.2056,0.0000,0.3667,0.4559,0.3381,8,0.7834,7
12,6,source_nominal,0.1200,0.6500,28.0000,0.0000,0.2090,0.1648,0.0000,0.5788,0.3928,0.2524,12,1.2866,7
12,7,source_nominal,0.1200,0.6500,28.0000,0.0000,0.2894,0.2954,0.0000,0.1457,0.3629,0.1811,11,1.6566,5
12,8,source_nominal,0.1200,0.6500,-10.0000,-0.0180,0.2466,0.1654,0.0000,0.4429,0.1712,0.0704,11,0.2415,6
12,9,source_nominal,0.1200,0.6500,10.0000,0.0180,0.2466,0.1631,0.0000,0.5102,0.2416,0.1540,10,0.6916,2
13,0,source_small_fast,0.0800,0.2200,-28.0000,0.0000,0.2118,0.2397,0.0000,0.2289,0.1759,0.0947,8,0.6699,4
13,1,source_small_fast,0.0800,0.2200,-28.0000,0.0000,0.2933,0.3560,0.0000,-0.1638,0.2418,0.1466,7,0.8992,0
13,2,source_small_fast,0.0800,0.2200,-10.0000,0.0000,0.2118,0.1402,0.0000,0.5993,0.1784,0.0953,8,0.7019,2
13,3,source_small_fast,0.0800,0.2200,-10.0000,0.0000,0.2933,0.2832,0.0000,0.1087,0.2371,0.1424,7,0.9346,4
13,4,source_small_fast,0.0800,0.2200,10.0000,0.0000,0.2118,0.1909,0.0000,0.4327,0.0723,0.0568,6,0.8573,2
13,5,source_small_fast,0.0800,0.2200,10.0000,0.0000,0.2933,0.3154,0.0000,0.0314,0.0963,0.0762,6,1.2527,4
13,6,source_small_fast,0.0800,0.2200,28.0000,0.0000,0.2118,0.2017,0.0000,0.4048,0.0638,0.0593,4,0.9501,5
13,7,source_small_fast,0.0800,0.2200,28.0000,0.0000,0.2933,0.3025,0.0000,0.0972,0.0860,0.0802,5,1.3948,5
13,8,source_small_fast,0.0800,0.2200,-10.0000,-0.0180,0.2498,0.2236,0.0000,0.5251,0.0838,0.0502,7,2.4848,6
13,9,source_small_fast,0.0800,0.2200,10.0000,0.0180,0.2498,0.1765,0.0000,0.4495,0.1210,0.0875,8,0.5552,2
14,0,source_large_soft,0.3000,1.1000,-28.0000,0.0000,0.2671,0.1955,0.0000,0.6057,0.8307,0.5872,21,1.4946,1
14,1,source_large_soft,0.3000,1.1000,-28.0000,0.0000,0.3698,0.3455,0.0000,0.2672,1.5003,1.0972,21,2.4089,0
14,2,source_large_soft,0.3000,1.1000,-10.0000,0.0000,0.2671,0.1308,0.0000,0.6588,0.8888,0.2930,18,0.1644,1
14,3,source_large_soft,0.3000,1.1000,-10.0000,0.0000,0.3698,0.3356,0.0000,0.2074,1.1369,0.4704,16,1.5417,1
14,4,source_large_soft,0.3000,1.1000,10.0000,0.0000,0.2671,0.1458,1.0000,0.8021,1.7627,0.8977,20,1.9959,1
14,5,source_large_soft,0.3000,1.1000,10.0000,0.0000,0.3698,0.2798,0.0000,0.4916,1.8622,1.0011,18,2.7295,1
14,6,source_large_soft,0.3000,1.1000,28.0000,0.0000,0.2671,0.2046,0.0000,0.4278,1.0649,0.2569,22,0.0134,1
14,7,source_large_soft,0.3000,1.1000,28.0000,0.0000,0.3698,0.3307,0.0000,0.0658,2.0321,0.5999,22,0.0157,3
14,8,source_large_soft,0.3000,1.1000,-10.0000,-0.0180,0.3150,0.1503,0.0000,0.5881,0.8845,0.5858,17,0.0035,6
14,9,source_large_soft,0.3000,1.1000,10.0000,0.0180,0.3150,0.1863,0.0000,0.7803,0.6803,0.3213,11,2.9134,2
15,0,source_heavy_stiff,0.1800,0.8500,-28.0000,0.0000,0.2205,0.2502,0.0000,0.2261,0.7519,0.4727,8,0.6929,0
15,1,source_heavy_stiff,0.1800,0.8500,-28.0000,0.0000,0.3053,0.4038,0.0000,-0.2125,0.8876,0.5513,7,1.4906,0
15,2,source_heavy_stiff,0.1800,0.8500,-10.0000,0.0000,0.2205,0.1820,0.0000,0.4509,0.4057,0.2999,11,0.5595,2
15,3,source_heavy_stiff,0.1800,0.8500,-10.0000,0.0000,0.3053,0.3849,0.0000,-0.0196,1.0574,0.6357,12,2.5085,3
15,4,source_heavy_stiff,0.1800,0.8500,10.0000,0.0000,0.2205,0.1596,0.0000,0.5291,0.8549,0.5623,15,0.5506,7
15,5,source_heavy_stiff,0.1800,0.8500,10.0000,0.0000,0.3053,0.2487,0.0000,0.1943,1.2459,0.8770,11,0.3434,3
15,6,source_heavy_stiff,0.1800,0.8500,28.0000,0.0000,0.2205,0.3406,0.0000,0.0403,0.3172,0.2159,13,1.7743,5
15,7,source_heavy_stiff,0.1800,0.8500,28.0000,0.0000,0.3053,0.4655,0.0000,-0.3192,0.4084,0.2705,11,2.3915,5
15,8,source_heavy_stiff,0.1800,0.8500,-10.0000,-0.0180,0.2601,0.1828,0.0000,0.5350,0.6842,0.4459,14,1.2401,6
15,9,source_heavy_stiff,0.1800,0.8500,10.0000,0.0180,0.2601,0.1871,0.0000,0.6343,0.4622,0.2021,11,2.1654,2
16,0,source_nominal,0.1200,0.6500,-28.0000,0.0000,0.2846,0.2412,0.0000,0.3720,0.5768,0.3577,10,0.1047,0
16,1,source_nominal,0.1200,0.6500,-28.0000,0.0000,0.3941,0.3903,0.0000,-0.0260,0.7910,0.3960,11,0.1522,0
16,2,source_nominal,0.1200,0.6500,-10.0000,0.0000,0.2846,0.1618,0.0000,0.7264,0.2653,0.1692,11,1.5290,2
16,3,source_nominal,0.1200,0.6500,-10.0000,0.0000,0.3941,0.3466,0.0000,0.2538,0.4448,0.3084,10,1.8202,4
16,4,source_nominal,0.1200,0.6500,10.0000,0.0000,0.2846,0.1765,0.0000,0.5696,0.4444,0.2589,10,0.3155,7
16,5,source_nominal,0.1200,0.6500,10.0000,0.0000,0.3941,0.3473,0.0000,0.1259,0.5498,0.3123,9,0.5074,3
16,6,source_nominal,0.1200,0.6500,28.0000,0.0000,0.2846,0.2016,0.0000,0.5379,0.1855,0.1479,9,0.7015,5
16,7,source_nominal,0.1200,0.6500,28.0000,0.0000,0.3941,0.3955,0.0000,0.1669,0.2516,0.1947,9,2.3116,5
16,8,source_nominal,0.1200,0.6500,-10.0000,-0.0180,0.3357,0.2080,0.0000,0.7419,0.1852,0.0929,7,2.9815,6
16,9,source_nominal,0.1200,0.6500,10.0000,0.0180,0.3357,0.2138,0.0000,0.4919,0.5225,0.3702,8,0.5420,7
17,0,source_small_fast,0.0800,0.2200,-28.0000,0.0000,0.2423,0.2886,0.0000,0.2091,0.0969,0.0402,7,1.0112,4
17,1,source_small_fast,0.0800,0.2200,-28.0000,0.0000,0.3355,0.4136,0.0000,-0.1689,0.1299,0.0538,6,1.1754,4
17,2,source_small_fast,0.0800,0.2200,-10.0000,0.0000,0.2423,0.1567,0.0000,0.5863,0.2171,0.1288,7,0.5919,2
17,3,source_small_fast,0.0800,0.2200,-10.0000,0.0000,0.3355,0.3030,0.0000,0.1318,0.1674,0.0466,7,0.6865,4
17,4,source_small_fast,0.0800,0.2200,10.0000,0.0000,0.2423,0.2168,0.0000,0.4675,0.1724,0.1269,6,1.2546,2
17,5,source_small_fast,0.0800,0.2200,10.0000,0.0000,0.3355,0.3647,0.0000,0.0527,0.1935,0.1499,7,1.7461,4
17,6,source_small_fast,0.0800,0.2200,28.0000,0.0000,0.2423,0.2467,0.0000,0.3431,0.1646,0.1309,5,1.0035,5
17,7,source_small_fast,0.0800,0.2200,28.0000,0.0000,0.3355,0.3593,0.0000,0.0187,0.2099,0.1703,6,1.2900,5
17,8,source_small_fast,0.0800,0.2200,-10.0000,-0.0180,0.2858,0.2474,0.0000,0.5651,0.2068,0.1475,6,2.9712,6
17,9,source_small_fast,0.0800,0.2200,10.0000,0.0180,0.2858,0.2048,0.0000,0.5021,0.1049,0.0481,8,1.1935,2
18,0,source_large_soft,0.3000,1.1000,-28.0000,0.0000,0.2671,0.3507,0.0000,0.2145,0.7993,0.4406,16,2.0994,0
18,1,source_large_soft,0.3000,1.1000,-28.0000,0.0000,0.3699,0.4700,0.0000,-0.0567,1.1118,0.6624,15,2.7956,0
18,2,source_large_soft,0.3000,1.1000,-10.0000,0.0000,0.2671,0.2100,0.0000,0.5648,1.1958,0.5036,20,1.5076,1
18,3,source_large_soft,0.3000,1.1000,-10.0000,0.0000,0.3699,0.2659,0.0000,0.3486,1.3293,0.6503,16,0.9293,1
18,4,source_large_soft,0.3000,1.1000,10.0000,0.0000,0.2671,0.1194,0.0000,0.7085,1.7222,0.8295,23,0.3253,1
18,5,source_large_soft,0.3000,1.1000,10.0000,0.0000,0.3699,0.2595,0.0000,0.3476,2.1332,0.8529,22,0.7366,1
18,6,source_large_soft,0.3000,1.1000,28.0000,0.0000,0.2671,0.3275,0.0000,0.2276,1.0324,0.6692,17,1.5638,3
18,7,source_large_soft,0.3000,1.1000,28.0000,0.0000,0.3699,0.4340,0.0000,-0.0061,1.5708,0.8449,14,2.2618,3
18,8,source_large_soft,0.3000,1.1000,-10.0000,-0.0180,0.3151,0.1532,1.0000,0.8080,1.7865,0.8523,20,2.2354,1
18,9,source_large_soft,0.3000,1.1000,10.0000,0.0180,0.3151,0.1398,1.0000,0.8363,1.7096,0.8642,19,2.1304,1
19,0,source_heavy_stiff,0.1800,0.8500,-28.0000,0.0000,0.3181,0.4356,0.0000,0.1465,0.5365,0.3326,12,2.2383,0
19,1,source_heavy_stiff,0.1800,0.8500,-28.0000,0.0000,0.4404,0.5994,0.0000,-0.2677,0.5568,0.3599,12,2.0242,4
19,2,source_heavy_stiff,0.1800,0.8500,-10.0000,0.0000,0.3181,0.2022,0.0000,0.5569,1.2613,0.8335,14,0.3539,1
19,3,source_heavy_stiff,0.1800,0.8500,-10.0000,0.0000,0.4404,0.3596,0.0000,0.1593,1.5787,1.1211,11,0.1477,3
19,4,source_heavy_stiff,0.1800,0.8500,10.0000,0.0000,0.3181,0.3629,0.0000,0.3966,0.4246,0.2316,12,3.0760,2
19,5,source_heavy_stiff,0.1800,0.8500,10.0000,0.0000,0.4404,0.4369,0.0000,0.0591,0.7441,0.4233,12,1.1888,4
19,6,source_heavy_stiff,0.1800,0.8500,28.0000,0.0000,0.3181,0.3484,0.0000,0.2651,0.9305,0.5870,7,1.1319,3
19,7,source_heavy_stiff,0.1800,0.8500,28.0000,0.0000,0.4404,0.5425,0.0000,-0.0981,1.1192,0.7013,9,2.3743,3
19,8,source_heavy_stiff,0.1800,0.8500,-10.0000,-0.0180,0.3752,0.2446,0.0000,0.6467,0.7995,0.4054,11,2.5783,6
19,9,source_heavy_stiff,0.1800,0.8500,10.0000,0.0180,0.3752,0.2225,0.0000,0.6379,0.4866,0.1609,13,1.8443,2
20,0,source_nominal,0.1200,0.6500,-28.0000,0.0000,0.2280,0.1852,0.0000,0.5613,0.2335,0.0914,10,1.4193,2
20,1,source_nominal,0.1200,0.6500,-28.0000,0.0000,0.3157,0.3452,0.0000,0.0870,0.2449,0.0868,11,1.9814,4
20,2,source_nominal,0.1200,0.6500,-10.0000,0.0000,0.2280,0.1035,1.0000,0.7516,0.3684,0.2998,9,0.6744,7
20,3,source_nominal,0.1200,0.6500,-10.0000,0.0000,0.3157,0.2623,0.0000,0.3105,0.5143,0.4211,9,1.4788,7
20,4,source_nominal,0.1200,0.6500,10.0000,0.0000,0.2280,0.1016,0.0000,0.7322,0.2655,0.2533,8,0.4583,7
20,5,source_nominal,0.1200,0.6500,10.0000,0.0000,0.3157,0.2391,0.0000,0.3758,0.4424,0.3865,8,1.3597,7
20,6,source_nominal,0.1200,0.6500,28.0000,0.0000,0.2280,0.1922,0.0000,0.5144,0.3639,0.2891,11,1.2273,7
20,7,source_nominal,0.1200,0.6500,28.0000,0.0000,0.3157,0.3133,0.0000,0.2312,0.4282,0.4000,11,2.2730,3
20,8,source_nominal,0.1200,0.6500,-10.0000,-0.0180,0.2689,0.1871,0.0000,0.5428,0.3703,0.2189,9,1.2960,6
20,9,source_nominal,0.1200,0.6500,10.0000,0.0180,0.2689,0.1602,0.0000,0.4821,0.1997,0.1319,8,0.0218,2
21,0,source_small_fast,0.0800,0.2200,-28.0000,0.0000,0.2439,0.2144,0.0000,0.5278,0.1630,0.1138,7,1.6918,2
21,1,source_small_fast,0.0800,0.2200,-28.0000,0.0000,0.3377,0.3726,0.0000,0.1016,0.2297,0.1670,7,2.3517,0
21,2,source_small_fast,0.0800,0.2200,-10.0000,0.0000,0.2439,0.1329,0.0000,0.7269,0.1481,0.1286,5,1.1430,2
21,3,source_small_fast,0.0800,0.2200,-10.0000,0.0000,0.3377,0.2919,0.0000,0.3098,0.1759,0.1497,5,1.9059,4
21,4,source_small_fast,0.0800,0.2200,10.0000,0.0000,0.2439,0.1707,0.0000,0.5852,0.1721,0.1328,7,0.9554,2
21,5,source_small_fast,0.0800,0.2200,10.0000,0.0000,0.3377,0.3350,0.0000,0.1145,0.2116,0.1715,6,1.3930,4
21,6,source_small_fast,0.0800,0.2200,28.0000,0.0000,0.2439,0.2186,0.0000,0.4289,0.1095,0.0495,8,0.9289,5
21,7,source_small_fast,0.0800,0.2200,28.0000,0.0000,0.3377,0.3573,0.0000,0.0172,0.1317,0.0534,6,1.1597,5
21,8,source_small_fast,0.0800,0.2200,-10.0000,-0.0180,0.2877,0.2196,0.0000,0.3374,0.1246,0.0763,6,0.1139,6
21,9,source_small_fast,0.0800,0.2200,10.0000,0.0180,0.2877,0.2094,0.0000,0.4208,0.0950,0.0647,5,0.5673,2
22,0,source_large_soft,0.3000,1.1000,-28.0000,0.0000,0.3310,0.2361,0.0000,0.6241,0.9407,0.6687,19,1.9169,1
22,1,source_large_soft,0.3000,1.1000,-28.0000,0.0000,0.4583,0.4194,0.0000,0.2880,1.5050,1.0735,20,3.0084,0
22,2,source_large_soft,0.3000,1.1000,-10.0000,0.0000,0.3310,0.1605,0.0000,0.6665,1.5672,0.7279,19,0.2714,1
22,3,source_large_soft,0.3000,1.1000,-10.0000,0.0000,0.4583,0.2981,0.0000,0.3489,1.8444,0.9563,17,0.2809,1
22,4,source_large_soft,0.3000,1.1000,10.0000,0.0000,0.3310,0.1230,1.0000,0.8785,1.5730,0.9287,15,1.7722,1
22,5,source_large_soft,0.3000,1.1000,10.0000,0.0000,0.4583,0.3040,0.0000,0.5684,1.5276,0.7478,17,3.1107,1
22,6,source_large_soft,0.3000,1.1000,28.0000,0.0000,0.3310,0.2601,0.0000,0.4138,2.0252,0.9726,21,0.0526,1
22,7,source_large_soft,0.3000,1.1000,28.0000,0.0000,0.4583,0.3845,0.0000,0.1365,2.3752,1.0472,20,0.1737,3
22,8,source_large_soft,0.3000,1.1000,-10.0000,-0.0180,0.3904,0.1798,0.0000,0.6197,1.0361,0.7406,16,0.2233,6
22,9,source_large_soft,0.3000,1.1000,10.0000,0.0180,0.3904,0.1859,1.0000,0.8426,1.1716,0.6084,13,3.0991,7
23,0,source_heavy_stiff,0.1800,0.8500,-28.0000,0.0000,0.2929,0.2491,0.0000,0.5596,0.8154,0.7276,13,2.1463,0
23,1,source_heavy_stiff,0.1800,0.8500,-28.0000,0.0000,0.4056,0.4476,0.0000,0.1076,1.1220,0.9550,12,2.9042,0
23,2,source_heavy_stiff,0.1800,0.8500,-10.0000,0.0000,0.2929,0.1964,0.0000,0.5076,0.3121,0.0754,11,0.0806,2
23,3,source_heavy_stiff,0.1800,0.8500,-10.0000,0.0000,0.4056,0.4157,0.0000,-0.0354,0.6650,0.1808,11,0.4572,4
23,4,source_heavy_stiff,0.1800,0.8500,10.0000,0.0000,0.2929,0.1939,0.0000,0.6419,1.1048,0.7330,12,1.4514,7
23,5,source_heavy_stiff,0.1800,0.8500,10.0000,0.0000,0.4056,0.4242,0.0000,0.0306,1.3611,0.8858,11,1.4095,3
23,6,source_heavy_stiff,0.1800,0.8500,28.0000,0.0000,0.2929,0.2713,0.0000,0.3147,1.0143,0.5933,14,0.1506,3
23,7,source_heavy_stiff,0.1800,0.8500,28.0000,0.0000,0.4056,0.3908,0.0000,-0.0056,1.3826,0.8463,12,0.0666,3
23,8,source_heavy_stiff,0.1800,0.8500,-10.0000,-0.0180,0.3455,0.2467,0.0000,0.4061,0.7371,0.6242,8,0.4002,6
23,9,source_heavy_stiff,0.1800,0.8500,10.0000,0.0180,0.3455,0.2298,0.0000,0.6517,1.0666,0.6807,11,2.5525,7
24,0,source_nominal,0.1200,0.6500,-28.0000,0.0000,0.2708,0.1845,0.0000,0.5582,0.4903,0.4086,8,0.6578,0
24,1,source_nominal,0.1200,0.6500,-28.0000,0.0000,0.3749,0.3289,0.0000,0.1785,0.5685,0.4801,9,0.9586,0
24,2,source_nominal,0.1200,0.6500,-10.0000,0.0000,0.2708,0.1542,0.0000,0.5921,0.4139,0.2539,10,0.1264,7
24,3,source_nominal,0.1200,0.6500,-10.0000,0.0000,0.3749,0.3231,0.0000,0.1515,0.5116,0.3090,10,0.5246,4
24,4,source_nominal,0.1200,0.6500,10.0000,0.0000,0.2708,0.1327,0.0000,0.7413,0.1821,0.0941,9,0.9939,2
24,5,source_nominal,0.1200,0.6500,10.0000,0.0000,0.3749,0.3443,0.0000,0.3143,0.3274,0.2028,10,2.7429,4
24,6,source_nominal,0.1200,0.6500,28.0000,0.0000,0.2708,0.2259,0.0000,0.4313,0.5773,0.3612,11,0.5816,3
24,7,source_nominal,0.1200,0.6500,28.0000,0.0000,0.3749,0.3659,0.0000,0.0139,0.6265,0.3595,9,0.3818,3
24,8,source_nominal,0.1200,0.6500,-10.0000,-0.0180,0.3194,0.2011,0.0000,0.4863,0.4072,0.3212,11,0.3900,6
24,9,source_nominal,0.1200,0.6500,10.0000,0.0180,0.3194,0.1849,0.0000,0.6877,0.4885,0.3351,8,1.9264,7
25,0,source_small_fast,0.0800,0.2200,-28.0000,0.0000,0.2558,0.2213,0.0000,0.4574,0.0937,0.0782,7,1.0191,2
25,1,source_small_fast,0.0800,0.2200,-28.0000,0.0000,0.3541,0.3696,0.0000,0.0618,0.1237,0.0991,7,1.4933,4
25,2,source_small_fast,0.0800,0.2200,-10.0000,0.0000,0.2558,0.1943,0.0000,0.4424,0.1050,0.0550,6,0.1050,2
25,3,source_small_fast,0.0800,0.2200,-10.0000,0.0000,0.3541,0.3518,0.0000,-0.0376,0.2742,0.1657,7,0.0536,4
25,4,source_small_fast,0.0800,0.2200,10.0000,0.0000,0.2558,0.1863,0.0000,0.6267,0.0981,0.0572,7,1.6046,2
25,5,source_small_fast,0.0800,0.2200,10.0000,0.0000,0.3541,0.3592,0.0000,0.1453,0.1338,0.0765,7,1.9769,4
25,6,source_small_fast,0.0800,0.2200,28.0000,0.0000,0.2558,0.2290,0.0000,0.3341,0.1024,0.0310,7,0.0824,5
25,7,source_small_fast,0.0800,0.2200,28.0000,0.0000,0.3541,0.3658,0.0000,-0.0696,0.1448,0.0436,7,0.1541,5
25,8,source_small_fast,0.0800,0.2200,-10.0000,-0.0180,0.3017,0.2100,0.0000,0.3921,0.1104,0.0930,7,0.0571,6
25,9,source_small_fast,0.0800,0.2200,10.0000,0.0180,0.3017,0.2398,0.0000,0.5264,0.1078,0.0429,5,2.1680,2
26,0,source_large_soft,0.3000,1.1000,-28.0000,0.0000,0.3263,0.2429,0.0000,0.4514,2.4638,1.4150,23,0.1152,1
26,1,source_large_soft,0.3000,1.1000,-28.0000,0.0000,0.4518,0.4094,0.0000,0.2400,1.8702,0.8032,20,2.2734,0
26,2,source_large_soft,0.3000,1.1000,-10.0000,0.0000,0.3263,0.1546,1.0000,0.8771,1.4539,0.7552,17,2.6796,1
26,3,source_large_soft,0.3000,1.1000,-10.0000,0.0000,0.4518,0.2685,0.0000,0.5860,1.5267,0.9827,13,2.3846,1
26,4,source_large_soft,0.3000,1.1000,10.0000,0.0000,0.3263,0.1463,0.0000,0.6945,1.4760,0.6593,17,0.2594,1
26,5,source_large_soft,0.3000,1.1000,10.0000,0.0000,0.4518,0.3184,0.0000,0.4654,1.7080,1.0628,14,2.3694,3
26,6,source_large_soft,0.3000,1.1000,28.0000,0.0000,0.3263,0.2421,0.0000,0.6371,1.1257,0.8022,20,2.3118,1
26,7,source_large_soft,0.3000,1.1000,28.0000,0.0000,0.4518,0.3809,0.0000,0.3588,1.6175,1.1545,19,2.8801,3
26,8,source_large_soft,0.3000,1.1000,-10.0000,-0.0180,0.3849,0.1343,1.0000,0.9218,0.9886,0.4304,11,2.6012,6
26,9,source_large_soft,0.3000,1.1000,10.0000,0.0180,0.3849,0.1757,0.0000,0.6173,1.1532,0.7894,19,0.1441,1
27,0,source_heavy_stiff,0.1800,0.8500,-28.0000,0.0000,0.2816,0.2656,0.0000,0.5797,0.4136,0.3316,13,3.0134,2
27,1,source_heavy_stiff,0.1800,0.8500,-28.0000,0.0000,0.3899,0.4039,0.0000,0.1501,0.4699,0.3782,12,2.4708,0
27,2,source_heavy_stiff,0.1800,0.8500,-10.0000,0.0000,0.2816,0.1363,0.0000,0.7237,0.4062,0.2671,7,0.8043,2
27,3,source_heavy_stiff,0.1800,0.8500,-10.0000,0.0000,0.3899,0.3449,0.0000,0.2832,0.5648,0.3918,9,2.1584,4
27,4,source_heavy_stiff,0.1800,0.8500,10.0000,0.0000,0.2816,0.1785,0.0000,0.6842,0.5189,0.3153,11,1.6020,2
27,5,source_heavy_stiff,0.1800,0.8500,10.0000,0.0000,0.3899,0.4286,0.0000,0.1338,0.9459,0.7147,11,3.0090,3
27,6,source_heavy_stiff,0.1800,0.8500,28.0000,0.0000,0.2816,0.2303,0.0000,0.4832,0.9960,0.5463,11,1.0096,3
27,7,source_heavy_stiff,0.1800,0.8500,28.0000,0.0000,0.3899,0.3525,0.0000,0.1315,1.3614,0.8471,11,0.8123,3
27,8,source_heavy_stiff,0.1800,0.8500,-10.0000,-0.0180,0.3321,0.2391,0.0000,0.3881,0.9045,0.7771,10,0.2508,6
27,9,source_heavy_stiff,0.1800,0.8500,10.0000,0.0180,0.3321,0.2312,0.0000,0.5143,0.9833,0.6723,9,1.3272,7
28,0,source_nominal,0.1200,0.6500,-28.0000,0.0000,0.2843,0.3577,0.0000,0.1976,0.2666,0.1694,11,1.6265,4
28,1,source_nominal,0.1200,0.6500,-28.0000,0.0000,0.3936,0.4923,0.0000,-0.1595,0.4486,0.3101,10,1.6903,0
28,2,source_nominal,0.1200,0.6500,-10.0000,0.0000,0.2843,0.1277,0.0000,0.6742,0.5314,0.3080,10,0.0152,7
28,3,source_nominal,0.1200,0.6500,-10.0000,0.0000,0.3936,0.3163,0.0000,0.1944,0.7969,0.4620,11,0.3465,3
28,4,source_nominal,0.1200,0.6500,10.0000,0.0000,0.2843,0.2525,0.0000,0.5131,0.2463,0.1079,8,1.9032,2
28,5,source_nominal,0.1200,0.6500,10.0000,0.0000,0.3936,0.3843,0.0000,0.1898,0.3064,0.1606,8,2.2416,4
28,6,source_nominal,0.1200,0.6500,28.0000,0.0000,0.2843,0.2569,0.0000,0.3213,0.4407,0.2628,10,0.0329,3
28,7,source_nominal,0.1200,0.6500,28.0000,0.0000,0.3936,0.4124,0.0000,-0.0701,0.5455,0.3182,9,0.3387,3
28,8,source_nominal,0.1200,0.6500,-10.0000,-0.0180,0.3353,0.2007,0.0000,0.7286,0.2755,0.1526,9,2.6387,6
28,9,source_nominal,0.1200,0.6500,10.0000,0.0180,0.3353,0.1552,0.0000,0.7124,0.2340,0.0838,10,1.1700,2
29,0,source_small_fast,0.0800,0.2200,-28.0000,0.0000,0.3115,0.3398,0.0000,0.2544,0.2549,0.1541,6,0.9473,0
29,1,source_small_fast,0.0800,0.2200,-28.0000,0.0000,0.4313,0.5073,0.0000,-0.1384,0.3278,0.1944,7,1.1846,0
29,2,source_small_fast,0.0800,0.2200,-10.0000,0.0000,0.3115,0.1900,0.0000,0.6251,0.2555,0.1537,7,0.8981,2
29,3,source_small_fast,0.0800,0.2200,-10.0000,0.0000,0.4313,0.3959,0.0000,0.1361,0.3282,0.1936,7,1.1327,4
29,4,source_small_fast,0.0800,0.2200,10.0000,0.0000,0.3115,0.2570,0.0000,0.4935,0.1123,0.0871,8,1.3114,2
29,5,source_small_fast,0.0800,0.2200,10.0000,0.0000,0.4313,0.4493,0.0000,0.0788,0.1457,0.1063,6,2.0048,4
29,6,source_small_fast,0.0800,0.2200,28.0000,0.0000,0.3115,0.2878,0.0000,0.4501,0.0870,0.0856,5,1.6949,5
29,7,source_small_fast,0.0800,0.2200,28.0000,0.0000,0.4313,0.4435,0.0000,0.1052,0.1220,0.1147,5,2.1412,5
29,8,source_small_fast,0.0800,0.2200,-10.0000,-0.0180,0.3674,0.2587,0.0000,0.5977,0.1066,0.0536,6,2.5176,6
29,9,source_small_fast,0.0800,0.2200,10.0000,0.0180,0.3674,0.2603,0.0000,0.5000,0.1334,0.0658,8,1.4462,2
30,0,source_large_soft,0.3000,1.1000,-28.0000,0.0000,0.2380,0.1827,0.0000,0.4578,1.6728,0.8122,20,0.2763,1
30,1,source_large_soft,0.3000,1.1000,-28.0000,0.0000,0.3295,0.3507,0.0000,0.0136,2.0620,1.0139,17,1.1523,0
30,2,source_large_soft,0.3000,1.1000,-10.0000,0.0000,0.2380,0.1149,0.0000,0.7224,1.7442,0.9626,21,0.6442,1
30,3,source_large_soft,0.3000,1.1000,-10.0000,0.0000,0.3295,0.2236,0.0000,0.3993,1.8169,0.9541,19,0.8824,1
30,4,source_large_soft,0.3000,1.1000,10.0000,0.0000,0.2380,0.2221,0.0000,0.5065,1.2659,0.8100,20,1.8263,1
30,5,source_large_soft,0.3000,1.1000,10.0000,0.0000,0.3295,0.2954,0.0000,0.2642,1.3250,0.8009,18,1.7567,1
30,6,source_large_soft,0.3000,1.1000,28.0000,0.0000,0.2380,0.1925,0.0000,0.5309,0.8742,0.6653,18,1.1939,1
30,7,source_large_soft,0.3000,1.1000,28.0000,0.0000,0.3295,0.2853,0.0000,0.2012,1.3514,1.0830,17,0.9185,3
30,8,source_large_soft,0.3000,1.1000,-10.0000,-0.0180,0.2807,0.1620,1.0000,0.8009,1.3455,0.7037,15,2.6530,1
30,9,source_large_soft,0.3000,1.1000,10.0000,0.0180,0.2807,0.1444,0.0000,0.5743,1.0956,0.6335,17,0.1747,1
31,0,source_heavy_stiff,0.1800,0.8500,-28.0000,0.0000,0.3092,0.2863,0.0000,0.5022,0.9978,0.8342,12,2.2862,0
31,1,source_heavy_stiff,0.1800,0.8500,-28.0000,0.0000,0.4281,0.4886,0.0000,0.0445,1.4738,1.1931,14,2.8143,0
31,2,source_heavy_stiff,0.1800,0.8500,-10.0000,0.0000,0.3092,0.2391,0.0000,0.5653,0.9780,0.6121,9,1.6517,7
31,3,source_heavy_stiff,0.1800,0.8500,-10.0000,0.0000,0.4281,0.4465,0.0000,0.0603,0.6686,0.4229,11,1.7911,4
31,4,source_heavy_stiff,0.1800,0.8500,10.0000,0.0000,0.3092,0.2411,0.0000,0.6567,0.3957,0.2738,12,2.7458,2
31,5,source_heavy_stiff,0.1800,0.8500,10.0000,0.0000,0.4281,0.3664,0.0000,0.2634,0.6329,0.4083,10,1.8030,4
31,6,source_heavy_stiff,0.1800,0.8500,28.0000,0.0000,0.3092,0.3056,0.0000,0.3859,1.0845,0.7161,14,1.5186,3
31,7,source_heavy_stiff,0.1800,0.8500,28.0000,0.0000,0.4281,0.4363,0.0000,0.0414,1.2550,0.7024,10,1.2848,3
31,8,source_heavy_stiff,0.1800,0.8500,-10.0000,-0.0180,0.3647,0.2496,0.0000,0.4066,1.0570,0.8876,13,0.1221,6
31,9,source_heavy_stiff,0.1800,0.8500,10.0000,0.0180,0.3647,0.2716,0.0000,0.6026,1.1682,0.7277,9,2.9699,7
32,0,source_nominal,0.1200,0.6500,-28.0000,0.0000,0.2687,0.2932,0.0000,0.2589,0.4456,0.2854,7,0.8525,0
32,1,source_nominal,0.1200,0.6500,-28.0000,0.0000,0.3721,0.4327,0.0000,-0.0984,0.5110,0.3358,9,1.2619,0
32,2,source_nominal,0.1200,0.6500,-10.0000,0.0000,0.2687,0.2463,0.0000,0.4706,0.5531,0.3996,11,1.5963,7
32,3,source_nominal,0.1200,0.6500,-10.0000,0.0000,0.3721,0.3966,0.0000,0.1115,0.6123,0.4460,11,2.2952,3
32,4,source_nominal,0.1200,0.6500,10.0000,0.0000,0.2687,0.1596,0.0000,0.6327,0.5243,0.3153,11,0.7133,7
32,5,source_nominal,0.1200,0.6500,10.0000,0.0000,0.3721,0.3623,0.0000,0.0971,0.6727,0.3986,11,1.1735,3
32,6,source_nominal,0.1200,0.6500,28.0000,0.0000,0.2687,0.3423,0.0000,0.1795,0.1897,0.1142,10,1.4725,5
32,7,source_nominal,0.1200,0.6500,28.0000,0.0000,0.3721,0.4962,0.0000,-0.1579,0.2666,0.1648,8,2.4887,5
32,8,source_nominal,0.1200,0.6500,-10.0000,-0.0180,0.3169,0.1741,0.0000,0.7051,0.2723,0.1370,12,1.8111,6
32,9,source_nominal,0.1200,0.6500,10.0000,0.0180,0.3169,0.2060,0.0000,0.7475,0.2132,0.0747,10,3.1407,2
33,0,source_small_fast,0.0800,0.2200,-28.0000,0.0000,0.2010,0.1794,0.0000,0.4881,0.0839,0.0602,8,1.1662,2
33,1,source_small_fast,0.0800,0.2200,-28.0000,0.0000,0.2783,0.3017,0.0000,0.0903,0.0916,0.0716,7,1.6881,4
33,2,source_small_fast,0.0800,0.2200,-10.0000,0.0000,0.2010,0.1401,0.0000,0.5730,0.0828,0.0626,5,0.6702,2
33,3,source_small_fast,0.0800,0.2200,-10.0000,0.0000,0.2783,0.2677,0.0000,0.1294,0.0928,0.0651,6,1.0032,4
33,4,source_small_fast,0.0800,0.2200,10.0000,0.0000,0.2010,0.1682,0.0000,0.5533,0.1636,0.1238,7,1.3274,2
33,5,source_small_fast,0.0800,0.2200,10.0000,0.0000,0.2783,0.2905,0.0000,0.1086,0.2108,0.1551,8,1.5029,4
33,6,source_small_fast,0.0800,0.2200,28.0000,0.0000,0.2010,0.1920,0.0000,0.3638,0.0838,0.0315,8,0.6134,5
33,7,source_small_fast,0.0800,0.2200,28.0000,0.0000,0.2783,0.3053,0.0000,-0.0614,0.1088,0.0384,6,0.6739,5
33,8,source_small_fast,0.0800,0.2200,-10.0000,-0.0180,0.2371,0.1867,0.0000,0.3333,0.1642,0.1387,9,0.2162,6
33,9,source_small_fast,0.0800,0.2200,10.0000,0.0180,0.2371,0.2020,0.0000,0.3436,0.1906,0.1269,7,0.7278,2
34,0,source_large_soft,0.3000,1.1000,-28.0000,0.0000,0.2327,0.1901,0.0000,0.4998,0.8914,0.6746,17,0.9544,1
34,1,source_large_soft,0.3000,1.1000,-28.0000,0.0000,0.3222,0.2764,0.0000,0.2362,1.1226,0.8630,16,1.1216,0
34,2,source_large_soft,0.3000,1.1000,-10.0000,0.0000,0.2327,0.2093,0.0000,0.5145,1.1234,0.7310,20,1.6277,1
34,3,source_large_soft,0.3000,1.1000,-10.0000,0.0000,0.3222,0.2882,0.0000,0.2948,1.3696,0.8779,17,1.9579,1
34,4,source_large_soft,0.3000,1.1000,10.0000,0.0000,0.2327,0.1302,0.0000,0.6530,1.6254,0.8475,23,0.5485,1
34,5,source_large_soft,0.3000,1.1000,10.0000,0.0000,0.3222,0.2279,0.0000,0.2847,1.8488,0.9806,21,0.1508,1
34,6,source_large_soft,0.3000,1.1000,28.0000,0.0000,0.2327,0.2003,0.0000,0.4079,1.7755,0.9617,22,0.4629,1
34,7,source_large_soft,0.3000,1.1000,28.0000,0.0000,0.3222,0.3691,0.0000,-0.0806,1.8186,0.8957,21,1.0698,3
34,8,source_large_soft,0.3000,1.1000,-10.0000,-0.0180,0.2745,0.1416,0.0000,0.5840,1.1514,0.5602,23,0.2620,1
34,9,source_large_soft,0.3000,1.1000,10.0000,0.0180,0.2745,0.1849,1.0000,0.7532,1.0539,0.5662,15,2.9396,7
35,0,source_heavy_stiff,0.1800,0.8500,-28.0000,0.0000,0.2573,0.2360,0.0000,0.4355,0.3895,0.1439,14,1.1970,2
35,1,source_heavy_stiff,0.1800,0.8500,-28.0000,0.0000,0.3562,0.4031,0.0000,0.0054,0.8317,0.4499,11,1.8605,0
35,2,source_heavy_stiff,0.1800,0.8500,-10.0000,0.0000,0.2573,0.1654,0.0000,0.6667,0.9563,0.6656,13,1.3577,7
35,3,source_heavy_stiff,0.1800,0.8500,-10.0000,0.0000,0.3562,0.3499,0.0000,0.2010,1.1773,0.7994,12,2.1836,3
35,4,source_heavy_stiff,0.1800,0.8500,10.0000,0.0000,0.2573,0.2194,0.0000,0.5560,0.3572,0.1999,8,1.8587,2
35,5,source_heavy_stiff,0.1800,0.8500,10.0000,0.0000,0.3562,0.3629,0.0000,0.2564,0.9177,0.7699,13,3.0777,3
35,6,source_heavy_stiff,0.1800,0.8500,28.0000,0.0000,0.2573,0.1858,0.0000,0.6507,0.3541,0.2746,12,1.7889,2
35,7,source_heavy_stiff,0.1800,0.8500,28.0000,0.0000,0.3562,0.3854,0.0000,0.1320,0.5224,0.4268,13,2.5476,5
35,8,source_heavy_stiff,0.1800,0.8500,-10.0000,-0.0180,0.3035,0.2405,0.0000,0.5369,0.5810,0.2723,10,2.2535,6
35,9,source_heavy_stiff,0.1800,0.8500,10.0000,0.0180,0.3035,0.2347,0.0000,0.3182,0.3037,0.2234,12,0.0273,2
36,0,source_nominal,0.1200,0.6500,-28.0000,0.0000,0.2424,0.3130,0.0000,0.1975,0.4600,0.3151,11,1.6009,0
36,1,source_nominal,0.1200,0.6500,-28.0000,0.0000,0.3357,0.4450,0.0000,-0.1693,0.5113,0.3734,12,2.0603,0
36,2,source_nominal,0.1200,0.6500,-10.0000,0.0000,0.2424,0.1264,0.0000,0.6703,0.1970,0.0641,11,0.4682,2
36,3,source_nominal,0.1200,0.6500,-10.0000,0.0000,0.3357,0.2226,0.0000,0.3479,0.2826,0.1123,10,0.2990,2
36,4,source_nominal,0.1200,0.6500,10.0000,0.0000,0.2424,0.2171,0.0000,0.4903,0.4118,0.3089,12,1.4592,7
36,5,source_nominal,0.1200,0.6500,10.0000,0.0000,0.3357,0.3514,0.0000,0.1355,0.5554,0.3629,9,2.0930,3
36,6,source_nominal,0.1200,0.6500,28.0000,0.0000,0.2424,0.2173,0.0000,0.3277,0.2224,0.0729,9,0.0218,5
36,7,source_nominal,0.1200,0.6500,28.0000,0.0000,0.3357,0.3519,0.0000,-0.0937,0.2951,0.1259,11,0.0719,5
36,8,source_nominal,0.1200,0.6500,-10.0000,-0.0180,0.2860,0.2180,0.0000,0.6765,0.4980,0.3581,11,3.1156,6
36,9,source_nominal,0.1200,0.6500,10.0000,0.0180,0.2860,0.1682,0.0000,0.6219,0.5771,0.3827,11,1.2067,7
37,0,source_small_fast,0.0800,0.2200,-28.0000,0.0000,0.2943,0.2658,0.0000,0.3970,0.2389,0.1413,7,0.8513,0
37,1,source_small_fast,0.0800,0.2200,-28.0000,0.0000,0.4075,0.4376,0.0000,-0.0293,0.3071,0.1782,7,1.0980,0
37,2,source_small_fast,0.0800,0.2200,-10.0000,0.0000,0.2943,0.1886,0.0000,0.6575,0.0984,0.0720,7,1.4544,2
37,3,source_small_fast,0.0800,0.2200,-10.0000,0.0000,0.4075,0.3893,0.0000,0.1884,0.1350,0.0947,7,2.0653,4
37,4,source_small_fast,0.0800,0.2200,10.0000,0.0000,0.2943,0.1693,0.0000,0.6769,0.0879,0.0767,6,1.1108,2
37,5,source_small_fast,0.0800,0.2200,10.0000,0.0000,0.4075,0.3547,0.0000,0.2347,0.1189,0.1020,6,1.5757,4
37,6,source_small_fast,0.0800,0.2200,28.0000,0.0000,0.2943,0.2623,0.0000,0.4982,0.0978,0.0755,7,1.8403,5
37,7,source_small_fast,0.0800,0.2200,28.0000,0.0000,0.4075,0.4415,0.0000,0.0784,0.1349,0.1024,6,2.3733,5
37,8,source_small_fast,0.0800,0.2200,-10.0000,-0.0180,0.3471,0.2598,0.0000,0.4320,0.2400,0.1807,6,1.0256,6
37,9,source_small_fast,0.0800,0.2200,10.0000,0.0180,0.3471,0.2360,0.0000,0.4061,0.2148,0.1796,8,0.0681,7
38,0,source_large_soft,0.3000,1.1000,-28.0000,0.0000,0.3319,0.4122,0.0000,0.2665,1.2625,0.7884,16,2.5900,0
38,1,source_large_soft,0.3000,1.1000,-28.0000,0.0000,0.4595,0.5122,0.0000,0.0711,1.4573,0.9316,15,2.9972,0
38,2,source_large_soft,0.3000,1.1000,-10.0000,0.0000,0.3319,0.2405,0.0000,0.5889,1.7197,0.7262,19,1.6032,1
38,3,source_large_soft,0.3000,1.1000,-10.0000,0.0000,0.4595,0.3103,0.0000,0.3812,2.5265,1.3954,21,0.9982,1
38,4,source_large_soft,0.3000,1.1000,10.0000,0.0000,0.3319,0.2495,0.0000,0.5756,1.6881,0.7165,18,1.6985,1
38,5,source_large_soft,0.3000,1.1000,10.0000,0.0000,0.4595,0.3213,0.0000,0.3583,2.3339,1.2760,21,1.0348,1
38,6,source_large_soft,0.3000,1.1000,28.0000,0.0000,0.3319,0.4028,0.0000,0.2655,1.2579,0.7856,16,2.3071,3
38,7,source_large_soft,0.3000,1.1000,28.0000,0.0000,0.4595,0.5189,0.0000,0.0352,1.4510,0.9310,15,2.7515,3
38,8,source_large_soft,0.3000,1.1000,-10.0000,-0.0180,0.3915,0.1746,0.0000,0.8231,1.6112,0.8086,18,2.5317,1
38,9,source_large_soft,0.3000,1.1000,10.0000,0.0180,0.3915,0.1969,0.0000,0.8079,1.3164,0.7076,13,2.9868,7
39,0,source_heavy_stiff,0.1800,0.8500,-28.0000,0.0000,0.2310,0.1940,0.0000,0.5810,0.2777,0.2329,10,1.7854,2
39,1,source_heavy_stiff,0.1800,0.8500,-28.0000,0.0000,0.3198,0.3399,0.0000,0.1950,0.3836,0.3105,9,2.6385,4
39,2,source_heavy_stiff,0.1800,0.8500,-10.0000,0.0000,0.2310,0.1659,0.0000,0.4754,0.8244,0.4629,12,0.0916,7
39,3,source_heavy_stiff,0.1800,0.8500,-10.0000,0.0000,0.3198,0.3202,0.0000,-0.0238,1.0027,0.5450,12,0.2257,3
39,4,source_heavy_stiff,0.1800,0.8500,10.0000,0.0000,0.2310,0.1681,0.0000,0.6346,0.3837,0.2372,13,1.5011,2
39,5,source_heavy_stiff,0.1800,0.8500,10.0000,0.0000,0.3198,0.3419,0.0000,0.1396,0.4437,0.2829,12,2.2280,4
39,6,source_heavy_stiff,0.1800,0.8500,28.0000,0.0000,0.2310,0.1975,0.0000,0.3684,0.9747,0.5996,14,0.0885,3
39,7,source_heavy_stiff,0.1800,0.8500,28.0000,0.0000,0.3198,0.3228,0.0000,0.0195,1.0220,0.5721,12,0.6648,3
39,8,source_heavy_stiff,0.1800,0.8500,-10.0000,-0.0180,0.2724,0.1871,0.0000,0.4162,0.7243,0.6264,9,0.1733,6
39,9,source_heavy_stiff,0.1800,0.8500,10.0000,0.0180,0.2724,0.1731,0.0000,0.7113,0.3062,0.1547,10,2.2698,2
40,0,source_nominal,0.1200,0.6500,-28.0000,0.0000,0.3099,0.3356,0.0000,0.2763,0.3686,0.1758,10,1.1197,4
40,1,source_nominal,0.1200,0.6500,-28.0000,0.0000,0.4291,0.5139,0.0000,-0.0604,0.3229,0.1054,10,2.3233,4
40,2,source_nominal,0.1200,0.6500,-10.0000,0.0000,0.3099,0.1792,0.0000,0.7478,0.3655,0.1867,11,2.0017,2
40,3,source_nominal,0.1200,0.6500,-10.0000,0.0000,0.4291,0.3740,0.0000,0.2406,0.5749,0.3544,9,1.7425,4
40,4,source_nominal,0.1200,0.6500,10.0000,0.0000,0.3099,0.2203,0.0000,0.5432,0.1979,0.0970,9,0.8533,2
40,5,source_nominal,0.1200,0.6500,10.0000,0.0000,0.4291,0.3837,0.0000,0.1831,0.5697,0.4326,9,1.3687,3
40,6,source_nominal,0.1200,0.6500,28.0000,0.0000,0.3099,0.2575,0.0000,0.4957,0.3648,0.3350,11,1.3780,7
40,7,source_nominal,0.1200,0.6500,28.0000,0.0000,0.4291,0.4537,0.0000,0.1300,0.4597,0.4204,9,2.7661,3
40,8,source_nominal,0.1200,0.6500,-10.0000,-0.0180,0.3655,0.2193,0.0000,0.7399,0.2070,0.1171,8,3.0255,6
40,9,source_nominal,0.1200,0.6500,10.0000,0.0180,0.3655,0.2161,0.0000,0.5072,0.6346,0.4346,12,0.2939,7
41,0,source_small_fast,0.0800,0.2200,-28.0000,0.0000,0.2969,0.2695,0.0000,0.4005,0.2411,0.1439,7,0.9341,0
41,1,source_small_fast,0.0800,0.2200,-28.0000,0.0000,0.4111,0.4438,0.0000,-0.0276,0.3098,0.1815,7,1.1955,0
41,2,source_small_fast,0.0800,0.2200,-10.0000,0.0000,0.2969,0.1994,0.0000,0.6364,0.1000,0.0744,6,1.4973,2
41,3,source_small_fast,0.0800,0.2200,-10.0000,0.0000,0.4111,0.3858,0.0000,0.1780,0.0783,0.0504,5,1.7739,4
41,4,source_small_fast,0.0800,0.2200,10.0000,0.0000,0.2969,0.1690,0.0000,0.7023,0.0872,0.0808,5,1.3444,2
41,5,source_small_fast,0.0800,0.2200,10.0000,0.0000,0.4111,0.3478,0.0000,0.2808,0.1180,0.1085,5,1.8045,4
41,6,source_small_fast,0.0800,0.2200,28.0000,0.0000,0.2969,0.2642,0.0000,0.4997,0.0993,0.0759,7,1.8619,5
41,7,source_small_fast,0.0800,0.2200,28.0000,0.0000,0.4111,0.4529,0.0000,0.0810,0.1335,0.0999,5,2.6357,5
41,8,source_small_fast,0.0800,0.2200,-10.0000,-0.0180,0.3502,0.2401,0.0000,0.4509,0.2299,0.1870,7,0.6136,6
41,9,source_small_fast,0.0800,0.2200,10.0000,0.0180,0.3502,0.2399,0.0000,0.4060,0.2170,0.1823,8,0.1189,7
42,0,source_large_soft,0.3000,1.1000,-28.0000,0.0000,0.2819,0.2236,0.0000,0.5765,1.0857,0.6971,24,1.7751,1
42,1,source_large_soft,0.3000,1.1000,-28.0000,0.0000,0.3903,0.3062,0.0000,0.3412,1.0139,0.5946,18,1.6425,0
42,2,source_large_soft,0.3000,1.1000,-10.0000,0.0000,0.2819,0.1284,0.0000,0.7668,0.5864,0.2815,14,1.0188,2
42,3,source_large_soft,0.3000,1.1000,-10.0000,0.0000,0.3903,0.2899,0.0000,0.4126,1.1285,0.7597,16,1.9135,1
42,4,source_large_soft,0.3000,1.1000,10.0000,0.0000,0.2819,0.1219,1.0000,0.8335,1.6151,0.9701,19,1.5219,1
42,5,source_large_soft,0.3000,1.1000,10.0000,0.0000,0.3903,0.2608,0.0000,0.4857,0.8712,0.4264,13,1.8370,7
42,6,source_large_soft,0.3000,1.1000,28.0000,0.0000,0.2819,0.1960,0.0000,0.4852,1.8617,1.1069,23,0.0424,1
42,7,source_large_soft,0.3000,1.1000,28.0000,0.0000,0.3903,0.3035,0.0000,0.2019,2.4297,1.4980,23,0.1285,3
42,8,source_large_soft,0.3000,1.1000,-10.0000,-0.0180,0.3324,0.1311,0.0000,0.6667,1.2508,0.9274,18,0.0326,1
42,9,source_large_soft,0.3000,1.1000,10.0000,0.0180,0.3324,0.1591,1.0000,0.8756,1.3645,0.6712,14,2.9905,1
43,0,source_heavy_stiff,0.1800,0.8500,-28.0000,0.0000,0.2557,0.2424,0.0000,0.2848,0.3755,0.1101,14,0.0007,2
43,1,source_heavy_stiff,0.1800,0.8500,-28.0000,0.0000,0.3540,0.3179,0.0000,0.0603,0.4941,0.1455,11,0.0011,4
43,2,source_heavy_stiff,0.1800,0.8500,-10.0000,0.0000,0.2557,0.2234,0.0000,0.6578,0.3279,0.1782,11,2.9532,2
43,3,source_heavy_stiff,0.1800,0.8500,-10.0000,0.0000,0.3540,0.3732,0.0000,0.1271,0.4511,0.2689,12,2.2048,4
43,4,source_heavy_stiff,0.1800,0.8500,10.0000,0.0000,0.2557,0.2101,0.0000,0.4249,0.4517,0.1684,10,0.3910,2
43,5,source_heavy_stiff,0.1800,0.8500,10.0000,0.0000,0.3540,0.4431,0.0000,-0.1628,0.6581,0.4646,10,1.4868,3
43,6,source_heavy_stiff,0.1800,0.8500,28.0000,0.0000,0.2557,0.2009,0.0000,0.5601,0.3405,0.2865,11,1.3937,5
43,7,source_heavy_stiff,0.1800,0.8500,28.0000,0.0000,0.3540,0.3407,0.0000,0.2007,0.4401,0.3540,11,1.9660,5
43,8,source_heavy_stiff,0.1800,0.8500,-10.0000,-0.0180,0.3016,0.2014,0.0000,0.7241,0.3219,0.1773,10,2.9185,6
43,9,source_heavy_stiff,0.1800,0.8500,10.0000,0.0180,0.3016,0.2445,0.0000,0.3971,0.4254,0.3360,9,1.0873,2
44,0,source_nominal,0.1200,0.6500,-28.0000,0.0000,0.3237,0.3871,0.0000,0.2200,0.5306,0.3730,11,1.5481,0
44,1,source_nominal,0.1200,0.6500,-28.0000,0.0000,0.4483,0.5749,0.0000,-0.1395,0.5670,0.3712,11,2.5792,0
44,2,source_nominal,0.1200,0.6500,-10.0000,0.0000,0.3237,0.1128,0.0000,0.7644,0.2461,0.0756,9,0.1661,2
44,3,source_nominal,0.1200,0.6500,-10.0000,0.0000,0.4483,0.2947,0.0000,0.3422,0.3264,0.1004,9,0.2847,4
44,4,source_nominal,0.1200,0.6500,10.0000,0.0000,0.3237,0.2991,0.0000,0.4945,0.5147,0.3632,11,2.2895,7
44,5,source_nominal,0.1200,0.6500,10.0000,0.0000,0.4483,0.4620,0.0000,0.1520,0.6716,0.4339,10,2.8088,3
44,6,source_nominal,0.1200,0.6500,28.0000,0.0000,0.3237,0.2846,0.0000,0.3455,0.2787,0.0866,9,0.1060,5
44,7,source_nominal,0.1200,0.6500,28.0000,0.0000,0.4483,0.5287,0.0000,-0.1774,0.3583,0.1458,10,0.8104,5
44,8,source_nominal,0.1200,0.6500,-10.0000,-0.0180,0.3819,0.2046,0.0000,0.7390,0.5931,0.4310,10,2.4559,6
44,9,source_nominal,0.1200,0.6500,10.0000,0.0180,0.3819,0.1998,0.0000,0.6594,0.5843,0.3490,9,1.3724,7
45,0,source_small_fast,0.0800,0.2200,-28.0000,0.0000,0.2937,0.3410,0.0000,0.2175,0.0992,0.0737,6,1.0809,4
45,1,source_small_fast,0.0800,0.2200,-28.0000,0.0000,0.4066,0.5108,0.0000,-0.1706,0.1297,0.0997,6,1.6947,4
45,2,source_small_fast,0.0800,0.2200,-10.0000,0.0000,0.2937,0.2374,0.0000,0.5137,0.2392,0.1537,9,1.3088,2
45,3,source_small_fast,0.0800,0.2200,-10.0000,0.0000,0.4066,0.4187,0.0000,0.0709,0.2919,0.1798,7,1.6608,4
45,4,source_small_fast,0.0800,0.2200,10.0000,0.0000,0.2937,0.2045,0.0000,0.5545,0.2385,0.1403,7,0.8079,2
45,5,source_small_fast,0.0800,0.2200,10.0000,0.0000,0.4066,0.3889,0.0000,0.0912,0.3066,0.1770,7,1.0280,4
45,6,source_small_fast,0.0800,0.2200,28.0000,0.0000,0.2937,0.3595,0.0000,0.1872,0.1011,0.0677,6,1.2851,5
45,7,source_small_fast,0.0800,0.2200,28.0000,0.0000,0.4066,0.5283,0.0000,-0.1748,0.1694,0.1287,6,2.1476,5
45,8,source_small_fast,0.0800,0.2200,-10.0000,-0.0180,0.3464,0.2735,0.0000,0.5709,0.2662,0.1565,9,2.9263,6
45,9,source_small_fast,0.0800,0.2200,10.0000,0.0180,0.3464,0.2595,0.0000,0.5904,0.1556,0.1307,9,2.7356,2
46,0,source_large_soft,0.3000,1.1000,-28.0000,0.0000,0.2342,0.2016,0.0000,0.4208,1.9036,1.1173,20,0.5773,1
46,1,source_large_soft,0.3000,1.1000,-28.0000,0.0000,0.3243,0.2698,0.0000,0.1809,1.5643,0.6897,20,0.4149,1
46,2,source_large_soft,0.3000,1.1000,-10.0000,0.0000,0.2342,0.1417,1.0000,0.7525,1.1439,0.6187,17,1.7114,1
46,3,source_large_soft,0.3000,1.1000,-10.0000,0.0000,0.3243,0.2633,0.0000,0.4330,1.4231,0.9611,18,2.3918,1
46,4,source_large_soft,0.3000,1.1000,10.0000,0.0000,0.2342,0.1043,1.0000,0.7583,1.0572,0.8121,17,0.6916,1
46,5,source_large_soft,0.3000,1.1000,10.0000,0.0000,0.3243,0.2203,0.0000,0.4331,1.1385,0.8706,16,1.1645,1
46,6,source_large_soft,0.3000,1.1000,28.0000,0.0000,0.2342,0.1870,0.0000,0.5430,1.0641,0.6859,19,1.2065,1
46,7,source_large_soft,0.3000,1.1000,28.0000,0.0000,0.3243,0.2630,0.0000,0.4192,1.3121,0.8659,18,2.2644,3
46,8,source_large_soft,0.3000,1.1000,-10.0000,-0.0180,0.2762,0.1399,1.0000,0.7738,0.8252,0.3736,13,1.8165,6
46,9,source_large_soft,0.3000,1.1000,10.0000,0.0180,0.2762,0.1199,0.0000,0.6512,1.2503,0.8181,18,0.1944,1
47,0,source_heavy_stiff,0.1800,0.8500,-28.0000,0.0000,0.2748,0.2631,0.0000,0.5816,0.4000,0.3247,13,3.0678,2
47,1,source_heavy_stiff,0.1800,0.8500,-28.0000,0.0000,0.3805,0.3982,0.0000,0.1490,0.4754,0.3874,12,2.5133,0
47,2,source_heavy_stiff,0.1800,0.8500,-10.0000,0.0000,0.2748,0.1376,0.0000,0.7343,0.4284,0.2684,8,1.0187,2
47,3,source_heavy_stiff,0.1800,0.8500,-10.0000,0.0000,0.3805,0.3263,0.0000,0.2665,0.5303,0.3354,9,1.6411,4
47,4,source_heavy_stiff,0.1800,0.8500,10.0000,0.0000,0.2748,0.1837,0.0000,0.6631,1.0213,0.7088,12,1.6200,7
47,5,source_heavy_stiff,0.1800,0.8500,10.0000,0.0000,0.3805,0.3737,0.0000,0.1583,1.2666,0.8547,12,1.9053,3
47,6,source_heavy_stiff,0.1800,0.8500,28.0000,0.0000,0.2748,0.2037,0.0000,0.5606,0.5531,0.2473,11,1.1603,2
47,7,source_heavy_stiff,0.1800,0.8500,28.0000,0.0000,0.3805,0.3849,0.0000,0.1110,0.8514,0.4608,9,1.7524,5
47,8,source_heavy_stiff,0.1800,0.8500,-10.0000,-0.0180,0.3242,0.2236,0.0000,0.3965,0.8867,0.7581,10,0.0489,6
47,9,source_heavy_stiff,0.1800,0.8500,10.0000,0.0180,0.3242,0.2597,0.0000,0.5988,0.9637,0.6629,9,3.1163,7
48,0,source_nominal,0.1200,0.6500,-28.0000,0.0000,0.2454,0.2143,0.0000,0.4274,0.1554,0.0918,6,0.7600,2
48,1,source_nominal,0.1200,0.6500,-28.0000,0.0000,0.3398,0.3297,0.0000,0.0849,0.2425,0.1572,7,0.9217,4
48,2,source_nominal,0.1200,0.6500,-10.0000,0.0000,0.2454,0.2114,0.0000,0.5181,0.1737,0.1280,8,1.4903,2
48,3,source_nominal,0.1200,0.6500,-10.0000,0.0000,0.3398,0.3398,0.0000,0.1641,0.1941,0.1349,8,1.9240,4
48,4,source_nominal,0.1200,0.6500,10.0000,0.0000,0.2454,0.1363,0.0000,0.7262,0.3320,0.1718,10,1.2148,2
48,5,source_nominal,0.1200,0.6500,10.0000,0.0000,0.3398,0.3011,0.0000,0.2682,0.5562,0.2740,10,1.7540,3
48,6,source_nominal,0.1200,0.6500,28.0000,0.0000,0.2454,0.3250,0.0000,0.1718,0.3828,0.2196,12,1.6243,5
48,7,source_nominal,0.1200,0.6500,28.0000,0.0000,0.3398,0.4472,0.0000,-0.1451,0.5785,0.4064,11,2.2111,3
48,8,source_nominal,0.1200,0.6500,-10.0000,-0.0180,0.2894,0.1413,0.0000,0.5839,0.5059,0.3278,9,0.0545,6
48,9,source_nominal,0.1200,0.6500,10.0000,0.0180,0.2894,0.1788,0.0000,0.7417,0.2120,0.1238,9,2.5441,2
49,0,source_small_fast,0.0800,0.2200,-28.0000,0.0000,0.3306,0.2987,0.0000,0.3173,0.2814,0.1591,7,0.0027,0
49,1,source_small_fast,0.0800,0.2200,-28.0000,0.0000,0.4577,0.4768,0.0000,-0.0933,0.3558,0.1952,6,0.0469,0
49,2,source_small_fast,0.0800,0.2200,-10.0000,0.0000,0.3306,0.2169,0.0000,0.6724,0.1319,0.0610,7,1.9668,2
49,3,source_small_fast,0.0800,0.2200,-10.0000,0.0000,0.4577,0.4381,0.0000,0.1973,0.1993,0.1304,6,2.4595,4
49,4,source_small_fast,0.0800,0.2200,10.0000,0.0000,0.3306,0.2485,0.0000,0.4726,0.2658,0.1485,8,0.4494,2
49,5,source_small_fast,0.0800,0.2200,10.0000,0.0000,0.4577,0.4433,0.0000,0.0163,0.3282,0.1730,8,0.4170,4
49,6,source_small_fast,0.0800,0.2200,28.0000,0.0000,0.3306,0.2793,0.0000,0.4790,0.0502,0.0485,5,1.4081,5
49,7,source_small_fast,0.0800,0.2200,28.0000,0.0000,0.4577,0.4663,0.0000,0.0821,0.0739,0.0655,5,1.8706,5
49,8,source_small_fast,0.0800,0.2200,-10.0000,-0.0180,0.3899,0.2756,0.0000,0.5939,0.1522,0.1520,6,2.6590,6
49,9,source_small_fast,0.0800,0.2200,10.0000,0.0180,0.3899,0.2599,0.0000,0.4499,0.2453,0.1908,8,0.4655,7
50,0,source_large_soft,0.3000,1.1000,-28.0000,0.0000,0.3256,0.3547,0.0000,0.2737,1.2319,0.8125,18,1.2039,0
50,1,source_large_soft,0.3000,1.1000,-28.0000,0.0000,0.4508,0.5008,0.0000,0.0665,1.4270,0.9116,15,2.8362,0
50,2,source_large_soft,0.3000,1.1000,-10.0000,0.0000,0.3256,0.1927,0.0000,0.6274,1.9211,1.0182,22,0.7953,1
50,3,source_large_soft,0.3000,1.1000,-10.0000,0.0000,0.4508,0.3614,0.0000,0.2558,2.1940,0.9910,19,1.1121,1
50,4,source_large_soft,0.3000,1.1000,10.0000,0.0000,0.3256,0.2309,0.0000,0.5773,1.5012,0.7022,19,1.2893,1
50,5,source_large_soft,0.3000,1.1000,10.0000,0.0000,0.4508,0.3634,0.0000,0.3834,1.8223,0.8230,18,2.6895,1
50,6,source_large_soft,0.3000,1.1000,28.0000,0.0000,0.3256,0.3820,0.0000,0.2617,1.2100,0.7361,16,1.8414,3
50,7,source_large_soft,0.3000,1.1000,28.0000,0.0000,0.4508,0.5138,0.0000,0.0515,1.5400,1.0601,15,3.0286,3
50,8,source_large_soft,0.3000,1.1000,-10.0000,-0.0180,0.3840,0.1869,0.0000,0.8043,1.5898,0.7918,18,2.7060,1
50,9,source_large_soft,0.3000,1.1000,10.0000,0.0180,0.3840,0.1846,0.0000,0.7972,1.9815,1.1207,17,2.5567,1
51,0,source_heavy_stiff,0.1800,0.8500,-28.0000,0.0000,0.2738,0.1991,0.0000,0.6109,0.7842,0.6982,12,1.5508,7
51,1,source_heavy_stiff,0.1800,0.8500,-28.0000,0.0000,0.3791,0.3775,0.0000,0.1905,0.9917,0.8553,11,2.3708,0
51,2,source_heavy_stiff,0.1800,0.8500,-10.0000,0.0000,0.2738,0.1977,0.0000,0.4678,0.4449,0.1618,11,0.0754,2
51,3,source_heavy_stiff,0.1800,0.8500,-10.0000,0.0000,0.3791,0.3643,0.0000,0.0558,0.5796,0.2086,11,0.6418,4
51,4,source_heavy_stiff,0.1800,0.8500,10.0000,0.0000,0.2738,0.1552,0.0000,0.7048,1.1646,0.8243,9,1.2363,7
51,5,source_heavy_stiff,0.1800,0.8500,10.0000,0.0000,0.3791,0.3773,0.0000,0.1902,1.1923,0.7005,10,2.3616,3
51,6,source_heavy_stiff,0.1800,0.8500,28.0000,0.0000,0.2738,0.2464,0.0000,0.3319,0.5534,0.1958,12,0.1049,5
51,7,source_heavy_stiff,0.1800,0.8500,28.0000,0.0000,0.3791,0.3896,0.0000,-0.0780,0.7972,0.2209,13,0.0234,5
51,8,source_heavy_stiff,0.1800,0.8500,-10.0000,-0.0180,0.3229,0.2512,0.0000,0.3895,0.4097,0.3112,9,0.7909,6
51,9,source_heavy_stiff,0.1800,0.8500,10.0000,0.0180,0.3229,0.2247,0.0000,0.6729,0.8650,0.4883,10,2.8758,7
52,0,source_nominal,0.1200,0.6500,-28.0000,0.0000,0.2599,0.2704,0.0000,0.3375,0.5161,0.3235,10,1.1943,0
52,1,source_nominal,0.1200,0.6500,-28.0000,0.0000,0.3598,0.4237,0.0000,-0.1008,0.6834,0.4274,12,1.3446,0
52,2,source_nominal,0.1200,0.6500,-10.0000,0.0000,0.2599,0.1644,0.0000,0.7032,0.4474,0.3178,12,1.6466,7
52,3,source_nominal,0.1200,0.6500,-10.0000,0.0000,0.3598,0.3492,0.0000,0.2355,0.5725,0.4065,12,2.4161,3
52,4,source_nominal,0.1200,0.6500,10.0000,0.0000,0.2599,0.1782,0.0000,0.5599,0.3584,0.2047,9,0.6750,7
52,5,source_nominal,0.1200,0.6500,10.0000,0.0000,0.3598,0.3268,0.0000,0.1552,0.2424,0.1267,9,1.0127,4
52,6,source_nominal,0.1200,0.6500,28.0000,0.0000,0.2599,0.1958,0.0000,0.5611,0.1698,0.1483,8,1.1884,5
52,7,source_nominal,0.1200,0.6500,28.0000,0.0000,0.3598,0.3510,0.0000,0.1312,0.2288,0.1954,10,1.4742,5
52,8,source_nominal,0.1200,0.6500,-10.0000,-0.0180,0.3065,0.1756,0.0000,0.7567,0.4581,0.3671,8,2.4480,6
52,9,source_nominal,0.1200,0.6500,10.0000,0.0180,0.3065,0.2033,0.0000,0.4482,0.2599,0.1623,11,0.3040,2
53,0,source_small_fast,0.0800,0.2200,-28.0000,0.0000,0.2556,0.2293,0.0000,0.4404,0.1160,0.0474,7,1.0905,2
53,1,source_small_fast,0.0800,0.2200,-28.0000,0.0000,0.3539,0.3904,0.0000,-0.0074,0.1622,0.0697,9,1.4460,4
53,2,source_small_fast,0.0800,0.2200,-10.0000,0.0000,0.2556,0.1756,0.0000,0.5998,0.1806,0.1394,6,1.0478,2
53,3,source_small_fast,0.0800,0.2200,-10.0000,0.0000,0.3539,0.3415,0.0000,0.1303,0.2270,0.1739,6,1.3370,4
53,4,source_small_fast,0.0800,0.2200,10.0000,0.0000,0.2556,0.1474,0.0000,0.7122,0.1409,0.1220,6,1.2966,2
53,5,source_small_fast,0.0800,0.2200,10.0000,0.0000,0.3539,0.3062,0.0000,0.2650,0.1823,0.1585,6,1.5907,4
53,6,source_small_fast,0.0800,0.2200,28.0000,0.0000,0.2556,0.2290,0.0000,0.5277,0.1831,0.1333,7,1.9001,5
53,7,source_small_fast,0.0800,0.2200,28.0000,0.0000,0.3539,0.3955,0.0000,0.0910,0.2463,0.1784,7,2.5138,5
53,8,source_small_fast,0.0800,0.2200,-10.0000,-0.0180,0.3014,0.1584,0.0000,0.5635,0.0816,0.0700,4,0.1921,6
53,9,source_small_fast,0.0800,0.2200,10.0000,0.0180,0.3014,0.2208,0.0000,0.3590,0.1330,0.0803,6,0.0586,2
54,0,source_large_soft,0.3000,1.1000,-28.0000,0.0000,0.2999,0.2098,0.0000,0.5382,1.9064,1.0916,22,0.6688,1
54,1,source_large_soft,0.3000,1.1000,-28.0000,0.0000,0.4153,0.2922,0.0000,0.2936,2.5491,1.3667,20,0.2705,1
54,2,source_large_soft,0.3000,1.1000,-10.0000,0.0000,0.2999,0.1475,1.0000,0.8134,0.8623,0.4670,18,1.9110,1
54,3,source_large_soft,0.3000,1.1000,-10.0000,0.0000,0.4153,0.3341,0.0000,0.4380,1.1517,0.5581,15,3.0546,1
54,4,source_large_soft,0.3000,1.1000,10.0000,0.0000,0.2999,0.1110,0.0000,0.7966,1.2767,0.7896,17,0.6854,1
54,5,source_large_soft,0.3000,1.1000,10.0000,0.0000,0.4153,0.2684,0.0000,0.4990,1.5899,1.0188,16,1.8467,1
54,6,source_large_soft,0.3000,1.1000,28.0000,0.0000,0.2999,0.2151,0.0000,0.5894,1.4876,1.0396,24,1.3817,1
54,7,source_large_soft,0.3000,1.1000,28.0000,0.0000,0.4153,0.3725,0.0000,0.2638,2.1898,1.5642,23,2.2382,3
54,8,source_large_soft,0.3000,1.1000,-10.0000,-0.0180,0.3537,0.1492,1.0000,0.8599,1.4304,0.6034,14,2.4406,1
54,9,source_large_soft,0.3000,1.1000,10.0000,0.0180,0.3537,0.1479,0.0000,0.6488,1.1447,0.8759,20,0.0835,1
55,0,source_heavy_stiff,0.1800,0.8500,-28.0000,0.0000,0.2930,0.3154,0.0000,0.2406,0.5500,0.2299,11,0.6131,4
55,1,source_heavy_stiff,0.1800,0.8500,-28.0000,0.0000,0.4057,0.4750,0.0000,-0.2283,0.7057,0.2993,11,0.0778,4
55,2,source_heavy_stiff,0.1800,0.8500,-10.0000,0.0000,0.2930,0.3111,0.0000,0.3943,0.4647,0.3080,12,2.1395,2
55,3,source_heavy_stiff,0.1800,0.8500,-10.0000,0.0000,0.4057,0.4525,0.0000,0.0573,1.1954,0.7925,11,2.4977,3
55,4,source_heavy_stiff,0.1800,0.8500,10.0000,0.0000,0.2930,0.1644,0.0000,0.6544,1.0185,0.6586,14,0.7416,7
55,5,source_heavy_stiff,0.1800,0.8500,10.0000,0.0000,0.4057,0.3257,0.0000,0.2156,1.4113,0.9946,10,0.5752,3
55,6,source_heavy_stiff,0.1800,0.8500,28.0000,0.0000,0.2930,0.3814,0.0000,0.1419,0.9940,0.6231,13,1.4412,3
55,7,source_heavy_stiff,0.1800,0.8500,28.0000,0.0000,0.4057,0.5679,0.0000,-0.2803,1.2021,0.7405,14,2.1732,3
55,8,source_heavy_stiff,0.1800,0.8500,-10.0000,-0.0180,0.3456,0.2410,0.0000,0.4147,0.7286,0.5198,13,0.3250,6
55,9,source_heavy_stiff,0.1800,0.8500,10.0000,0.0180,0.3456,0.1989,0.0000,0.6468,0.3908,0.1658,11,1.6148,2
56,0,source_nominal,0.1200,0.6500,-28.0000,0.0000,0.2342,0.2925,0.0000,0.1996,0.4155,0.2653,12,1.2800,0
56,1,source_nominal,0.1200,0.6500,-28.0000,0.0000,0.3242,0.4256,0.0000,-0.1751,0.5363,0.3835,11,1.8180,0
56,2,source_nominal,0.1200,0.6500,-10.0000,0.0000,0.2342,0.1084,0.0000,0.6712,0.2529,0.1133,11,0.0655,2
56,3,source_nominal,0.1200,0.6500,-10.0000,0.0000,0.3242,0.2148,0.0000,0.3206,0.2945,0.1220,10,0.0470,2
56,4,source_nominal,0.1200,0.6500,10.0000,0.0000,0.2342,0.1884,0.0000,0.5001,0.3704,0.2685,11,0.8831,7
56,5,source_nominal,0.1200,0.6500,10.0000,0.0000,0.3242,0.3443,0.0000,0.0898,0.5221,0.3652,11,1.7680,3
56,6,source_nominal,0.1200,0.6500,28.0000,0.0000,0.2342,0.2391,0.0000,0.2734,0.2409,0.0861,10,0.3874,5
56,7,source_nominal,0.1200,0.6500,28.0000,0.0000,0.3242,0.3425,0.0000,-0.0807,0.2806,0.0811,9,0.2548,5
56,8,source_nominal,0.1200,0.6500,-10.0000,-0.0180,0.2762,0.2242,0.0000,0.6426,0.4697,0.3382,11,3.1055,6
56,9,source_nominal,0.1200,0.6500,10.0000,0.0180,0.2762,0.1569,0.0000,0.6326,0.5486,0.3629,11,1.0958,7
57,0,source_small_fast,0.0800,0.2200,-28.0000,0.0000,0.2037,0.1912,0.0000,0.3590,0.0854,0.0315,8,0.4871,2
57,1,source_small_fast,0.0800,0.2200,-28.0000,0.0000,0.2821,0.3050,0.0000,-0.0651,0.1173,0.0439,6,0.5301,4
57,2,source_small_fast,0.0800,0.2200,-10.0000,0.0000,0.2037,0.1576,0.0000,0.5791,0.1602,0.1185,7,1.1690,2
57,3,source_small_fast,0.0800,0.2200,-10.0000,0.0000,0.2821,0.3023,0.0000,0.1081,0.2125,0.1549,6,1.7455,4
57,4,source_small_fast,0.0800,0.2200,10.0000,0.0000,0.2037,0.1487,0.0000,0.5351,0.0894,0.0652,6,0.5883,2
57,5,source_small_fast,0.0800,0.2200,10.0000,0.0000,0.2821,0.2670,0.0000,0.1223,0.1019,0.0734,5,0.8413,4
57,6,source_small_fast,0.0800,0.2200,28.0000,0.0000,0.2037,0.1792,0.0000,0.4909,0.0767,0.0618,8,1.1303,5
57,7,source_small_fast,0.0800,0.2200,28.0000,0.0000,0.2821,0.3087,0.0000,0.0805,0.0906,0.0714,6,1.7228,5
57,8,source_small_fast,0.0800,0.2200,-10.0000,-0.0180,0.2403,0.2129,0.0000,0.3437,0.2004,0.1307,8,0.9729,6
57,9,source_small_fast,0.0800,0.2200,10.0000,0.0180,0.2403,0.1801,0.0000,0.3445,0.1625,0.1354,8,0.0418,2
58,0,source_large_soft,0.3000,1.1000,-28.0000,0.0000,0.3076,0.2074,0.0000,0.5218,1.7963,0.9807,22,0.2811,1
58,1,source_large_soft,0.3000,1.1000,-28.0000,0.0000,0.4259,0.3339,0.0000,0.2073,2.4324,0.9987,18,0.2847,1
58,2,source_large_soft,0.3000,1.1000,-10.0000,0.0000,0.3076,0.1352,1.0000,0.8283,1.1383,0.5533,18,1.6721,1
58,3,source_large_soft,0.3000,1.1000,-10.0000,0.0000,0.4259,0.3095,0.0000,0.4663,1.6173,0.7725,17,2.5048,1
58,4,source_large_soft,0.3000,1.1000,10.0000,0.0000,0.3076,0.1716,0.0000,0.6621,1.6307,0.7421,18,0.8383,1
58,5,source_large_soft,0.3000,1.1000,10.0000,0.0000,0.4259,0.2932,0.0000,0.2980,1.5459,0.6652,18,0.1421,1
58,6,source_large_soft,0.3000,1.1000,28.0000,0.0000,0.3076,0.2289,0.0000,0.5900,1.1034,0.8190,15,1.6644,3
58,7,source_large_soft,0.3000,1.1000,28.0000,0.0000,0.4259,0.3697,0.0000,0.2931,1.6806,1.2121,18,2.2749,3
58,8,source_large_soft,0.3000,1.1000,-10.0000,-0.0180,0.3628,0.2102,0.0000,0.7623,1.1472,0.6223,11,3.0384,6
58,9,source_large_soft,0.3000,1.1000,10.0000,0.0180,0.3628,0.1959,0.0000,0.5564,1.6508,1.0113,15,0.3103,1
59,0,source_heavy_stiff,0.1800,0.8500,-28.0000,0.0000,0.2804,0.4093,0.0000,0.0819,0.8992,0.6348,11,2.0240,0
59,1,source_heavy_stiff,0.1800,0.8500,-28.0000,0.0000,0.3883,0.5142,0.0000,-0.2022,1.2576,0.8356,12,2.0406,0
59,2,source_heavy_stiff,0.1800,0.8500,-10.0000,0.0000,0.2804,0.2042,0.0000,0.5408,1.0489,0.5238,13,0.8769,1
59,3,source_heavy_stiff,0.1800,0.8500,-10.0000,0.0000,0.3883,0.3392,0.0000,0.1777,0.9730,0.6402,11,0.9436,0
59,4,source_heavy_stiff,0.1800,0.8500,10.0000,0.0000,0.2804,0.2389,0.0000,0.4366,0.8445,0.5299,11,0.7994,7
59,5,source_heavy_stiff,0.1800,0.8500,10.0000,0.0000,0.3883,0.4362,0.0000,0.0066,1.3060,0.7900,12,1.9558,3
59,6,source_heavy_stiff,0.1800,0.8500,28.0000,0.0000,0.2804,0.3556,0.0000,0.1503,0.4159,0.1936,12,1.1913,5
59,7,source_heavy_stiff,0.1800,0.8500,28.0000,0.0000,0.3883,0.4945,0.0000,-0.2496,0.5496,0.2597,12,0.9900,5
59,8,source_heavy_stiff,0.1800,0.8500,-10.0000,-0.0180,0.3308,0.2259,0.0000,0.6857,1.0808,0.6440,12,2.9568,6
59,9,source_heavy_stiff,0.1800,0.8500,10.0000,0.0180,0.3308,0.2465,0.0000,0.5523,1.0143,0.6026,15,2.1767,7
60,0,source_nominal,0.1200,0.6500,-28.0000,0.0000,0.2129,0.2433,0.0000,0.2372,0.3986,0.2600,7,0.8056,0
60,1,source_nominal,0.1200,0.6500,-28.0000,0.0000,0.2947,0.3210,0.0000,-0.0869,0.5488,0.3725,8,0.4511,0
60,2,source_nominal,0.1200,0.6500,-10.0000,0.0000,0.2129,0.1894,0.0000,0.5099,0.1933,0.1190,12,1.3895,2
60,3,source_nominal,0.1200,0.6500,-10.0000,0.0000,0.2947,0.3037,0.0000,0.1496,0.2819,0.1538,11,1.8000,4
60,4,source_nominal,0.1200,0.6500,10.0000,0.0000,0.2129,0.1389,0.0000,0.6110,0.4729,0.2841,11,0.7360,7
60,5,source_nominal,0.1200,0.6500,10.0000,0.0000,0.2947,0.2617,0.0000,0.2261,0.2366,0.0815,10,1.1977,2
60,6,source_nominal,0.1200,0.6500,28.0000,0.0000,0.2129,0.2733,0.0000,0.1703,0.1608,0.0955,11,1.1388,5
60,7,source_nominal,0.1200,0.6500,28.0000,0.0000,0.2947,0.3650,0.0000,-0.1420,0.2498,0.1584,8,1.2779,5
60,8,source_nominal,0.1200,0.6500,-10.0000,-0.0180,0.2511,0.1625,0.0000,0.6442,0.2888,0.1541,10,1.6471,6
60,9,source_nominal,0.1200,0.6500,10.0000,0.0180,0.2511,0.1667,1.0000,0.7317,0.1777,0.0660,10,2.4490,2
61,0,source_small_fast,0.0800,0.2200,-28.0000,0.0000,0.2976,0.3596,0.0000,0.2174,0.2309,0.1482,7,1.4998,0
61,1,source_small_fast,0.0800,0.2200,-28.0000,0.0000,0.4120,0.5215,0.0000,-0.1757,0.2947,0.1856,6,1.7731,0
61,2,source_small_fast,0.0800,0.2200,-10.0000,0.0000,0.2976,0.1658,0.0000,0.6144,0.2441,0.1387,7,0.2877,2
61,3,source_small_fast,0.0800,0.2200,-10.0000,0.0000,0.4120,0.3646,0.0000,0.1181,0.3231,0.1813,7,0.4944,4
61,4,source_small_fast,0.0800,0.2200,10.0000,0.0000,0.2976,0.2651,0.0000,0.4764,0.1047,0.0719,6,1.6211,2
61,5,source_small_fast,0.0800,0.2200,10.0000,0.0000,0.4120,0.4536,0.0000,0.0608,0.1856,0.1691,7,2.4123,4
61,6,source_small_fast,0.0800,0.2200,28.0000,0.0000,0.2976,0.2988,0.0000,0.2841,0.1217,0.0775,5,0.4877,5
61,7,source_small_fast,0.0800,0.2200,28.0000,0.0000,0.4120,0.4590,0.0000,-0.1047,0.1579,0.1030,5,0.7624,5
61,8,source_small_fast,0.0800,0.2200,-10.0000,-0.0180,0.3510,0.2366,0.0000,0.6089,0.1250,0.0529,6,2.2198,6
61,9,source_small_fast,0.0800,0.2200,10.0000,0.0180,0.3510,0.2442,0.0000,0.5270,0.1428,0.0560,9,1.5463,2
62,0,source_large_soft,0.3000,1.1000,-28.0000,0.0000,0.3242,0.2363,0.0000,0.5176,1.4202,0.9364,15,0.7552,1
62,1,source_large_soft,0.3000,1.1000,-28.0000,0.0000,0.4489,0.4166,0.0000,0.2080,1.6923,1.2225,19,2.1611,0
62,2,source_large_soft,0.3000,1.1000,-10.0000,0.0000,0.3242,0.2573,0.0000,0.5490,1.1400,0.6913,18,1.7283,1
62,3,source_large_soft,0.3000,1.1000,-10.0000,0.0000,0.4489,0.4011,0.0000,0.2994,1.8143,1.2349,18,2.8029,3
62,4,source_large_soft,0.3000,1.1000,10.0000,0.0000,0.3242,0.1427,0.0000,0.7821,1.6944,0.8687,23,1.2226,1
62,5,source_large_soft,0.3000,1.1000,10.0000,0.0000,0.4489,0.3011,0.0000,0.3507,2.3955,1.3655,20,0.5557,1
62,6,source_large_soft,0.3000,1.1000,28.0000,0.0000,0.3242,0.3325,0.0000,0.3276,1.8085,0.9023,19,1.2490,1
62,7,source_large_soft,0.3000,1.1000,28.0000,0.0000,0.4489,0.4530,0.0000,0.0715,2.0960,0.9538,18,1.5774,3
62,8,source_large_soft,0.3000,1.1000,-10.0000,-0.0180,0.3824,0.1439,0.0000,0.7371,1.8118,0.9941,23,0.6900,1
62,9,source_large_soft,0.3000,1.1000,10.0000,0.0180,0.3824,0.2006,0.0000,0.7698,1.5742,0.8037,12,2.6969,7
63,0,source_heavy_stiff,0.1800,0.8500,-28.0000,0.0000,0.2849,0.2979,0.0000,0.2225,0.4409,0.1827,12,0.1554,4
63,1,source_heavy_stiff,0.1800,0.8500,-28.0000,0.0000,0.3945,0.4631,0.0000,-0.2084,0.6804,0.3226,11,0.3169,4
63,2,source_heavy_stiff,0.1800,0.8500,-10.0000,0.0000,0.2849,0.3034,0.0000,0.4122,0.3503,0.2534,12,2.2939,2
63,3,source_heavy_stiff,0.1800,0.8500,-10.0000,0.0000,0.3945,0.4970,0.0000,-0.0528,1.2056,0.8330,13,2.9087,3
63,4,source_heavy_stiff,0.1800,0.8500,10.0000,0.0000,0.2849,0.1471,0.0000,0.6705,1.1902,0.7455,13,0.5210,7
63,5,source_heavy_stiff,0.1800,0.8500,10.0000,0.0000,0.3945,0.3650,0.0000,0.1601,1.6054,0.9516,11,1.3586,3
63,6,source_heavy_stiff,0.1800,0.8500,28.0000,0.0000,0.2849,0.3671,0.0000,0.1844,1.0082,0.6151,13,1.7346,3
63,7,source_heavy_stiff,0.1800,0.8500,28.0000,0.0000,0.3945,0.5449,0.0000,-0.2834,1.2251,0.8031,13,1.8721,3
63,8,source_heavy_stiff,0.1800,0.8500,-10.0000,-0.0180,0.3360,0.1858,0.0000,0.5484,0.9903,0.7692,13,0.3257,6
63,9,source_heavy_stiff,0.1800,0.8500,10.0000,0.0180,0.3360,0.2072,0.0000,0.7097,0.4852,0.2871,8,2.6183,2
64,0,source_nominal,0.1200,0.6500,-28.0000,0.0000,0.2817,0.3524,0.0000,0.2327,0.4366,0.3739,11,1.9127,0
64,1,source_nominal,0.1200,0.6500,-28.0000,0.0000,0.3901,0.4891,0.0000,-0.1472,0.5162,0.3188,9,1.8341,0
64,2,source_nominal,0.1200,0.6500,-10.0000,0.0000,0.2817,0.1540,0.0000,0.7466,0.5735,0.3716,9,1.5474,7
64,3,source_nominal,0.1200,0.6500,-10.0000,0.0000,0.3901,0.3344,0.0000,0.2630,0.6607,0.3918,10,1.6468,3
64,4,source_nominal,0.1200,0.6500,10.0000,0.0000,0.2817,0.2219,0.0000,0.5286,0.3500,0.2565,8,1.2365,7
64,5,source_nominal,0.1200,0.6500,10.0000,0.0000,0.3901,0.3941,0.0000,0.1734,0.2291,0.1529,8,2.4296,4
64,6,source_nominal,0.1200,0.6500,28.0000,0.0000,0.2817,0.2360,0.0000,0.4374,0.3998,0.3126,8,0.6977,7
64,7,source_nominal,0.1200,0.6500,28.0000,0.0000,0.3901,0.3737,0.0000,0.1466,0.4809,0.3843,8,1.5691,3
64,8,source_nominal,0.1200,0.6500,-10.0000,-0.0180,0.3323,0.2282,0.0000,0.6880,0.5214,0.3704,10,3.0323,6
64,9,source_nominal,0.1200,0.6500,10.0000,0.0180,0.3323,0.2040,0.0000,0.4809,0.2837,0.1323,12,0.2032,2
65,0,source_small_fast,0.0800,0.2200,-28.0000,0.0000,0.2442,0.2114,0.0000,0.5171,0.1684,0.1254,7,1.5065,2
65,1,source_small_fast,0.0800,0.2200,-28.0000,0.0000,0.3381,0.3671,0.0000,0.0960,0.2228,0.1643,6,2.1344,0
65,2,source_small_fast,0.0800,0.2200,-10.0000,0.0000,0.2442,0.1454,0.0000,0.7059,0.1492,0.1260,5,1.3102,2
65,3,source_small_fast,0.0800,0.2200,-10.0000,0.0000,0.3381,0.2936,0.0000,0.2934,0.1908,0.1611,5,1.8003,4
65,4,source_small_fast,0.0800,0.2200,10.0000,0.0000,0.2442,0.1746,0.0000,0.6093,0.1777,0.1329,7,1.2800,2
65,5,source_small_fast,0.0800,0.2200,10.0000,0.0000,0.3381,0.3368,0.0000,0.1335,0.2233,0.1653,6,1.6042,4
65,6,source_small_fast,0.0800,0.2200,28.0000,0.0000,0.2442,0.2183,0.0000,0.4219,0.1071,0.0414,7,0.8530,5
65,7,source_small_fast,0.0800,0.2200,28.0000,0.0000,0.3381,0.3672,0.0000,-0.0164,0.1445,0.0548,7,1.1340,5
65,8,source_small_fast,0.0800,0.2200,-10.0000,-0.0180,0.2880,0.2093,0.0000,0.3614,0.1118,0.0756,7,0.0284,6
65,9,source_small_fast,0.0800,0.2200,10.0000,0.0180,0.2880,0.2248,0.0000,0.3927,0.1154,0.0710,7,0.7527,2
66,0,source_large_soft,0.3000,1.1000,-28.0000,0.0000,0.2212,0.2912,0.0000,0.1927,0.8206,0.4445,21,1.5727,0
66,1,source_large_soft,0.3000,1.1000,-28.0000,0.0000,0.3063,0.3644,0.0000,-0.0025,1.1896,0.7059,15,2.0325,0
66,2,source_large_soft,0.3000,1.1000,-10.0000,0.0000,0.2212,0.1568,0.0000,0.5765,1.4471,0.8813,24,0.8424,1
66,3,source_large_soft,0.3000,1.1000,-10.0000,0.0000,0.3063,0.2804,0.0000,0.2245,1.6915,0.8215,18,1.4711,1
66,4,source_large_soft,0.3000,1.1000,10.0000,0.0000,0.2212,0.1065,0.0000,0.6689,1.6400,0.8537,25,0.1528,1
66,5,source_large_soft,0.3000,1.1000,10.0000,0.0000,0.3063,0.2202,0.0000,0.3132,1.6157,0.7723,23,0.4705,1
66,6,source_large_soft,0.3000,1.1000,28.0000,0.0000,0.2212,0.3023,0.0000,0.1868,0.9225,0.4951,18,1.8400,3
66,7,source_large_soft,0.3000,1.1000,28.0000,0.0000,0.3063,0.3732,0.0000,-0.0365,0.9293,0.4995,13,2.0082,3
66,8,source_large_soft,0.3000,1.1000,-10.0000,-0.0180,0.2609,0.1431,1.0000,0.7484,1.6933,0.9375,20,1.8204,1
66,9,source_large_soft,0.3000,1.1000,10.0000,0.0180,0.2609,0.1433,0.0000,0.7312,1.6149,0.9260,19,1.6871,1
67,0,source_heavy_stiff,0.1800,0.8500,-28.0000,0.0000,0.2174,0.1890,0.0000,0.4671,0.8882,0.5400,14,0.9524,0
67,1,source_heavy_stiff,0.1800,0.8500,-28.0000,0.0000,0.3010,0.3050,0.0000,0.0358,1.1436,0.6705,11,0.7857,0
67,2,source_heavy_stiff,0.1800,0.8500,-10.0000,0.0000,0.2174,0.1405,0.0000,0.7020,0.4045,0.2496,12,1.4385,2
67,3,source_heavy_stiff,0.1800,0.8500,-10.0000,0.0000,0.3010,0.3015,0.0000,0.1164,0.5544,0.3317,11,1.3289,4
67,4,source_heavy_stiff,0.1800,0.8500,10.0000,0.0000,0.2174,0.1674,0.0000,0.6545,0.6146,0.4539,7,1.8278,7
67,5,source_heavy_stiff,0.1800,0.8500,10.0000,0.0000,0.3010,0.2675,0.0000,0.2891,0.4086,0.3102,10,1.7319,2
67,6,source_heavy_stiff,0.1800,0.8500,28.0000,0.0000,0.2174,0.1804,0.0000,0.6098,0.7961,0.6169,13,1.8434,7
67,7,source_heavy_stiff,0.1800,0.8500,28.0000,0.0000,0.3010,0.3177,0.0000,0.1781,0.8545,0.6468,10,2.2809,3
67,8,source_heavy_stiff,0.1800,0.8500,-10.0000,-0.0180,0.2564,0.1921,0.0000,0.5473,0.6902,0.5378,8,1.6591,6
67,9,source_heavy_stiff,0.1800,0.8500,10.0000,0.0180,0.2564,0.2038,0.0000,0.3446,0.6517,0.5659,12,0.3769,7
68,0,source_nominal,0.1200,0.6500,-28.0000,0.0000,0.3146,0.3053,0.0000,0.3485,0.2229,0.1258,11,0.9577,4
68,1,source_nominal,0.1200,0.6500,-28.0000,0.0000,0.4356,0.4860,0.0000,0.0911,0.4990,0.4446,8,3.0846,0
68,2,source_nominal,0.1200,0.6500,-10.0000,0.0000,0.3146,0.2286,0.0000,0.5501,0.5250,0.4239,10,1.0876,7
68,3,source_nominal,0.1200,0.6500,-10.0000,0.0000,0.4356,0.4386,0.0000,0.1767,0.6749,0.5092,9,2.7178,3
68,4,source_nominal,0.1200,0.6500,10.0000,0.0000,0.3146,0.1619,0.0000,0.7251,0.3710,0.1775,10,1.2004,2
68,5,source_nominal,0.1200,0.6500,10.0000,0.0000,0.4356,0.4011,0.0000,0.2403,0.3975,0.1917,10,2.3775,4
68,6,source_nominal,0.1200,0.6500,28.0000,0.0000,0.3146,0.3758,0.0000,0.2243,0.3699,0.1885,9,1.5419,5
68,7,source_nominal,0.1200,0.6500,28.0000,0.0000,0.4356,0.5337,0.0000,-0.1560,0.5854,0.3602,9,1.5995,5
68,8,source_nominal,0.1200,0.6500,-10.0000,-0.0180,0.3711,0.1941,0.0000,0.5674,0.5573,0.3493,11,0.2714,6
68,9,source_nominal,0.1200,0.6500,10.0000,0.0180,0.3711,0.2368,0.0000,0.7024,0.5648,0.4074,10,3.0449,7
69,0,source_small_fast,0.0800,0.2200,-28.0000,0.0000,0.2291,0.3097,0.0000,0.1578,0.0857,0.0527,6,1.5732,4
69,1,source_small_fast,0.0800,0.2200,-28.0000,0.0000,0.3172,0.4323,0.0000,-0.2162,0.1270,0.0622,6,1.8892,4
69,2,source_small_fast,0.0800,0.2200,-10.0000,0.0000,0.2291,0.1405,0.0000,0.5586,0.1960,0.1157,8,0.1036,2
69,3,source_small_fast,0.0800,0.2200,-10.0000,0.0000,0.3172,0.2871,0.0000,0.0838,0.2506,0.1447,7,0.2565,4
69,4,source_small_fast,0.0800,0.2200,10.0000,0.0000,0.2291,0.2205,0.0000,0.4501,0.0931,0.0431,7,1.4785,2
69,5,source_small_fast,0.0800,0.2200,10.0000,0.0000,0.3172,0.3530,0.0000,0.0479,0.1126,0.0626,6,1.8390,4
69,6,source_small_fast,0.0800,0.2200,28.0000,0.0000,0.2291,0.2696,0.0000,0.1537,0.2060,0.1251,9,0.3947,5
69,7,source_small_fast,0.0800,0.2200,28.0000,0.0000,0.3172,0.4019,0.0000,-0.2548,0.2486,0.1460,7,0.6969,5
69,8,source_small_fast,0.0800,0.2200,-10.0000,-0.0180,0.2702,0.2422,0.0000,0.5685,0.1039,0.0331,7,3.0697,6
69,9,source_small_fast,0.0800,0.2200,10.0000,0.0180,0.2702,0.2094,0.0000,0.5300,0.1082,0.0368,8,1.8090,2
70,0,source_large_soft,0.3000,1.1000,-28.0000,0.0000,0.2518,0.1795,0.0000,0.5766,1.2763,0.6505,20,0.9977,1
70,1,source_large_soft,0.3000,1.1000,-28.0000,0.0000,0.3486,0.2756,0.0000,0.3719,1.5886,0.7330,19,1.8021,1
70,2,source_large_soft,0.3000,1.1000,-10.0000,0.0000,0.2518,0.1496,1.0000,0.7725,1.4637,0.9065,20,1.9521,1
70,3,source_large_soft,0.3000,1.1000,-10.0000,0.0000,0.3486,0.2759,0.0000,0.4653,1.4993,0.9985,15,2.6708,1
70,4,source_large_soft,0.3000,1.1000,10.0000,0.0000,0.2518,0.1109,1.0000,0.7837,1.4734,1.1148,18,0.9495,1
70,5,source_large_soft,0.3000,1.1000,10.0000,0.0000,0.3486,0.2876,0.0000,0.3919,1.5227,1.1603,19,2.3292,1
70,6,source_large_soft,0.3000,1.1000,28.0000,0.0000,0.2518,0.1765,0.0000,0.6576,1.3023,0.7897,23,1.6587,1
70,7,source_large_soft,0.3000,1.1000,28.0000,0.0000,0.3486,0.2964,0.0000,0.2135,1.8115,1.1902,20,0.9356,3
70,8,source_large_soft,0.3000,1.1000,-10.0000,-0.0180,0.2970,0.1492,0.0000,0.7158,1.1221,0.6804,17,1.3895,1
70,9,source_large_soft,0.3000,1.1000,10.0000,0.0180,0.2970,0.1707,0.0000,0.6447,1.1592,0.4690,18,1.3484,1
71,0,source_heavy_stiff,0.1800,0.8500,-28.0000,0.0000,0.2893,0.2507,0.0000,0.5691,0.8980,0.7180,13,2.3506,0
71,1,source_heavy_stiff,0.1800,0.8500,-28.0000,0.0000,0.4006,0.4568,0.0000,0.0560,0.9714,0.7587,14,2.7388,0
71,2,source_heavy_stiff,0.1800,0.8500,-10.0000,0.0000,0.2893,0.1889,0.0000,0.5431,0.5055,0.2643,11,0.3106,2
71,3,source_heavy_stiff,0.1800,0.8500,-10.0000,0.0000,0.4006,0.4330,0.0000,0.0367,0.7283,0.3154,11,1.8541,4
71,4,source_heavy_stiff,0.1800,0.8500,10.0000,0.0000,0.2893,0.1566,0.0000,0.7260,0.4198,0.2770,10,1.3265,2
71,5,source_heavy_stiff,0.1800,0.8500,10.0000,0.0000,0.4006,0.3825,0.0000,0.2132,1.3114,0.8642,12,2.2803,3
71,6,source_heavy_stiff,0.1800,0.8500,28.0000,0.0000,0.2893,0.2678,0.0000,0.4304,1.2480,0.7104,14,1.3713,3
71,7,source_heavy_stiff,0.1800,0.8500,28.0000,0.0000,0.4006,0.4636,0.0000,-0.0718,1.5659,0.8773,14,1.5778,3
71,8,source_heavy_stiff,0.1800,0.8500,-10.0000,-0.0180,0.3412,0.2673,0.0000,0.3194,0.8953,0.7927,13,0.1505,6
71,9,source_heavy_stiff,0.1800,0.8500,10.0000,0.0180,0.3412,0.2358,0.0000,0.6145,0.9560,0.6215,10,2.3783,7
72,0,source_nominal,0.1200,0.6500,-28.0000,0.0000,0.2170,0.1719,0.0000,0.5639,0.2884,0.1489,11,1.2446,2
72,1,source_nominal,0.1200,0.6500,-28.0000,0.0000,0.3005,0.3237,0.0000,0.1130,0.3189,0.1586,12,1.9477,4
72,2,source_nominal,0.1200,0.6500,-10.0000,0.0000,0.2170,0.1180,1.0000,0.7358,0.3843,0.2979,12,1.0704,7
72,3,source_nominal,0.1200,0.6500,-10.0000,0.0000,0.3005,0.2371,0.0000,0.3044,0.4420,0.3398,9,0.9967,7
72,4,source_nominal,0.1200,0.6500,10.0000,0.0000,0.2170,0.1091,0.0000,0.7300,0.3174,0.2857,10,0.7694,7
72,5,source_nominal,0.1200,0.6500,10.0000,0.0000,0.3005,0.2260,0.0000,0.3893,0.3825,0.3375,10,1.3527,7
72,6,source_nominal,0.1200,0.6500,28.0000,0.0000,0.2170,0.1701,0.0000,0.5501,0.2961,0.2029,11,1.0812,7
72,7,source_nominal,0.1200,0.6500,28.0000,0.0000,0.3005,0.3204,0.0000,0.1433,0.4783,0.3697,12,2.0958,3
72,8,source_nominal,0.1200,0.6500,-10.0000,-0.0180,0.2559,0.1470,0.0000,0.5512,0.1870,0.1438,10,0.4100,6
72,9,source_nominal,0.1200,0.6500,10.0000,0.0180,0.2559,0.1773,0.0000,0.4461,0.2466,0.1232,10,0.4404,2
73,0,source_small_fast,0.0800,0.2200,-28.0000,0.0000,0.2712,0.2386,0.0000,0.4828,0.0922,0.0743,6,1.4485,2
73,1,source_small_fast,0.0800,0.2200,-28.0000,0.0000,0.3755,0.4065,0.0000,0.0485,0.1086,0.0898,7,1.8735,4
73,2,source_small_fast,0.0800,0.2200,-10.0000,0.0000,0.2712,0.1967,0.0000,0.4893,0.1194,0.0709,6,0.3161,2
73,3,source_small_fast,0.0800,0.2200,-10.0000,0.0000,0.3755,0.3593,0.0000,0.0348,0.1368,0.0816,7,0.3880,4
73,4,source_small_fast,0.0800,0.2200,10.0000,0.0000,0.2712,0.1939,0.0000,0.6478,0.2067,0.1481,7,1.8119,2
73,5,source_small_fast,0.0800,0.2200,10.0000,0.0000,0.3755,0.3773,0.0000,0.1665,0.2658,0.1815,7,2.2094,4
73,6,source_small_fast,0.0800,0.2200,28.0000,0.0000,0.2712,0.2446,0.0000,0.3592,0.1085,0.0366,8,0.3913,5
73,7,source_small_fast,0.0800,0.2200,28.0000,0.0000,0.3755,0.3872,0.0000,-0.0485,0.1426,0.0464,6,0.3559,5
73,8,source_small_fast,0.0800,0.2200,-10.0000,-0.0180,0.3199,0.2211,0.0000,0.4001,0.1077,0.0903,6,0.1009,6
73,9,source_small_fast,0.0800,0.2200,10.0000,0.0180,0.3199,0.2546,0.0000,0.4712,0.2206,0.1072,7,1.7637,2
74,0,source_large_soft,0.3000,1.1000,-28.0000,0.0000,0.2533,0.3098,0.0000,0.2399,1.0753,0.5202,18,1.5739,0
74,1,source_large_soft,0.3000,1.1000,-28.0000,0.0000,0.3507,0.4664,0.0000,-0.1152,1.2345,0.6492,20,2.6984,0
74,2,source_large_soft,0.3000,1.1000,-10.0000,0.0000,0.2533,0.1315,0.0000,0.6344,1.5534,0.7554,26,0.1399,1
74,3,source_large_soft,0.3000,1.1000,-10.0000,0.0000,0.3507,0.2530,0.0000,0.3063,1.7128,0.9071,22,0.5103,1
74,4,source_large_soft,0.3000,1.1000,10.0000,0.0000,0.2533,0.2229,0.0000,0.5088,0.9667,0.4291,20,1.5841,1
74,5,source_large_soft,0.3000,1.1000,10.0000,0.0000,0.3507,0.3384,0.0000,0.1566,1.3168,0.5417,18,1.5628,1
74,6,source_large_soft,0.3000,1.1000,28.0000,0.0000,0.2533,0.2641,0.0000,0.2973,0.6717,0.1967,17,0.8022,5
74,7,source_large_soft,0.3000,1.1000,28.0000,0.0000,0.3507,0.3705,0.0000,0.0924,1.0202,0.4150,11,1.8840,3
74,8,source_large_soft,0.3000,1.1000,-10.0000,-0.0180,0.2987,0.1350,1.0000,0.8114,1.5887,0.7483,15,1.8573,1
74,9,source_large_soft,0.3000,1.1000,10.0000,0.0180,0.2987,0.1528,0.0000,0.7057,1.6123,0.8952,21,1.3822,1
75,0,source_heavy_stiff,0.1800,0.8500,-28.0000,0.0000,0.2102,0.2252,0.0000,0.2027,0.6659,0.3844,12,0.0956,0
75,1,source_heavy_stiff,0.1800,0.8500,-28.0000,0.0000,0.2910,0.3672,0.0000,-0.2849,0.4785,0.1234,10,0.3544,4
75,2,source_heavy_stiff,0.1800,0.8500,-10.0000,0.0000,0.2102,0.2278,0.0000,0.3314,0.3907,0.2905,12,1.1616,2
75,3,source_heavy_stiff,0.1800,0.8500,-10.0000,0.0000,0.2910,0.3435,0.0000,-0.0638,0.9306,0.6371,9,1.3779,3
75,4,source_heavy_stiff,0.1800,0.8500,10.0000,0.0000,0.2102,0.1354,0.0000,0.5664,0.8271,0.4890,15,0.3291,7
75,5,source_heavy_stiff,0.1800,0.8500,10.0000,0.0000,0.2910,0.2755,0.0000,0.0377,0.9189,0.5109,15,0.2165,3
75,6,source_heavy_stiff,0.1800,0.8500,28.0000,0.0000,0.2102,0.2847,0.0000,0.1108,0.8385,0.5536,13,1.0900,3
75,7,source_heavy_stiff,0.1800,0.8500,28.0000,0.0000,0.2910,0.3936,0.0000,-0.2310,0.9745,0.6554,13,1.5223,3
75,8,source_heavy_stiff,0.1800,0.8500,-10.0000,-0.0180,0.2479,0.1761,0.0000,0.4440,0.9807,0.6861,14,0.5315,1
75,9,source_heavy_stiff,0.1800,0.8500,10.0000,0.0180,0.2479,0.2233,0.0000,0.5544,0.6658,0.3430,12,2.7295,2
76,0,source_nominal,0.1200,0.6500,-28.0000,0.0000,0.3186,0.2374,0.0000,0.5834,0.4074,0.2423,9,1.6601,2
76,1,source_nominal,0.1200,0.6500,-28.0000,0.0000,0.4412,0.3531,0.0000,0.2211,0.4292,0.2130,8,0.6685,4
76,2,source_nominal,0.1200,0.6500,-10.0000,0.0000,0.3186,0.1323,0.0000,0.7589,0.4738,0.3786,9,0.7045,7
76,3,source_nominal,0.1200,0.6500,-10.0000,0.0000,0.4412,0.3318,0.0000,0.3348,0.6033,0.4710,8,1.3852,7
76,4,source_nominal,0.1200,0.6500,10.0000,0.0000,0.3186,0.1379,0.0000,0.7048,0.3865,0.3625,8,0.2356,7
76,5,source_nominal,0.1200,0.6500,10.0000,0.0000,0.4412,0.3666,0.0000,0.3363,0.5457,0.4515,9,2.3984,3
76,6,source_nominal,0.1200,0.6500,28.0000,0.0000,0.3186,0.2557,0.0000,0.5520,0.4643,0.3597,10,1.8186,7
76,7,source_nominal,0.1200,0.6500,28.0000,0.0000,0.4412,0.3751,0.0000,0.2868,0.2485,0.1626,9,2.0633,5
76,8,source_nominal,0.1200,0.6500,-10.0000,-0.0180,0.3758,0.2221,0.0000,0.5884,0.1870,0.1392,10,1.2485,6
76,9,source_nominal,0.1200,0.6500,10.0000,0.0180,0.3758,0.1919,0.0000,0.5597,0.2489,0.1566,9,0.0525,2
77,0,source_small_fast,0.0800,0.2200,-28.0000,0.0000,0.2207,0.1967,0.0000,0.4695,0.0607,0.0612,5,1.1292,2
77,1,source_small_fast,0.0800,0.2200,-28.0000,0.0000,0.3056,0.3159,0.0000,0.1058,0.0810,0.0810,5,1.5462,4
77,2,source_small_fast,0.0800,0.2200,-10.0000,0.0000,0.2207,0.1911,0.0000,0.4568,0.1509,0.1050,7,0.8660,2
77,3,source_small_fast,0.0800,0.2200,-10.0000,0.0000,0.3056,0.3290,0.0000,0.0221,0.1029,0.0775,6,1.2449,4
77,4,source_small_fast,0.0800,0.2200,10.0000,0.0000,0.2207,0.1539,0.0000,0.6051,0.1926,0.1204,7,1.0020,2
77,5,source_small_fast,0.0800,0.2200,10.0000,0.0000,0.3056,0.3009,0.0000,0.1115,0.2564,0.1555,6,1.1644,4
77,6,source_small_fast,0.0800,0.2200,28.0000,0.0000,0.2207,0.2356,0.0000,0.2618,0.1983,0.1187,8,0.5631,5
77,7,source_small_fast,0.0800,0.2200,28.0000,0.0000,0.3056,0.3599,0.0000,-0.1469,0.2508,0.1468,7,0.7621,5
77,8,source_small_fast,0.0800,0.2200,-10.0000,-0.0180,0.2603,0.1859,0.0000,0.4399,0.0926,0.0505,8,0.5574,6
77,9,source_small_fast,0.0800,0.2200,10.0000,0.0180,0.2603,0.2222,0.0000,0.5369,0.1813,0.1339,6,2.3815,2
78,0,source_large_soft,0.3000,1.1000,-28.0000,0.0000,0.2611,0.1992,0.0000,0.6297,0.9308,0.6820,20,1.9187,1
78,1,source_large_soft,0.3000,1.1000,-28.0000,0.0000,0.3616,0.3127,0.0000,0.3074,1.4024,0.9851,21,2.0214,0
78,2,source_large_soft,0.3000,1.1000,-10.0000,0.0000,0.2611,0.1475,0.0000,0.6468,0.7584,0.2290,16,0.6046,2
78,3,source_large_soft,0.3000,1.1000,-10.0000,0.0000,0.3616,0.2588,0.0000,0.2966,1.3893,0.6690,16,0.3787,1
78,4,source_large_soft,0.3000,1.1000,10.0000,0.0000,0.2611,0.1169,1.0000,0.8237,1.2534,0.5968,19,1.4229,1
78,5,source_large_soft,0.3000,1.1000,10.0000,0.0000,0.3616,0.2252,0.0000,0.5216,1.5088,0.9464,17,1.5694,1
78,6,source_large_soft,0.3000,1.1000,28.0000,0.0000,0.2611,0.2521,0.0000,0.3068,1.2342,0.5273,22,0.3421,1
78,7,source_large_soft,0.3000,1.1000,28.0000,0.0000,0.3616,0.3177,0.0000,0.1011,2.0882,1.2410,18,0.1899,3
78,8,source_large_soft,0.3000,1.1000,-10.0000,-0.0180,0.3080,0.1493,0.0000,0.6014,0.7704,0.5550,18,0.1947,6
78,9,source_large_soft,0.3000,1.1000,10.0000,0.0180,0.3080,0.1605,1.0000,0.8464,0.7111,0.3401,11,2.8602,2
79,0,source_heavy_stiff,0.1800,0.8500,-28.0000,0.0000,0.3178,0.2723,0.0000,0.4567,1.2634,0.7964,10,1.1953,0
79,1,source_heavy_stiff,0.1800,0.8500,-28.0000,0.0000,0.4401,0.4611,0.0000,0.0210,1.5986,1.0046,10,1.4466,0
79,2,source_heavy_stiff,0.1800,0.8500,-10.0000,0.0000,0.3178,0.1949,0.0000,0.6975,0.6057,0.3624,11,1.7856,2
79,3,source_heavy_stiff,0.1800,0.8500,-10.0000,0.0000,0.4401,0.4020,0.0000,0.1876,0.7605,0.6060,10,1.6964,4
79,4,source_heavy_stiff,0.1800,0.8500,10.0000,0.0000,0.3178,0.1788,0.0000,0.7736,0.7670,0.6412,11,2.2123,7
79,5,source_heavy_stiff,0.1800,0.8500,10.0000,0.0000,0.4401,0.3914,0.0000,0.2744,0.6463,0.4764,10,2.4033,4
79,6,source_heavy_stiff,0.1800,0.8500,28.0000,0.0000,0.3178,0.2714,0.0000,0.4878,1.0407,0.8064,12,1.5296,3
79,7,source_heavy_stiff,0.1800,0.8500,28.0000,0.0000,0.4401,0.4856,0.0000,0.0842,1.2100,0.8954,14,2.8798,3
79,8,source_heavy_stiff,0.1800,0.8500,-10.0000,-0.0180,0.3749,0.3012,0.0000,0.5501,0.5583,0.2975,9,3.0735,6
79,9,source_heavy_stiff,0.1800,0.8500,10.0000,0.0180,0.3749,0.2580,0.0000,0.4116,0.5759,0.5446,10,0.2279,7
80,0,source_nominal,0.1200,0.6500,-28.0000,0.0000,0.2962,0.3041,0.0000,0.2740,0.5308,0.3498,8,0.5654,0
80,1,source_nominal,0.1200,0.6500,-28.0000,0.0000,0.4102,0.4078,0.0000,-0.0010,0.6490,0.4305,8,0.4779,0
80,2,source_nominal,0.1200,0.6500,-10.0000,0.0000,0.2962,0.2492,0.0000,0.5475,0.2345,0.1299,11,1.9620,2
80,3,source_nominal,0.1200,0.6500,-10.0000,0.0000,0.4102,0.4314,0.0000,0.1248,0.3526,0.1946,9,2.5153,4
80,4,source_nominal,0.1200,0.6500,10.0000,0.0000,0.2962,0.1653,0.0000,0.6031,0.2302,0.0761,11,0.1676,2
80,5,source_nominal,0.1200,0.6500,10.0000,0.0000,0.4102,0.2851,0.0000,0.2792,0.3415,0.1419,11,0.0132,4
80,6,source_nominal,0.1200,0.6500,28.0000,0.0000,0.2962,0.3740,0.0000,0.1973,0.2197,0.1259,10,1.7283,5
80,7,source_nominal,0.1200,0.6500,28.0000,0.0000,0.4102,0.5198,0.0000,-0.0936,0.2597,0.1357,7,2.6738,5
80,8,source_nominal,0.1200,0.6500,-10.0000,-0.0180,0.3494,0.2305,0.0000,0.6498,0.2631,0.1008,12,2.5079,6
80,9,source_nominal,0.1200,0.6500,10.0000,0.0180,0.3494,0.1937,0.0000,0.7456,0.4613,0.2689,10,2.4951,7
81,0,source_small_fast,0.0800,0.2200,-28.0000,0.0000,0.2998,0.2651,0.0000,0.5255,0.1017,0.0678,6,2.1150,2
81,1,source_small_fast,0.0800,0.2200,-28.0000,0.0000,0.4151,0.4463,0.0000,0.1147,0.1223,0.0798,6,2.7173,4
81,2,source_small_fast,0.0800,0.2200,-10.0000,0.0000,0.2998,0.1545,0.0000,0.7566,0.0824,0.0836,5,1.4949,2
81,3,source_small_fast,0.0800,0.2200,-10.0000,0.0000,0.4151,0.3611,0.0000,0.2597,0.0668,0.0679,5,1.8745,4
81,4,source_small_fast,0.0800,0.2200,10.0000,0.0000,0.2998,0.1896,0.0000,0.6338,0.0979,0.0780,6,1.1500,2
81,5,source_small_fast,0.0800,0.2200,10.0000,0.0000,0.4151,0.3993,0.0000,0.1516,0.1396,0.1022,6,1.7774,4
81,6,source_small_fast,0.0800,0.2200,28.0000,0.0000,0.2998,0.2744,0.0000,0.4240,0.2464,0.1542,8,1.2660,5
81,7,source_small_fast,0.0800,0.2200,28.0000,0.0000,0.4151,0.4559,0.0000,-0.0040,0.3002,0.1829,6,1.6882,5
81,8,source_small_fast,0.0800,0.2200,-10.0000,-0.0180,0.3536,0.2416,0.0000,0.4004,0.2430,0.1852,7,0.0388,6
81,9,source_small_fast,0.0800,0.2200,10.0000,0.0180,0.3536,0.1604,0.0000,0.6537,0.1931,0.1667,4,0.5008,7
82,0,source_large_soft,0.3000,1.1000,-28.0000,0.0000,0.2167,0.1756,0.0000,0.5011,0.7005,0.5483,19,0.8529,1
82,1,source_large_soft,0.3000,1.1000,-28.0000,0.0000,0.3000,0.2734,0.0000,0.2828,0.6689,0.5206,18,1.8666,0
82,2,source_large_soft,0.3000,1.1000,-10.0000,0.0000,0.2167,0.1727,0.0000,0.5714,0.8773,0.4791,18,1.3277,1
82,3,source_large_soft,0.3000,1.1000,-10.0000,0.0000,0.3000,0.2871,0.0000,0.2874,1.0798,0.6164,16,2.2940,1
82,4,source_large_soft,0.3000,1.1000,10.0000,0.0000,0.2167,0.1137,1.0000,0.7378,0.9468,0.3537,21,0.9633,1
82,5,source_large_soft,0.3000,1.1000,10.0000,0.0000,0.3000,0.2358,0.0000,0.3198,1.7538,0.9953,21,1.0860,1
82,6,source_large_soft,0.3000,1.1000,28.0000,0.0000,0.2167,0.1985,0.0000,0.3546,1.3001,0.6269,23,0.3444,1
82,7,source_large_soft,0.3000,1.1000,28.0000,0.0000,0.3000,0.2981,0.0000,0.0124,1.7096,0.8160,20,0.4236,3
82,8,source_large_soft,0.3000,1.1000,-10.0000,-0.0180,0.2556,0.1295,0.0000,0.6004,0.9629,0.6097,18,0.3002,1
82,9,source_large_soft,0.3000,1.1000,10.0000,0.0180,0.2556,0.1668,1.0000,0.7538,0.7311,0.3529,13,2.5855,2
83,0,source_heavy_stiff,0.1800,0.8500,-28.0000,0.0000,0.3043,0.4480,0.0000,0.0902,0.5512,0.3441,12,2.4045,0
83,1,source_heavy_stiff,0.1800,0.8500,-28.0000,0.0000,0.4213,0.5951,0.0000,-0.3213,0.6704,0.4347,12,1.9553,0
83,2,source_heavy_stiff,0.1800,0.8500,-10.0000,0.0000,0.3043,0.1858,0.0000,0.6188,1.1543,0.6793,12,0.8079,7
83,3,source_heavy_stiff,0.1800,0.8500,-10.0000,0.0000,0.4213,0.3423,0.0000,0.2184,1.7288,1.2089,12,0.7488,3
83,4,source_heavy_stiff,0.1800,0.8500,10.0000,0.0000,0.3043,0.2859,0.0000,0.4393,1.2701,0.7824,12,1.6657,7
83,5,source_heavy_stiff,0.1800,0.8500,10.0000,0.0000,0.4213,0.4555,0.0000,-0.0114,1.4849,0.8937,13,1.4217,3
83,6,source_heavy_stiff,0.1800,0.8500,28.0000,0.0000,0.3043,0.3908,0.0000,0.1675,0.4053,0.2721,11,1.6345,5
83,7,source_heavy_stiff,0.1800,0.8500,28.0000,0.0000,0.4213,0.5333,0.0000,-0.1369,0.5169,0.3303,10,2.2462,5
83,8,source_heavy_stiff,0.1800,0.8500,-10.0000,-0.0180,0.3589,0.2297,0.0000,0.6317,0.6775,0.2513,8,2.1728,6
83,9,source_heavy_stiff,0.1800,0.8500,10.0000,0.0180,0.3589,0.2742,0.0000,0.5594,0.4676,0.1571,13,2.6398,2
84,0,source_nominal,0.1200,0.6500,-28.0000,0.0000,0.3180,0.2722,0.0000,0.5222,0.5842,0.4382,11,1.9514,0
84,1,source_nominal,0.1200,0.6500,-28.0000,0.0000,0.4403,0.4606,0.0000,0.0867,0.7656,0.5757,12,2.1931,0
84,2,source_nominal,0.1200,0.6500,-10.0000,0.0000,0.3180,0.1629,0.0000,0.7708,0.3779,0.3454,11,1.7249,7
84,3,source_nominal,0.1200,0.6500,-10.0000,0.0000,0.4403,0.3998,0.0000,0.2727,0.5201,0.4783,11,2.6229,3
84,4,source_nominal,0.1200,0.6500,10.0000,0.0000,0.3180,0.1557,0.0000,0.7563,0.1956,0.1190,9,1.3509,2
84,5,source_nominal,0.1200,0.6500,10.0000,0.0000,0.4403,0.4009,0.0000,0.2833,0.6747,0.5017,8,2.7763,3
84,6,source_nominal,0.1200,0.6500,28.0000,0.0000,0.3180,0.2744,0.0000,0.5090,0.3189,0.1619,9,1.8597,5
84,7,source_nominal,0.1200,0.6500,28.0000,0.0000,0.4403,0.4328,0.0000,0.1178,0.5120,0.3098,9,1.7616,5
84,8,source_nominal,0.1200,0.6500,-10.0000,-0.0180,0.3751,0.2543,0.0000,0.5028,0.2778,0.1094,7,1.1829,6
84,9,source_nominal,0.1200,0.6500,10.0000,0.0180,0.3751,0.1198,0.0000,0.7765,0.1594,0.1365,5,0.5270,2
85,0,source_small_fast,0.0800,0.2200,-28.0000,0.0000,0.2160,0.1977,0.0000,0.4627,0.0772,0.0628,8,1.1993,2
85,1,source_small_fast,0.0800,0.2200,-28.0000,0.0000,0.2990,0.3305,0.0000,0.0571,0.1032,0.0736,5,1.7380,4
85,2,source_small_fast,0.0800,0.2200,-10.0000,0.0000,0.2160,0.1540,0.0000,0.4990,0.1555,0.0838,7,0.2383,2
85,3,source_small_fast,0.0800,0.2200,-10.0000,0.0000,0.2990,0.2887,0.0000,0.1078,0.1090,0.0751,5,0.9425,4
85,4,source_small_fast,0.0800,0.2200,10.0000,0.0000,0.2160,0.1517,0.0000,0.6201,0.0830,0.0524,6,1.1312,2
85,5,source_small_fast,0.0800,0.2200,10.0000,0.0000,0.2990,0.3118,0.0000,0.1346,0.1068,0.0667,6,1.8160,4
85,6,source_small_fast,0.0800,0.2200,28.0000,0.0000,0.2160,0.2035,0.0000,0.3576,0.1862,0.1031,8,0.5344,5
85,7,source_small_fast,0.0800,0.2200,28.0000,0.0000,0.2990,0.3237,0.0000,-0.0647,0.2584,0.1520,7,0.5782,5
85,8,source_small_fast,0.0800,0.2200,-10.0000,-0.0180,0.2547,0.1862,0.0000,0.3629,0.1587,0.1308,7,0.0583,6
85,9,source_small_fast,0.0800,0.2200,10.0000,0.0180,0.2547,0.2272,0.0000,0.3617,0.2068,0.1234,7,1.2224,2
86,0,source_large_soft,0.3000,1.1000,-28.0000,0.0000,0.2382,0.2037,0.0000,0.4376,1.6014,0.7488,22,0.6951,1
86,1,source_large_soft,0.3000,1.1000,-28.0000,0.0000,0.3298,0.2818,0.0000,0.1594,1.7847,0.8651,20,0.4480,1
86,2,source_large_soft,0.3000,1.1000,-10.0000,0.0000,0.2382,0.1219,1.0000,0.8088,0.7771,0.3956,15,1.5965,1
86,3,source_large_soft,0.3000,1.1000,-10.0000,0.0000,0.3298,0.2568,0.0000,0.4713,1.0122,0.5256,15,2.4562,1
86,4,source_large_soft,0.3000,1.1000,10.0000,0.0000,0.2382,0.1087,0.0000,0.6940,1.1204,0.6658,17,0.2186,1
86,5,source_large_soft,0.3000,1.1000,10.0000,0.0000,0.3298,0.2633,0.0000,0.4244,1.5286,1.0112,23,2.2308,1
86,6,source_large_soft,0.3000,1.1000,28.0000,0.0000,0.2382,0.1866,0.0000,0.6486,1.1307,0.8064,21,2.0489,1
86,7,source_large_soft,0.3000,1.1000,28.0000,0.0000,0.3298,0.2811,0.0000,0.2293,1.5631,1.0914,20,1.0369,3
86,8,source_large_soft,0.3000,1.1000,-10.0000,-0.0180,0.2809,0.1348,1.0000,0.8527,0.9318,0.4503,13,2.3261,6
86,9,source_large_soft,0.3000,1.1000,10.0000,0.0180,0.2809,0.1342,0.0000,0.5902,0.8279,0.5510,16,0.0162,7
87,0,source_heavy_stiff,0.1800,0.8500,-28.0000,0.0000,0.2109,0.1524,0.0000,0.5747,0.6338,0.5713,10,0.8704,7
87,1,source_heavy_stiff,0.1800,0.8500,-28.0000,0.0000,0.2919,0.3166,0.0000,0.1452,0.8407,0.7377,13,2.1981,0
87,2,source_heavy_stiff,0.1800,0.8500,-10.0000,0.0000,0.2109,0.1539,0.0000,0.4728,0.6701,0.3821,12,0.1238,7
87,3,source_heavy_stiff,0.1800,0.8500,-10.0000,0.0000,0.2919,0.3173,0.0000,-0.0218,0.5819,0.2099,11,0.9286,4
87,4,source_heavy_stiff,0.1800,0.8500,10.0000,0.0000,0.2109,0.1483,0.0000,0.6813,0.8303,0.5008,9,1.5757,7
87,5,source_heavy_stiff,0.1800,0.8500,10.0000,0.0000,0.2919,0.2727,0.0000,0.2034,0.9150,0.6086,10,1.3935,3
87,6,source_heavy_stiff,0.1800,0.8500,28.0000,0.0000,0.2109,0.1956,0.0000,0.3211,0.8250,0.4869,15,0.1439,3
87,7,source_heavy_stiff,0.1800,0.8500,28.0000,0.0000,0.2919,0.3114,0.0000,-0.1065,1.1205,0.5387,14,0.1061,3
87,8,source_heavy_stiff,0.1800,0.8500,-10.0000,-0.0180,0.2487,0.1766,0.0000,0.4306,0.6874,0.5779,9,0.4251,6
87,9,source_heavy_stiff,0.1800,0.8500,10.0000,0.0180,0.2487,0.1591,0.0000,0.6884,0.8410,0.5500,10,1.9179,7
88,0,source_nominal,0.1200,0.6500,-28.0000,0.0000,0.2211,0.2454,0.0000,0.2780,0.2293,0.1119,12,0.9610,2
88,1,source_nominal,0.1200,0.6500,-28.0000,0.0000,0.3061,0.3372,0.0000,-0.0598,0.3128,0.1350,10,0.7996,4
88,2,source_nominal,0.1200,0.6500,-10.0000,0.0000,0.2211,0.1241,0.0000,0.7328,0.2917,0.1510,11,1.1764,2
88,3,source_nominal,0.1200,0.6500,-10.0000,0.0000,0.3061,0.2910,0.0000,0.2460,0.3242,0.1620,12,1.9567,4
88,4,source_nominal,0.1200,0.6500,10.0000,0.0000,0.2211,0.1425,0.0000,0.5648,0.1658,0.0778,7,0.3439,2
88,5,source_nominal,0.1200,0.6500,10.0000,0.0000,0.3061,0.2970,0.0000,0.1515,0.3599,0.3071,9,1.3620,4
88,6,source_nominal,0.1200,0.6500,28.0000,0.0000,0.2211,0.1767,0.0000,0.4556,0.3225,0.2964,14,0.4356,7
88,7,source_nominal,0.1200,0.6500,28.0000,0.0000,0.3061,0.3013,0.0000,0.1651,0.3585,0.3287,9,1.5947,3
88,8,source_nominal,0.1200,0.6500,-10.0000,-0.0180,0.2607,0.1518,1.0000,0.7389,0.1562,0.0924,7,1.9972,6
88,9,source_nominal,0.1200,0.6500,10.0000,0.0180,0.2607,0.1597,0.0000,0.4742,0.4019,0.2972,13,0.0785,7
89,0,source_small_fast,0.0800,0.2200,-28.0000,0.0000,0.3203,0.2947,0.0000,0.4016,0.2769,0.1661,7,1.1415,0
89,1,source_small_fast,0.0800,0.2200,-28.0000,0.0000,0.4434,0.4861,0.0000,-0.0378,0.3379,0.2019,7,1.3845,0
89,2,source_small_fast,0.0800,0.2200,-10.0000,0.0000,0.3203,0.2123,0.0000,0.6240,0.1107,0.0830,6,1.3949,2
89,3,source_small_fast,0.0800,0.2200,-10.0000,0.0000,0.4434,0.4301,0.0000,0.1564,0.1442,0.1075,6,2.0643,4
89,4,source_small_fast,0.0800,0.2200,10.0000,0.0000,0.3203,0.1902,0.0000,0.7223,0.0869,0.0863,5,1.9196,2
89,5,source_small_fast,0.0800,0.2200,10.0000,0.0000,0.4434,0.3770,0.0000,0.2962,0.1200,0.1188,6,2.1842,4
89,6,source_small_fast,0.0800,0.2200,28.0000,0.0000,0.3203,0.2792,0.0000,0.5245,0.2030,0.1455,7,2.1394,5
89,7,source_small_fast,0.0800,0.2200,28.0000,0.0000,0.4434,0.4767,0.0000,0.1151,0.2751,0.1975,6,2.9104,5
89,8,source_small_fast,0.0800,0.2200,-10.0000,-0.0180,0.3777,0.1723,0.0000,0.6543,0.2047,0.1743,4,0.5755,6
89,9,source_small_fast,0.0800,0.2200,10.0000,0.0180,0.3777,0.2597,0.0000,0.4144,0.1157,0.1018,6,0.2590,2
90,0,source_large_soft,0.3000,1.1000,-28.0000,0.0000,0.2714,0.3035,0.0000,0.2946,0.7088,0.3096,16,1.4214,0
90,1,source_large_soft,0.3000,1.1000,-28.0000,0.0000,0.3758,0.4256,0.0000,0.0071,1.0758,0.5053,18,1.9916,0
90,2,source_large_soft,0.3000,1.1000,-10.0000,0.0000,0.2714,0.1993,0.0000,0.5768,1.3753,0.7076,19,1.2516,1
90,3,source_large_soft,0.3000,1.1000,-10.0000,0.0000,0.3758,0.3490,0.0000,0.2889,1.7604,1.0000,19,2.6047,1
90,4,source_large_soft,0.3000,1.1000,10.0000,0.0000,0.2714,0.1384,0.0000,0.6697,1.9099,1.0248,25,0.4349,1
90,5,source_large_soft,0.3000,1.1000,10.0000,0.0000,0.3758,0.2282,0.0000,0.4054,1.9558,1.1165,23,0.3139,1
90,6,source_large_soft,0.3000,1.1000,28.0000,0.0000,0.2714,0.3503,0.0000,0.1844,1.3224,0.7811,18,1.6637,3
90,7,source_large_soft,0.3000,1.1000,28.0000,0.0000,0.3758,0.4637,0.0000,-0.0321,1.7178,0.9167,19,2.6910,3
90,8,source_large_soft,0.3000,1.1000,-10.0000,-0.0180,0.3201,0.1593,0.0000,0.7470,1.9958,1.0250,20,1.7715,1
90,9,source_large_soft,0.3000,1.1000,10.0000,0.0180,0.3201,0.1904,0.0000,0.7717,1.6349,0.8132,20,2.9061,1
91,0,source_heavy_stiff,0.1800,0.8500,-28.0000,0.0000,0.3242,0.4015,0.0000,0.2128,0.7187,0.3474,13,1.8569,0
91,1,source_heavy_stiff,0.1800,0.8500,-28.0000,0.0000,0.4489,0.6026,0.0000,-0.2644,1.6617,1.0430,14,1.8652,0
91,2,source_heavy_stiff,0.1800,0.8500,-10.0000,0.0000,0.3242,0.1550,0.0000,0.7495,1.1174,0.7918,11,1.1887,7
91,3,source_heavy_stiff,0.1800,0.8500,-10.0000,0.0000,0.4489,0.4120,0.0000,0.2332,1.6322,1.0279,10,2.3282,3
91,4,source_heavy_stiff,0.1800,0.8500,10.0000,0.0000,0.3242,0.2737,0.0000,0.4836,0.8583,0.6314,11,1.4223,7
91,5,source_heavy_stiff,0.1800,0.8500,10.0000,0.0000,0.4489,0.5299,0.0000,0.0008,0.5472,0.3492,10,2.9386,4
91,6,source_heavy_stiff,0.1800,0.8500,28.0000,0.0000,0.3242,0.2976,0.0000,0.4982,0.7825,0.6709,10,2.2793,3
91,7,source_heavy_stiff,0.1800,0.8500,28.0000,0.0000,0.4489,0.4851,0.0000,0.0666,1.0449,0.8049,11,2.4386,3
91,8,source_heavy_stiff,0.1800,0.8500,-10.0000,-0.0180,0.3824,0.2018,0.0000,0.6886,1.0576,0.6978,11,1.7684,6
91,9,source_heavy_stiff,0.1800,0.8500,10.0000,0.0180,0.3824,0.2694,0.0000,0.3779,0.5551,0.2989,12,0.0123,2
92,0,source_nominal,0.1200,0.6500,-28.0000,0.0000,0.2562,0.3270,0.0000,0.1992,0.2034,0.1390,9,1.6030,4
92,1,source_nominal,0.1200,0.6500,-28.0000,0.0000,0.3547,0.4478,0.0000,-0.1288,0.2647,0.1772,8,1.9205,4
92,2,source_nominal,0.1200,0.6500,-10.0000,0.0000,0.2562,0.2372,0.0000,0.4773,0.4523,0.2997,12,1.6493,7
92,3,source_nominal,0.1200,0.6500,-10.0000,0.0000,0.3547,0.3916,0.0000,0.0567,0.6263,0.4245,11,2.0557,3
92,4,source_nominal,0.1200,0.6500,10.0000,0.0000,0.2562,0.2111,0.0000,0.5343,0.4774,0.3123,10,1.4386,7
92,5,source_nominal,0.1200,0.6500,10.0000,0.0000,0.3547,0.3470,0.0000,0.1436,0.5707,0.3437,11,1.5987,3
92,6,source_nominal,0.1200,0.6500,28.0000,0.0000,0.2562,0.3127,0.0000,0.2160,0.1556,0.1099,8,1.3520,5
92,7,source_nominal,0.1200,0.6500,28.0000,0.0000,0.3547,0.4345,0.0000,-0.0987,0.2065,0.1424,8,1.8225,5
92,8,source_nominal,0.1200,0.6500,-10.0000,-0.0180,0.3022,0.2214,0.0000,0.6796,0.4984,0.3070,9,3.0685,6
92,9,source_nominal,0.1200,0.6500,10.0000,0.0180,0.3022,0.2260,0.0000,0.6500,0.5949,0.3996,11,2.9209,7
93,0,source_small_fast,0.0800,0.2200,-28.0000,0.0000,0.2242,0.2332,0.0000,0.2429,0.1740,0.1189,8,0.2406,0
93,1,source_small_fast,0.0800,0.2200,-28.0000,0.0000,0.3105,0.3532,0.0000,-0.1426,0.2112,0.1401,7,0.4547,4
93,2,source_small_fast,0.0800,0.2200,-10.0000,0.0000,0.2242,0.2077,0.0000,0.4515,0.0841,0.0597,6,1.2258,2
93,3,source_small_fast,0.0800,0.2200,-10.0000,0.0000,0.3105,0.3495,0.0000,0.0306,0.1226,0.0815,6,1.7702,4
93,4,source_small_fast,0.0800,0.2200,10.0000,0.0000,0.2242,0.1438,0.0000,0.5772,0.1981,0.1157,7,0.4320,2
93,5,source_small_fast,0.0800,0.2200,10.0000,0.0000,0.3105,0.2879,0.0000,0.0932,0.2628,0.1528,6,0.5241,4
93,6,source_small_fast,0.0800,0.2200,28.0000,0.0000,0.2242,0.2763,0.0000,0.2013,0.2027,0.1327,8,1.1298,5
93,7,source_small_fast,0.0800,0.2200,28.0000,0.0000,0.3105,0.4003,0.0000,-0.1974,0.2508,0.1607,7,1.3499,5
93,8,source_small_fast,0.0800,0.2200,-10.0000,-0.0180,0.2645,0.1908,0.0000,0.4963,0.0991,0.0391,7,1.0878,6
93,9,source_small_fast,0.0800,0.2200,10.0000,0.0180,0.2645,0.2341,0.0000,0.5560,0.0925,0.0464,6,2.8156,2
94,0,source_large_soft,0.3000,1.1000,-28.0000,0.0000,0.2696,0.2166,0.0000,0.5973,1.0371,0.8606,21,1.9766,1
94,1,source_large_soft,0.3000,1.1000,-28.0000,0.0000,0.3732,0.2994,0.0000,0.3166,0.8614,0.6428,18,1.5117,0
94,2,source_large_soft,0.3000,1.1000,-10.0000,0.0000,0.2696,0.2120,0.0000,0.5746,1.1483,0.4992,16,1.6205,1
94,3,source_large_soft,0.3000,1.1000,-10.0000,0.0000,0.3732,0.2992,0.0000,0.3550,1.0391,0.5632,18,1.8855,1
94,4,source_large_soft,0.3000,1.1000,10.0000,0.0000,0.2696,0.1125,1.0000,0.7902,1.4216,0.7996,23,0.9094,1
94,5,source_large_soft,0.3000,1.1000,10.0000,0.0000,0.3732,0.3162,0.0000,0.4229,1.2152,0.4870,17,3.0410,1
94,6,source_large_soft,0.3000,1.1000,28.0000,0.0000,0.2696,0.2794,0.0000,0.2950,1.3887,0.6774,22,0.7872,1
94,7,source_large_soft,0.3000,1.1000,28.0000,0.0000,0.3732,0.4151,0.0000,-0.0108,1.7398,0.9748,22,1.5857,3
94,8,source_large_soft,0.3000,1.1000,-10.0000,-0.0180,0.3179,0.1985,0.0000,0.5318,1.4183,0.8751,19,0.7865,1
94,9,source_large_soft,0.3000,1.1000,10.0000,0.0180,0.3179,0.1844,0.0000,0.7678,0.7976,0.3658,12,2.7129,7
95,0,source_heavy_stiff,0.1800,0.8500,-28.0000,0.0000,0.2646,0.3560,0.0000,0.1241,0.8926,0.5741,13,1.4500,0
95,1,source_heavy_stiff,0.1800,0.8500,-28.0000,0.0000,0.3664,0.4551,0.0000,-0.2431,1.0793,0.7396,12,0.6658,0
95,2,source_heavy_stiff,0.1800,0.8500,-10.0000,0.0000,0.2646,0.1618,0.0000,0.5538,0.3860,0.1141,14,0.0670,2
95,3,source_heavy_stiff,0.1800,0.8500,-10.0000,0.0000,0.3664,0.2667,0.0000,0.2499,0.5095,0.1506,11,0.0607,4
95,4,source_heavy_stiff,0.1800,0.8500,10.0000,0.0000,0.2646,0.2409,0.0000,0.4198,0.9546,0.6235,9,1.0285,7
95,5,source_heavy_stiff,0.1800,0.8500,10.0000,0.0000,0.3664,0.4525,0.0000,-0.0128,1.0652,0.7002,10,2.8228,3
95,6,source_heavy_stiff,0.1800,0.8500,28.0000,0.0000,0.2646,0.2930,0.0000,0.1901,0.3747,0.0938,11,0.2902,5
95,7,source_heavy_stiff,0.1800,0.8500,28.0000,0.0000,0.3664,0.4483,0.0000,-0.2312,0.4897,0.1186,11,0.5854,5
95,8,source_heavy_stiff,0.1800,0.8500,-10.0000,-0.0180,0.3121,0.2334,0.0000,0.5896,0.8930,0.5755,11,2.4327,6
95,9,source_heavy_stiff,0.1800,0.8500,10.0000,0.0180,0.3121,0.2358,0.0000,0.4253,1.0929,0.7446,14,0.9102,7
96,0,source_nominal,0.1200,0.6500,-28.0000,0.0000,0.2857,0.3434,0.0000,0.2177,0.4167,0.3206,9,1.3859,0
96,1,source_nominal,0.1200,0.6500,-28.0000,0.0000,0.3955,0.4526,0.0000,-0.0842,0.5419,0.4097,10,1.2832,0
96,2,source_nominal,0.1200,0.6500,-10.0000,0.0000,0.2857,0.2339,0.0000,0.5656,0.3007,0.1496,12,1.8958,2
96,3,source_nominal,0.1200,0.6500,-10.0000,0.0000,0.3955,0.4039,0.0000,0.1058,0.5378,0.3315,9,1.8800,4
96,4,source_nominal,0.1200,0.6500,10.0000,0.0000,0.2857,0.2410,0.0000,0.5210,0.5552,0.3449,12,1.6327,7
96,5,source_nominal,0.1200,0.6500,10.0000,0.0000,0.3955,0.3837,0.0000,0.1571,0.3853,0.1895,8,1.8399,4
96,6,source_nominal,0.1200,0.6500,28.0000,0.0000,0.2857,0.3339,0.0000,0.2085,0.4022,0.3050,9,1.0165,5
96,7,source_nominal,0.1200,0.6500,28.0000,0.0000,0.3955,0.4726,0.0000,-0.0757,0.2284,0.1546,8,1.9425,5
96,8,source_nominal,0.1200,0.6500,-10.0000,-0.0180,0.3369,0.2337,0.0000,0.6753,0.2988,0.1117,10,3.0077,6
96,9,source_nominal,0.1200,0.6500,10.0000,0.0180,0.3369,0.2271,0.0000,0.6716,0.2969,0.1188,10,2.7809,2
97,0,source_small_fast,0.0800,0.2200,-28.0000,0.0000,0.2178,0.2671,0.0000,0.1948,0.1921,0.1222,8,1.0083,0
97,1,source_small_fast,0.0800,0.2200,-28.0000,0.0000,0.3016,0.3861,0.0000,-0.1929,0.2443,0.1526,7,1.2652,0
97,2,source_small_fast,0.0800,0.2200,-10.0000,0.0000,0.2178,0.1383,0.0000,0.5933,0.1907,0.1122,8,0.5073,2
97,3,source_small_fast,0.0800,0.2200,-10.0000,0.0000,0.3016,0.2774,0.0000,0.1125,0.2546,0.1494,7,0.5970,4
97,4,source_small_fast,0.0800,0.2200,10.0000,0.0000,0.2178,0.1989,0.0000,0.4501,0.0774,0.0568,8,1.0957,2
97,5,source_small_fast,0.0800,0.2200,10.0000,0.0000,0.3016,0.3335,0.0000,0.0183,0.1020,0.0747,6,1.4464,4
97,6,source_small_fast,0.0800,0.2200,28.0000,0.0000,0.2178,0.2227,0.0000,0.2775,0.1584,0.0921,7,0.3987,5
97,7,source_small_fast,0.0800,0.2200,28.0000,0.0000,0.3016,0.3433,0.0000,-0.0581,0.1050,0.0738,6,1.1176,5
97,8,source_small_fast,0.0800,0.2200,-10.0000,-0.0180,0.2569,0.2271,0.0000,0.5502,0.0908,0.0474,6,2.6777,6
97,9,source_small_fast,0.0800,0.2200,10.0000,0.0180,0.2569,0.1863,0.0000,0.4698,0.0975,0.0382,7,0.8687,2
98,0,source_large_soft,0.3000,1.1000,-28.0000,0.0000,0.3181,0.3670,0.0000,0.2929,1.7560,0.9451,15,1.9851,0
98,1,source_large_soft,0.3000,1.1000,-28.0000,0.0000,0.4404,0.4952,0.0000,0.0732,1.7673,1.0163,16,3.0188,0
98,2,source_large_soft,0.3000,1.1000,-10.0000,0.0000,0.3181,0.2571,0.0000,0.5319,1.2194,0.5620,19,1.6274,1
98,3,source_large_soft,0.3000,1.1000,-10.0000,0.0000,0.4404,0.3903,0.0000,0.2646,1.7835,0.7790,15,2.2506,1
98,4,source_large_soft,0.3000,1.1000,10.0000,0.0000,0.3181,0.1449,0.0000,0.7027,1.9908,1.1455,21,0.4120,1
98,5,source_large_soft,0.3000,1.1000,10.0000,0.0000,0.4404,0.3048,0.0000,0.3868,2.5891,1.2207,19,1.2324,1
98,6,source_large_soft,0.3000,1.1000,28.0000,0.0000,0.3181,0.3950,0.0000,0.2227,1.2648,0.7547,19,1.9671,3
98,7,source_large_soft,0.3000,1.1000,28.0000,0.0000,0.4404,0.4817,0.0000,0.0218,1.1474,0.5600,16,2.0318,3
98,8,source_large_soft,0.3000,1.1000,-10.0000,-0.0180,0.3752,0.1851,0.0000,0.7318,1.8610,0.9635,21,1.8686,1
98,9,source_large_soft,0.3000,1.1000,10.0000,0.0180,0.3752,0.1743,1.0000,0.8439,1.6947,0.8196,15,2.8652,1
99,0,source_heavy_stiff,0.1800,0.8500,-28.0000,0.0000,0.2981,0.2517,0.0000,0.4904,1.1832,0.7415,10,1.3774,0
99,1,source_heavy_stiff,0.1800,0.8500,-28.0000,0.0000,0.4128,0.4563,0.0000,0.0644,1.4884,0.9302,10,2.5045,0
99,2,source_heavy_stiff,0.1800,0.8500,-10.0000,0.0000,0.2981,0.1842,0.0000,0.6778,0.6079,0.3738,12,1.4955,2
99,3,source_heavy_stiff,0.1800,0.8500,-10.0000,0.0000,0.4128,0.4115,0.0000,0.1927,0.5073,0.3213,10,2.6258,4
99,4,source_heavy_stiff,0.1800,0.8500,10.0000,0.0000,0.2981,0.1739,0.0000,0.7370,0.4118,0.3245,9,1.8450,2
99,5,source_heavy_stiff,0.1800,0.8500,10.0000,0.0000,0.4128,0.4001,0.0000,0.2658,0.6151,0.4173,10,3.0989,4
99,6,source_heavy_stiff,0.1800,0.8500,28.0000,0.0000,0.2981,0.2429,0.0000,0.6215,0.4468,0.3469,13,2.5576,2
99,7,source_heavy_stiff,0.1800,0.8500,28.0000,0.0000,0.4128,0.4332,0.0000,0.1372,0.6000,0.4550,11,2.6401,5
99,8,source_heavy_stiff,0.1800,0.8500,-10.0000,-0.0180,0.3516,0.2340,0.0000,0.5195,1.0865,0.7680,9,1.1579,6
99,9,source_heavy_stiff,0.1800,0.8500,10.0000,0.0180,0.3516,0.2133,0.0000,0.4935,0.8947,0.7396,13,0.2831,7
100,0,source_nominal,0.1200,0.6500,-28.0000,0.0000,0.2784,0.3614,0.0000,0.1932,0.5296,0.3406,11,1.8612,0
100,1,source_nominal,0.1200,0.6500,-28.0000,0.0000,0.3855,0.4604,0.0000,-0.0756,0.5528,0.4656,8,1.8860,0
100,2,source_nominal,0.1200,0.6500,-10.0000,0.0000,0.2784,0.1234,0.0000,0.7807,0.5221,0.3085,11,1.0526,7
100,3,source_nominal,0.1200,0.6500,-10.0000,0.0000,0.3855,0.3107,0.0000,0.2875,0.8363,0.5375,9,1.3131,3
100,4,source_nominal,0.1200,0.6500,10.0000,0.0000,0.2784,0.1989,0.0000,0.5500,0.2238,0.1466,10,0.8561,2
100,5,source_nominal,0.1200,0.6500,10.0000,0.0000,0.3855,0.3532,0.0000,0.2051,0.3028,0.1946,9,1.6860,4
100,6,source_nominal,0.1200,0.6500,28.0000,0.0000,0.2784,0.2345,0.0000,0.3707,0.3881,0.2961,9,0.0442,7
100,7,source_nominal,0.1200,0.6500,28.0000,0.0000,0.3855,0.3602,0.0000,0.0673,0.5161,0.3945,9,0.4811,3
100,8,source_nominal,0.1200,0.6500,-10.0000,-0.0180,0.3284,0.2253,0.0000,0.6889,0.4603,0.2836,10,2.9996,6
100,9,source_nominal,0.1200,0.6500,10.0000,0.0180,0.3284,0.2072,0.0000,0.4860,0.2405,0.1022,11,0.4128,2
101,0,source_small_fast,0.0800,0.2200,-28.0000,0.0000,0.2345,0.2517,0.0000,0.2610,0.2084,0.1241,7,0.6355,0
101,1,source_small_fast,0.0800,0.2200,-28.0000,0.0000,0.3247,0.3840,0.0000,-0.1444,0.2698,0.1589,7,0.8808,0
101,2,source_small_fast,0.0800,0.2200,-10.0000,0.0000,0.2345,0.1599,0.0000,0.6028,0.2079,0.1296,8,0.9459,2
101,3,source_small_fast,0.0800,0.2200,-10.0000,0.0000,0.3247,0.3151,0.0000,0.1268,0.1821,0.1644,7,1.2406,4
101,4,source_small_fast,0.0800,0.2200,10.0000,0.0000,0.2345,0.2018,0.0000,0.4642,0.1747,0.1430,7,0.9527,2
101,5,source_small_fast,0.0800,0.2200,10.0000,0.0000,0.3247,0.3434,0.0000,0.0334,0.2261,0.1844,7,1.2468,4
101,6,source_small_fast,0.0800,0.2200,28.0000,0.0000,0.2345,0.2183,0.0000,0.4462,0.0664,0.0665,5,1.2713,5
101,7,source_small_fast,0.0800,0.2200,28.0000,0.0000,0.3247,0.3478,0.0000,0.0783,0.0950,0.0936,6,1.7578,5
101,8,source_small_fast,0.0800,0.2200,-10.0000,-0.0180,0.2766,0.2388,0.0000,0.5432,0.1905,0.1427,8,2.6656,6
101,9,source_small_fast,0.0800,0.2200,10.0000,0.0180,0.2766,0.1937,0.0000,0.4566,0.0985,0.0572,7,0.6323,2
102,0,source_large_soft,0.3000,1.1000,-28.0000,0.0000,0.3014,0.3650,0.0000,0.2207,1.1648,0.6933,18,1.5725,0
102,1,source_large_soft,0.3000,1.1000,-28.0000,0.0000,0.4173,0.4899,0.0000,-0.0193,1.0159,0.5655,15,2.4259,0
102,2,source_large_soft,0.3000,1.1000,-10.0000,0.0000,0.3014,0.1410,0.0000,0.6977,1.8366,0.9852,21,0.4370,1
102,3,source_large_soft,0.3000,1.1000,-10.0000,0.0000,0.4173,0.2467,0.0000,0.3945,2.4107,1.3465,21,0.0440,1
102,4,source_large_soft,0.3000,1.1000,10.0000,0.0000,0.3014,0.1928,0.0000,0.5998,1.4605,0.7172,19,0.8373,1
102,5,source_large_soft,0.3000,1.1000,10.0000,0.0000,0.4173,0.3154,0.0000,0.3697,2.2318,1.4196,19,1.7330,1
102,6,source_large_soft,0.3000,1.1000,28.0000,0.0000,0.3014,0.4017,0.0000,0.2404,1.0410,0.5898,14,2.8392,3
102,7,source_large_soft,0.3000,1.1000,28.0000,0.0000,0.4173,0.4376,0.0000,0.0558,1.5846,0.9801,17,1.7585,3
102,8,source_large_soft,0.3000,1.1000,-10.0000,-0.0180,0.3555,0.1532,1.0000,0.8610,1.6719,0.7070,16,2.5596,1
102,9,source_large_soft,0.3000,1.1000,10.0000,0.0180,0.3555,0.1942,0.0000,0.7408,1.6936,0.7626,20,2.4020,1
103,0,source_heavy_stiff,0.1800,0.8500,-28.0000,0.0000,0.2287,0.1708,0.0000,0.4926,0.9269,0.5628,11,0.4189,0
103,1,source_heavy_stiff,0.1800,0.8500,-28.0000,0.0000,0.3167,0.3820,0.0000,-0.0965,1.2949,0.8230,14,1.4663,0
103,2,source_heavy_stiff,0.1800,0.8500,-10.0000,0.0000,0.2287,0.1354,0.0000,0.6871,0.6790,0.4993,13,1.0384,7
103,3,source_heavy_stiff,0.1800,0.8500,-10.0000,0.0000,0.3167,0.3087,0.0000,0.1368,0.4119,0.2696,11,1.3271,4
103,4,source_heavy_stiff,0.1800,0.8500,10.0000,0.0000,0.2287,0.1364,0.0000,0.6672,0.7919,0.6616,8,0.9000,7
103,5,source_heavy_stiff,0.1800,0.8500,10.0000,0.0000,0.3167,0.2901,0.0000,0.2460,0.9214,0.7564,11,1.7090,3
103,6,source_heavy_stiff,0.1800,0.8500,28.0000,0.0000,0.2287,0.2247,0.0000,0.4764,0.6675,0.5280,14,1.8217,7
103,7,source_heavy_stiff,0.1800,0.8500,28.0000,0.0000,0.3167,0.3682,0.0000,0.0591,0.8842,0.6934,13,2.3753,3
103,8,source_heavy_stiff,0.1800,0.8500,-10.0000,-0.0180,0.2698,0.1741,0.0000,0.5779,0.4229,0.1986,10,1.2042,6
103,9,source_heavy_stiff,0.1800,0.8500,10.0000,0.0180,0.2698,0.1905,0.0000,0.4058,0.4883,0.2472,9,0.2291,2
104,0,source_nominal,0.1200,0.6500,-28.0000,0.0000,0.2618,0.2515,0.0000,0.3495,0.5598,0.3370,12,0.7210,0
104,1,source_nominal,0.1200,0.6500,-28.0000,0.0000,0.3625,0.3930,0.0000,-0.0766,0.6014,0.3450,10,0.6198,0
104,2,source_nominal,0.1200,0.6500,-10.0000,0.0000,0.2618,0.1502,0.0000,0.7285,0.5296,0.3734,11,1.4618,7
104,3,source_nominal,0.1200,0.6500,-10.0000,0.0000,0.3625,0.3509,0.0000,0.2189,0.5979,0.4314,12,2.2518,3
104,4,source_nominal,0.1200,0.6500,10.0000,0.0000,0.2618,0.1809,0.0000,0.5454,0.4285,0.2678,8,0.5807,7
104,5,source_nominal,0.1200,0.6500,10.0000,0.0000,0.3625,0.3496,0.0000,0.1373,0.2566,0.1288,9,1.4306,4
104,6,source_nominal,0.1200,0.6500,28.0000,0.0000,0.2618,0.1937,0.0000,0.4970,0.1201,0.1143,8,0.4834,5
104,7,source_nominal,0.1200,0.6500,28.0000,0.0000,0.3625,0.3608,0.0000,0.1619,0.1625,0.1530,11,1.9881,5
104,8,source_nominal,0.1200,0.6500,-10.0000,-0.0180,0.3088,0.1710,0.0000,0.7241,0.4372,0.3366,9,1.9860,6
104,9,source_nominal,0.1200,0.6500,10.0000,0.0180,0.3088,0.1690,0.0000,0.5471,0.1907,0.1203,7,0.2322,2
105,0,source_small_fast,0.0800,0.2200,-28.0000,0.0000,0.2404,0.2712,0.0000,0.2401,0.2183,0.1347,7,0.8449,0
105,1,source_small_fast,0.0800,0.2200,-28.0000,0.0000,0.3329,0.3946,0.0000,-0.1320,0.1393,0.0441,7,1.0391,4
105,2,source_small_fast,0.0800,0.2200,-10.0000,0.0000,0.2404,0.1571,0.0000,0.5995,0.2144,0.1308,7,0.7470,2
105,3,source_small_fast,0.0800,0.2200,-10.0000,0.0000,0.3329,0.3058,0.0000,0.1444,0.1403,0.0435,7,0.9355,4
105,4,source_small_fast,0.0800,0.2200,10.0000,0.0000,0.2404,0.2031,0.0000,0.4658,0.1777,0.1366,7,0.8849,2
105,5,source_small_fast,0.0800,0.2200,10.0000,0.0000,0.3329,0.3538,0.0000,0.0328,0.2072,0.1671,6,1.3247,4
105,6,source_small_fast,0.0800,0.2200,28.0000,0.0000,0.2404,0.2228,0.0000,0.4316,0.1486,0.1261,5,1.1474,5
105,7,source_small_fast,0.0800,0.2200,28.0000,0.0000,0.3329,0.3497,0.0000,0.0995,0.1895,0.1621,5,1.7944,5
105,8,source_small_fast,0.0800,0.2200,-10.0000,-0.0180,0.2836,0.2503,0.0000,0.5569,0.2039,0.1514,6,3.0127,6
105,9,source_small_fast,0.0800,0.2200,10.0000,0.0180,0.2836,0.2041,0.0000,0.4761,0.0956,0.0480,7,0.9815,2
106,0,source_large_soft,0.3000,1.1000,-28.0000,0.0000,0.2532,0.2653,0.0000,0.3325,0.7216,0.2174,13,1.1661,2
106,1,source_large_soft,0.3000,1.1000,-28.0000,0.0000,0.3505,0.3391,0.0000,0.1143,0.7887,0.2082,12,1.1944,0
106,2,source_large_soft,0.3000,1.1000,-10.0000,0.0000,0.2532,0.2088,0.0000,0.5507,1.0758,0.5201,18,1.5726,1
106,3,source_large_soft,0.3000,1.1000,-10.0000,0.0000,0.3505,0.3697,0.0000,0.1823,1.2328,0.6464,20,2.6975,1
106,4,source_large_soft,0.3000,1.1000,10.0000,0.0000,0.2532,0.0988,0.0000,0.7243,1.6096,0.7880,21,0.0411,1
106,5,source_large_soft,0.3000,1.1000,10.0000,0.0000,0.3505,0.2600,0.0000,0.2850,1.5959,0.7409,22,0.5154,1
106,6,source_large_soft,0.3000,1.1000,28.0000,0.0000,0.2532,0.3227,0.0000,0.2010,0.9656,0.4291,20,1.5853,3
106,7,source_large_soft,0.3000,1.1000,28.0000,0.0000,0.3505,0.4325,0.0000,-0.1338,1.3149,0.5413,18,1.5605,3
106,8,source_large_soft,0.3000,1.1000,-10.0000,-0.0180,0.2986,0.1022,1.0000,0.8292,1.3592,0.6483,23,1.0834,1
106,9,source_large_soft,0.3000,1.1000,10.0000,0.0180,0.2986,0.1710,1.0000,0.7874,1.5813,0.7024,18,2.6621,1
107,0,source_heavy_stiff,0.1800,0.8500,-28.0000,0.0000,0.2741,0.3466,0.0000,0.1474,0.8594,0.5251,13,1.1049,0
107,1,source_heavy_stiff,0.1800,0.8500,-28.0000,0.0000,0.3796,0.5311,0.0000,-0.2963,1.0853,0.7200,12,1.8609,0
107,2,source_heavy_stiff,0.1800,0.8500,-10.0000,0.0000,0.2741,0.1905,0.0000,0.6123,0.4043,0.1406,14,1.3122,2
107,3,source_heavy_stiff,0.1800,0.8500,-10.0000,0.0000,0.3796,0.3869,0.0000,0.0813,0.5322,0.1812,14,1.5315,4
107,4,source_heavy_stiff,0.1800,0.8500,10.0000,0.0000,0.2741,0.2770,0.0000,0.4280,0.9474,0.6654,13,1.9334,7
107,5,source_heavy_stiff,0.1800,0.8500,10.0000,0.0000,0.3796,0.4362,0.0000,0.0190,1.1758,0.8022,12,2.3155,3
107,6,source_heavy_stiff,0.1800,0.8500,28.0000,0.0000,0.2741,0.2864,0.0000,0.2135,0.4308,0.1723,12,0.0497,5
107,7,source_heavy_stiff,0.1800,0.8500,28.0000,0.0000,0.3796,0.5186,0.0000,-0.2011,0.6686,0.2606,9,2.4613,5
107,8,source_heavy_stiff,0.1800,0.8500,-10.0000,-0.0180,0.3233,0.1958,0.0000,0.7607,0.4644,0.2768,8,2.9281,6
107,9,source_heavy_stiff,0.1800,0.8500,10.0000,0.0180,0.3233,0.2140,0.0000,0.4297,1.0055,0.7225,13,0.1233,7
108,0,source_nominal,0.1200,0.6500,-28.0000,0.0000,0.2154,0.2282,0.0000,0.3103,0.4747,0.3043,11,0.8778,0
108,1,source_nominal,0.1200,0.6500,-28.0000,0.0000,0.2982,0.3463,0.0000,-0.0340,0.2863,0.1324,9,1.4894,4
108,2,source_nominal,0.1200,0.6500,-10.0000,0.0000,0.2154,0.1195,1.0000,0.7391,0.2858,0.1477,11,1.1548,2
108,3,source_nominal,0.1200,0.6500,-10.0000,0.0000,0.2982,0.2825,0.0000,0.2432,0.3159,0.1574,12,1.8544,4
108,4,source_nominal,0.1200,0.6500,10.0000,0.0000,0.2154,0.1503,0.0000,0.5528,0.3659,0.2607,10,0.5665,7
108,5,source_nominal,0.1200,0.6500,10.0000,0.0000,0.2982,0.2666,0.0000,0.1664,0.4459,0.3263,9,0.7919,3
108,6,source_nominal,0.1200,0.6500,28.0000,0.0000,0.2154,0.1786,0.0000,0.4733,0.3151,0.2832,10,0.7486,7
108,7,source_nominal,0.1200,0.6500,28.0000,0.0000,0.2982,0.2629,0.0000,0.2121,0.3793,0.3341,10,1.0487,3
108,8,source_nominal,0.1200,0.6500,-10.0000,-0.0180,0.2540,0.1934,0.0000,0.6608,0.2938,0.2569,8,2.6286,6
108,9,source_nominal,0.1200,0.6500,10.0000,0.0180,0.2540,0.1651,0.0000,0.4650,0.3820,0.2818,12,0.2743,7
109,0,source_small_fast,0.0800,0.2200,-28.0000,0.0000,0.2174,0.2612,0.0000,0.2153,0.1890,0.1185,8,1.0126,0
109,1,source_small_fast,0.0800,0.2200,-28.0000,0.0000,0.3011,0.3828,0.0000,-0.1855,0.2516,0.1529,7,1.2462,0
109,2,source_small_fast,0.0800,0.2200,-10.0000,0.0000,0.2174,0.1365,0.0000,0.6012,0.1948,0.1164,8,0.5232,2
109,3,source_small_fast,0.0800,0.2200,-10.0000,0.0000,0.3011,0.2834,0.0000,0.1069,0.2463,0.1438,7,0.7367,4
109,4,source_small_fast,0.0800,0.2200,10.0000,0.0000,0.2174,0.1977,0.0000,0.4543,0.0755,0.0558,6,1.1031,2
109,5,source_small_fast,0.0800,0.2200,10.0000,0.0000,0.3011,0.3379,0.0000,0.0128,0.1014,0.0754,6,1.5451,4
109,6,source_small_fast,0.0800,0.2200,28.0000,0.0000,0.2174,0.2174,0.0000,0.3350,0.0762,0.0535,5,0.7152,5
109,7,source_small_fast,0.0800,0.2200,28.0000,0.0000,0.3011,0.3328,0.0000,-0.0219,0.0937,0.0729,6,1.1226,5
109,8,source_small_fast,0.0800,0.2200,-10.0000,-0.0180,0.2565,0.2268,0.0000,0.5456,0.0902,0.0480,6,2.6386,6
109,9,source_small_fast,0.0800,0.2200,10.0000,0.0180,0.2565,0.1867,0.0000,0.4730,0.0994,0.0425,7,0.9163,2
110,0,source_large_soft,0.3000,1.1000,-28.0000,0.0000,0.2548,0.3039,0.0000,0.1936,1.2184,0.4483,19,0.9270,0
110,1,source_large_soft,0.3000,1.1000,-28.0000,0.0000,0.3529,0.3635,0.0000,0.0169,1.4167,0.6935,20,0.9254,0
110,2,source_large_soft,0.3000,1.1000,-10.0000,0.0000,0.2548,0.1061,0.0000,0.7327,1.6266,0.9370,23,0.3099,1
110,3,source_large_soft,0.3000,1.1000,-10.0000,0.0000,0.3529,0.2138,0.0000,0.4451,1.6005,0.8379,19,0.6448,1
110,4,source_large_soft,0.3000,1.1000,10.0000,0.0000,0.2548,0.2150,0.0000,0.5331,1.0420,0.6490,19,1.5561,1
110,5,source_large_soft,0.3000,1.1000,10.0000,0.0000,0.3529,0.3632,0.0000,0.1902,1.3651,0.8522,18,2.5348,3
110,6,source_large_soft,0.3000,1.1000,28.0000,0.0000,0.2548,0.2225,0.0000,0.4194,1.0454,0.5386,15,0.7121,1
110,7,source_large_soft,0.3000,1.1000,28.0000,0.0000,0.3529,0.3251,0.0000,0.2216,1.1108,0.5816,21,1.7410,3
110,8,source_large_soft,0.3000,1.1000,-10.0000,-0.0180,0.3006,0.1641,1.0000,0.7936,1.8733,0.9389,15,2.5099,1
110,9,source_large_soft,0.3000,1.1000,10.0000,0.0180,0.3006,0.1163,0.0000,0.7348,1.6240,0.9539,23,0.5937,1
111,0,source_heavy_stiff,0.1800,0.8500,-28.0000,0.0000,0.2697,0.2763,0.0000,0.3351,0.4578,0.2396,10,1.0921,2
111,1,source_heavy_stiff,0.1800,0.8500,-28.0000,0.0000,0.3734,0.4585,0.0000,-0.1112,0.6806,0.4048,10,1.8322,0
111,2,source_heavy_stiff,0.1800,0.8500,-10.0000,0.0000,0.2697,0.2573,0.0000,0.4650,0.7086,0.5579,12,1.8323,7
111,3,source_heavy_stiff,0.1800,0.8500,-10.0000,0.0000,0.3734,0.4703,0.0000,-0.0583,1.1843,0.8423,13,2.6900,3
111,4,source_heavy_stiff,0.1800,0.8500,10.0000,0.0000,0.2697,0.1846,0.0000,0.6055,0.4073,0.1501,14,1.1447,2
111,5,source_heavy_stiff,0.1800,0.8500,10.0000,0.0000,0.3734,0.3593,0.0000,0.1368,0.5342,0.1919,13,1.4469,4
111,6,source_heavy_stiff,0.1800,0.8500,28.0000,0.0000,0.2697,0.3536,0.0000,0.1527,0.4254,0.1784,13,1.5008,5
111,7,source_heavy_stiff,0.1800,0.8500,28.0000,0.0000,0.3734,0.4903,0.0000,-0.2523,0.5558,0.2272,13,1.3454,5
111,8,source_heavy_stiff,0.1800,0.8500,-10.0000,-0.0180,0.3180,0.2366,0.0000,0.3505,0.9095,0.5851,14,0.0850,6
111,9,source_heavy_stiff,0.1800,0.8500,10.0000,0.0180,0.3180,0.1819,0.0000,0.7603,0.4420,0.2656,8,2.5697,2
112,0,source_nominal,0.1200,0.6500,-28.0000,0.0000,0.2710,0.2451,0.0000,0.4435,0.3590,0.2853,8,1.2444,0
112,1,source_nominal,0.1200,0.6500,-28.0000,0.0000,0.3752,0.3503,0.0000,0.1388,0.1751,0.1519,9,1.1667,4
112,2,source_nominal,0.1200,0.6500,-10.0000,0.0000,0.2710,0.1870,0.0000,0.5468,0.1945,0.1293,9,0.6125,2
112,3,source_nominal,0.1200,0.6500,-10.0000,0.0000,0.3752,0.3335,0.0000,0.1724,0.2557,0.1664,9,1.0213,4
112,4,source_nominal,0.1200,0.6500,10.0000,0.0000,0.2710,0.1465,0.0000,0.7459,0.5038,0.3235,10,1.4308,7
112,5,source_nominal,0.1200,0.6500,10.0000,0.0000,0.3752,0.3434,0.0000,0.2517,0.7676,0.5091,10,2.0906,3
112,6,source_nominal,0.1200,0.6500,28.0000,0.0000,0.2710,0.3485,0.0000,0.1896,0.5731,0.3301,11,1.6794,3
112,7,source_nominal,0.1200,0.6500,28.0000,0.0000,0.3752,0.5049,0.0000,-0.2083,0.5919,0.3703,11,2.1388,3
112,8,source_nominal,0.1200,0.6500,-10.0000,-0.0180,0.3196,0.2131,0.0000,0.4488,0.2210,0.0998,12,0.3575,6
112,9,source_nominal,0.1200,0.6500,10.0000,0.0180,0.3196,0.2326,0.0000,0.6670,0.3847,0.2299,10,3.0818,7
113,0,source_small_fast,0.0800,0.2200,-28.0000,0.0000,0.2883,0.3754,0.0000,0.1808,0.2247,0.1616,6,1.8343,0
113,1,source_small_fast,0.0800,0.2200,-28.0000,0.0000,0.3993,0.5415,0.0000,-0.2010,0.2809,0.1998,6,2.4815,0
113,2,source_small_fast,0.0800,0.2200,-10.0000,0.0000,0.2883,0.1857,0.0000,0.5677,0.2296,0.1117,8,0.4985,2
113,3,source_small_fast,0.0800,0.2200,-10.0000,0.0000,0.3993,0.3637,0.0000,0.1154,0.2883,0.1460,7,0.7445,4
113,4,source_small_fast,0.0800,0.2200,10.0000,0.0000,0.2883,0.2497,0.0000,0.4838,0.2273,0.1495,8,1.4428,7
113,5,source_small_fast,0.0800,0.2200,10.0000,0.0000,0.3993,0.4233,0.0000,0.0559,0.2865,0.1840,8,1.8197,4
113,6,source_small_fast,0.0800,0.2200,28.0000,0.0000,0.2883,0.3298,0.0000,0.2121,0.1210,0.0814,7,0.8596,5
113,7,source_small_fast,0.0800,0.2200,28.0000,0.0000,0.3993,0.4898,0.0000,-0.1732,0.1358,0.0899,7,1.2983,5
113,8,source_small_fast,0.0800,0.2200,-10.0000,-0.0180,0.3401,0.2425,0.0000,0.5748,0.2640,0.1804,9,2.1688,6
113,9,source_small_fast,0.0800,0.2200,10.0000,0.0180,0.3401,0.2691,0.0000,0.5677,0.2604,0.1511,9,2.8539,7
114,0,source_large_soft,0.3000,1.1000,-28.0000,0.0000,0.2299,0.2813,0.0000,0.1991,1.3601,0.6942,21,1.0801,1
114,1,source_large_soft,0.3000,1.1000,-28.0000,0.0000,0.3183,0.3625,0.0000,-0.0111,1.6012,0.8544,20,1.5795,0
114,2,source_large_soft,0.3000,1.1000,-10.0000,0.0000,0.2299,0.1089,0.0000,0.7333,1.4251,0.7024,22,0.6538,1
114,3,source_large_soft,0.3000,1.1000,-10.0000,0.0000,0.3183,0.1979,0.0000,0.4497,1.6594,0.8607,21,0.7576,1
114,4,source_large_soft,0.3000,1.1000,10.0000,0.0000,0.2299,0.2116,0.0000,0.4769,0.7350,0.4105,18,1.4282,1
114,5,source_large_soft,0.3000,1.1000,10.0000,0.0000,0.3183,0.3066,0.0000,0.2495,1.1388,0.6146,17,2.1778,1
114,6,source_large_soft,0.3000,1.1000,28.0000,0.0000,0.2299,0.1789,0.0000,0.4302,1.1907,0.7003,18,0.1007,1
114,7,source_large_soft,0.3000,1.1000,28.0000,0.0000,0.3183,0.2959,0.0000,0.2179,1.4065,0.8927,17,1.6063,3
114,8,source_large_soft,0.3000,1.1000,-10.0000,-0.0180,0.2712,0.1724,1.0000,0.7833,1.1055,0.5072,16,2.8651,1
114,9,source_large_soft,0.3000,1.1000,10.0000,0.0180,0.2712,0.1589,0.0000,0.5822,0.8315,0.3701,23,0.7868,1
115,0,source_heavy_stiff,0.1800,0.8500,-28.0000,0.0000,0.2208,0.2003,0.0000,0.5217,0.4739,0.3568,13,1.6482,2
115,1,source_heavy_stiff,0.1800,0.8500,-28.0000,0.0000,0.3057,0.3231,0.0000,0.1626,0.4462,0.3014,10,2.2030,0
115,2,source_heavy_stiff,0.1800,0.8500,-10.0000,0.0000,0.2208,0.1300,1.0000,0.7630,0.3752,0.2879,9,1.5929,2
115,3,source_heavy_stiff,0.1800,0.8500,-10.0000,0.0000,0.3057,0.2912,0.0000,0.2840,0.5091,0.3946,11,2.2735,4
115,4,source_heavy_stiff,0.1800,0.8500,10.0000,0.0000,0.2208,0.1107,0.0000,0.6866,0.7358,0.5057,12,0.4219,7
115,5,source_heavy_stiff,0.1800,0.8500,10.0000,0.0000,0.3057,0.2729,0.0000,0.2349,0.3839,0.2610,11,1.3531,4
115,6,source_heavy_stiff,0.1800,0.8500,28.0000,0.0000,0.2208,0.2031,0.0000,0.4991,0.9879,0.6055,12,1.5458,3
115,7,source_heavy_stiff,0.1800,0.8500,28.0000,0.0000,0.3057,0.2985,0.0000,0.0917,1.4204,0.8733,13,0.9264,3
115,8,source_heavy_stiff,0.1800,0.8500,-10.0000,-0.0180,0.2605,0.1901,0.0000,0.4436,0.4014,0.1940,11,0.7036,6
115,9,source_heavy_stiff,0.1800,0.8500,10.0000,0.0180,0.2605,0.1985,0.0000,0.4325,0.5104,0.4272,7,0.8535,7
116,0,source_nominal,0.1200,0.6500,-28.0000,0.0000,0.2537,0.2618,0.0000,0.3414,0.4599,0.2544,10,1.1375,0
116,1,source_nominal,0.1200,0.6500,-28.0000,0.0000,0.3512,0.4118,0.0000,-0.0955,0.6654,0.4151,12,1.3079,0
116,2,source_nominal,0.1200,0.6500,-10.0000,0.0000,0.2537,0.1634,0.0000,0.7053,0.4339,0.3086,12,1.7068,7
116,3,source_nominal,0.1200,0.6500,-10.0000,0.0000,0.3512,0.3402,0.0000,0.2287,0.5551,0.3948,12,2.2743,3
116,4,source_nominal,0.1200,0.6500,10.0000,0.0000,0.2537,0.1895,0.0000,0.5314,0.2017,0.0888,9,0.8367,2
116,5,source_nominal,0.1200,0.6500,10.0000,0.0000,0.3512,0.3038,0.0000,0.1910,0.3085,0.1746,8,0.8834,4
116,6,source_nominal,0.1200,0.6500,28.0000,0.0000,0.2537,0.1782,0.0000,0.5429,0.1529,0.1496,10,0.6199,5
116,7,source_nominal,0.1200,0.6500,28.0000,0.0000,0.3512,0.3024,0.0000,0.2233,0.1743,0.1608,8,1.1454,5
116,8,source_nominal,0.1200,0.6500,-10.0000,-0.0180,0.2992,0.1961,0.0000,0.7382,0.4313,0.3324,8,2.9202,6
116,9,source_nominal,0.1200,0.6500,10.0000,0.0180,0.2992,0.1888,0.0000,0.4557,0.2827,0.1393,9,0.0880,2
117,0,source_small_fast,0.0800,0.2200,-28.0000,0.0000,0.3163,0.2872,0.0000,0.3336,0.2648,0.1493,8,0.2273,0
117,1,source_small_fast,0.0800,0.2200,-28.0000,0.0000,0.4380,0.4499,0.0000,-0.0660,0.3405,0.1881,8,0.1763,0
117,2,source_small_fast,0.0800,0.2200,-10.0000,0.0000,0.3163,0.2146,0.0000,0.6614,0.1128,0.0669,6,1.9525,2
117,3,source_small_fast,0.0800,0.2200,-10.0000,0.0000,0.4380,0.4300,0.0000,0.1860,0.1801,0.1213,7,2.5263,4
117,4,source_small_fast,0.0800,0.2200,10.0000,0.0000,0.3163,0.2205,0.0000,0.4785,0.2402,0.1373,7,0.0020,2
117,5,source_small_fast,0.0800,0.2200,10.0000,0.0000,0.4380,0.4070,0.0000,0.0262,0.2922,0.1262,7,0.0185,4
117,6,source_small_fast,0.0800,0.2200,28.0000,0.0000,0.3163,0.2808,0.0000,0.4508,0.1914,0.1517,6,1.4031,5
117,7,source_small_fast,0.0800,0.2200,28.0000,0.0000,0.4380,0.4710,0.0000,0.0488,0.2496,0.1959,6,2.1100,5
117,8,source_small_fast,0.0800,0.2200,-10.0000,-0.0180,0.3731,0.3010,0.0000,0.5498,0.2535,0.1727,6,3.0940,6
117,9,source_small_fast,0.0800,0.2200,10.0000,0.0180,0.3731,0.2457,0.0000,0.4258,0.2270,0.1808,8,0.0780,7
118,0,source_large_soft,0.3000,1.1000,-28.0000,0.0000,0.2736,0.1915,0.0000,0.4972,1.9209,1.0387,22,0.1959,1
118,1,source_large_soft,0.3000,1.1000,-28.0000,0.0000,0.3788,0.2739,0.0000,0.3398,1.8758,1.0099,19,0.9121,1
118,2,source_large_soft,0.3000,1.1000,-10.0000,0.0000,0.2736,0.1129,1.0000,0.8544,1.3194,0.8008,18,1.5288,1
118,3,source_large_soft,0.3000,1.1000,-10.0000,0.0000,0.3788,0.3055,0.0000,0.4302,1.7156,0.9771,19,2.7190,1
118,4,source_large_soft,0.3000,1.1000,10.0000,0.0000,0.2736,0.1247,0.0000,0.7022,1.0623,0.4543,17,0.3422,1
118,5,source_large_soft,0.3000,1.1000,10.0000,0.0000,0.3788,0.2820,0.0000,0.2571,1.3048,0.6941,15,0.3132,1
118,6,source_large_soft,0.3000,1.1000,28.0000,0.0000,0.2736,0.2097,0.0000,0.5864,0.9239,0.6431,22,1.6076,1
118,7,source_large_soft,0.3000,1.1000,28.0000,0.0000,0.3788,0.3318,0.0000,0.3897,1.2706,0.9309,18,3.0668,3
118,8,source_large_soft,0.3000,1.1000,-10.0000,-0.0180,0.3227,0.1501,1.0000,0.8532,1.1674,0.6292,16,2.5517,1
118,9,source_large_soft,0.3000,1.1000,10.0000,0.0180,0.3227,0.1640,0.0000,0.6022,0.8158,0.5877,17,0.4345,7
119,0,source_heavy_stiff,0.1800,0.8500,-28.0000,0.0000,0.2690,0.2606,0.0000,0.4630,0.5109,0.3926,13,1.9213,0
119,1,source_heavy_stiff,0.1800,0.8500,-28.0000,0.0000,0.3725,0.4084,0.0000,0.0689,0.8096,0.6411,12,2.2019,0
119,2,source_heavy_stiff,0.1800,0.8500,-10.0000,0.0000,0.2690,0.1431,0.0000,0.7433,0.8241,0.7540,10,1.3241,7
119,3,source_heavy_stiff,0.1800,0.8500,-10.0000,0.0000,0.3725,0.3169,0.0000,0.2223,1.0946,1.0008,10,1.0988,3
119,4,source_heavy_stiff,0.1800,0.8500,10.0000,0.0000,0.2690,0.1632,0.0000,0.6711,0.3540,0.2116,11,1.1892,2
119,5,source_heavy_stiff,0.1800,0.8500,10.0000,0.0000,0.3725,0.3988,0.0000,0.1613,0.4468,0.2690,12,2.8367,4
119,6,source_heavy_stiff,0.1800,0.8500,28.0000,0.0000,0.2690,0.2577,0.0000,0.4240,0.4256,0.1771,13,1.4538,5
119,7,source_heavy_stiff,0.1800,0.8500,28.0000,0.0000,0.3725,0.4115,0.0000,-0.0168,0.5559,0.2255,13,1.4445,5
119,8,source_heavy_stiff,0.1800,0.8500,-10.0000,-0.0180,0.3173,0.2439,0.0000,0.4023,1.0598,0.7559,11,0.8172,6
119,9,source_heavy_stiff,0.1800,0.8500,10.0000,0.0180,0.3173,0.2314,0.0000,0.3855,0.8704,0.6652,12,0.2950,7
