split,method,seed,episodes,success_rate,success_ci95,energy_mean,energy_ci95,energy_regret_mean,energy_regret_ci95,final_distance_mean,final_distance_ci95,normalized_progress_mean,normalized_progress_ci95,failure_rate,failure_ci95,normal_impulse_mean,token_uncertainty_mean,robust_anchor_weight_mean
actuation_noise,cefv_v4,0,20,0.400000,0.220285,0.176860,0.021635,0.064391,0.025431,0.100215,0.027092,0.742082,0.068211,0.000000,0.000000,0.469962,0.010696,0.000000
actuation_noise,cefv_v4,1,20,0.200000,0.179862,0.174760,0.025995,0.069356,0.025548,0.122826,0.025896,0.694144,0.056699,0.000000,0.000000,0.472396,0.017420,0.000000
actuation_noise,cefv_v4,2,20,0.250000,0.194706,0.198946,0.037107,0.088567,0.033525,0.125224,0.028998,0.672428,0.074433,0.050000,0.098000,0.392690,0.015781,0.000000
actuation_noise,cefv_v4,3,20,0.350000,0.214472,0.202771,0.027830,0.083490,0.024563,0.125485,0.030338,0.676118,0.078848,0.000000,0.000000,0.467147,0.013138,0.000000
actuation_noise,cefv_v4,4,20,0.350000,0.214472,0.149479,0.020132,0.037739,0.015881,0.098395,0.022162,0.713244,0.072172,0.000000,0.000000,0.441175,0.017301,0.000000
actuation_noise,cefv_v4,5,20,0.300000,0.206058,0.182018,0.032399,0.081469,0.021869,0.124302,0.034634,0.677183,0.092477,0.000000,0.000000,0.492992,0.012848,0.000000
actuation_noise,cefv_v4,6,20,0.400000,0.220285,0.190513,0.021436,0.071612,0.028867,0.099798,0.024037,0.722933,0.068718,0.000000,0.000000,0.499304,0.012886,0.000000
actuation_noise,cefv_v4,7,20,0.400000,0.220285,0.148273,0.020274,0.043007,0.018895,0.098173,0.023427,0.740427,0.063586,0.000000,0.000000,0.493871,0.014687,0.000000
actuation_noise,continuous_force_regression,0,20,0.350000,0.214472,0.194206,0.040790,0.081737,0.037943,0.130023,0.043276,0.673045,0.099058,0.000000,0.000000,0.532729,0.000000,0.000000
actuation_noise,continuous_force_regression,1,20,0.450000,0.223700,0.176212,0.036388,0.070808,0.034338,0.121242,0.037599,0.697692,0.087655,0.000000,0.000000,0.459657,0.000000,0.000000
actuation_noise,continuous_force_regression,2,20,0.350000,0.214472,0.180336,0.034595,0.069957,0.029451,0.117816,0.030341,0.689969,0.076242,0.000000,0.000000,0.496225,0.000000,0.000000
actuation_noise,continuous_force_regression,3,20,0.200000,0.179862,0.205565,0.044103,0.086283,0.035991,0.144403,0.042276,0.627413,0.103120,0.000000,0.000000,0.437740,0.000000,0.000000
actuation_noise,continuous_force_regression,4,20,0.150000,0.160559,0.179081,0.025803,0.067340,0.024551,0.117905,0.021920,0.663384,0.066880,0.000000,0.000000,0.496785,0.000000,0.000000
actuation_noise,continuous_force_regression,5,20,0.400000,0.220285,0.180112,0.035211,0.079564,0.027934,0.116304,0.034742,0.705275,0.089247,0.000000,0.000000,0.529073,0.000000,0.000000
actuation_noise,continuous_force_regression,6,20,0.400000,0.220285,0.184205,0.033860,0.065303,0.028867,0.111646,0.031611,0.685489,0.097845,0.000000,0.000000,0.434973,0.000000,0.000000
actuation_noise,continuous_force_regression,7,20,0.150000,0.160559,0.191346,0.033719,0.086080,0.029074,0.142745,0.032624,0.629367,0.082903,0.000000,0.000000,0.537884,0.000000,0.000000
actuation_noise,cvar_domain_randomized_mpc,0,20,0.500000,0.224827,0.151619,0.020680,0.039149,0.018425,0.082090,0.020204,0.789032,0.052013,0.000000,0.000000,0.497435,0.000000,0.000000
actuation_noise,cvar_domain_randomized_mpc,1,20,0.550000,0.223700,0.135816,0.016444,0.030412,0.015836,0.078515,0.021089,0.800839,0.054087,0.000000,0.000000,0.489664,0.000000,0.000000
actuation_noise,cvar_domain_randomized_mpc,2,20,0.450000,0.223700,0.180976,0.037024,0.070597,0.030922,0.112713,0.031176,0.697587,0.086565,0.050000,0.098000,0.470766,0.000000,0.000000
actuation_noise,cvar_domain_randomized_mpc,3,20,0.400000,0.220285,0.162772,0.022614,0.043490,0.019017,0.101325,0.027429,0.739198,0.066787,0.000000,0.000000,0.375539,0.000000,0.000000
actuation_noise,cvar_domain_randomized_mpc,4,20,0.600000,0.220285,0.145528,0.016831,0.033787,0.016738,0.069368,0.015896,0.802547,0.047470,0.000000,0.000000,0.445214,0.000000,0.000000
actuation_noise,cvar_domain_randomized_mpc,5,20,0.500000,0.224827,0.150759,0.024297,0.050210,0.018790,0.079620,0.027549,0.796480,0.066937,0.000000,0.000000,0.457640,0.000000,0.000000
actuation_noise,cvar_domain_randomized_mpc,6,20,0.450000,0.223700,0.147205,0.019862,0.028303,0.013472,0.089969,0.022528,0.750454,0.064243,0.000000,0.000000,0.385357,0.000000,0.000000
actuation_noise,cvar_domain_randomized_mpc,7,20,0.400000,0.220285,0.161279,0.030736,0.056012,0.024339,0.114306,0.032395,0.710174,0.071398,0.000000,0.000000,0.561271,0.000000,0.000000
actuation_noise,geometry_mpc,0,20,0.000000,0.000000,0.396665,0.075002,0.284196,0.070352,0.316184,0.055381,0.187694,0.136450,0.100000,0.134896,0.692647,0.000000,0.000000
actuation_noise,geometry_mpc,1,20,0.000000,0.000000,0.396563,0.088613,0.291159,0.084015,0.288838,0.054326,0.282431,0.119250,0.200000,0.179862,0.597470,0.000000,0.000000
actuation_noise,geometry_mpc,2,20,0.000000,0.000000,0.393008,0.073075,0.282628,0.064613,0.304133,0.041760,0.198378,0.101623,0.100000,0.134896,0.630858,0.000000,0.000000
actuation_noise,geometry_mpc,3,20,0.000000,0.000000,0.392204,0.069294,0.272922,0.063491,0.304526,0.046534,0.203360,0.116989,0.100000,0.134896,0.642674,0.000000,0.000000
actuation_noise,geometry_mpc,4,20,0.000000,0.000000,0.341051,0.029456,0.229310,0.032458,0.271212,0.026359,0.233283,0.081424,0.000000,0.000000,0.616424,0.000000,0.000000
actuation_noise,geometry_mpc,5,20,0.000000,0.000000,0.344579,0.066949,0.244031,0.056911,0.277540,0.046660,0.279776,0.116684,0.050000,0.098000,0.766811,0.000000,0.000000
actuation_noise,geometry_mpc,6,20,0.000000,0.000000,0.356513,0.070473,0.237612,0.068299,0.279880,0.047357,0.225200,0.126957,0.050000,0.098000,0.700817,0.000000,0.000000
actuation_noise,geometry_mpc,7,20,0.000000,0.000000,0.353054,0.036728,0.247788,0.029520,0.295044,0.034045,0.234550,0.082637,0.000000,0.000000,0.809648,0.000000,0.000000
actuation_noise,oracle_embodiment_mpc,0,20,0.750000,0.194706,0.112469,0.017402,0.000000,0.000000,0.063647,0.017087,0.833622,0.046547,0.000000,0.000000,0.568701,0.000000,0.000000
actuation_noise,oracle_embodiment_mpc,1,20,0.800000,0.179862,0.105404,0.012208,0.000000,0.000000,0.057388,0.014574,0.848929,0.044794,0.000000,0.000000,0.480102,0.000000,0.000000
actuation_noise,oracle_embodiment_mpc,2,20,0.900000,0.134896,0.110380,0.018541,0.000000,0.000000,0.049787,0.014423,0.871420,0.033496,0.000000,0.000000,0.419248,0.000000,0.000000
actuation_noise,oracle_embodiment_mpc,3,20,0.600000,0.220285,0.119282,0.016534,0.000000,0.000000,0.065332,0.016782,0.830133,0.040516,0.000000,0.000000,0.362135,0.000000,0.000000
actuation_noise,oracle_embodiment_mpc,4,20,0.700000,0.206058,0.111741,0.012554,0.000000,0.000000,0.059710,0.012955,0.830121,0.038250,0.000000,0.000000,0.481769,0.000000,0.000000
actuation_noise,oracle_embodiment_mpc,5,20,0.800000,0.179862,0.100549,0.018305,0.000000,0.000000,0.047820,0.015405,0.874980,0.040484,0.000000,0.000000,0.512441,0.000000,0.000000
actuation_noise,oracle_embodiment_mpc,6,20,0.650000,0.214472,0.118902,0.015573,0.000000,0.000000,0.060758,0.016252,0.829582,0.047522,0.000000,0.000000,0.462622,0.000000,0.000000
actuation_noise,oracle_embodiment_mpc,7,20,0.700000,0.206058,0.105266,0.013583,0.000000,0.000000,0.056631,0.014744,0.853957,0.037565,0.000000,0.000000,0.496577,0.000000,0.000000
actuation_noise,random_shooting,0,20,0.050000,0.098000,0.421118,0.079353,0.308649,0.077467,0.336424,0.061925,0.119968,0.162310,0.050000,0.098000,0.619654,0.000000,0.000000
actuation_noise,random_shooting,1,20,0.050000,0.098000,0.350476,0.075664,0.245072,0.074609,0.267742,0.060721,0.325158,0.147813,0.050000,0.098000,0.462831,0.000000,0.000000
actuation_noise,random_shooting,2,20,0.050000,0.098000,0.353584,0.076463,0.243205,0.068802,0.264034,0.059658,0.303028,0.165914,0.050000,0.098000,0.517780,0.000000,0.000000
actuation_noise,random_shooting,3,20,0.000000,0.000000,0.381879,0.080006,0.262598,0.073633,0.279445,0.063512,0.282902,0.140191,0.100000,0.134896,0.416218,0.000000,0.000000
actuation_noise,random_shooting,4,20,0.000000,0.000000,0.286140,0.037365,0.174399,0.038705,0.229618,0.035847,0.355489,0.098650,0.000000,0.000000,0.504821,0.000000,0.000000
actuation_noise,random_shooting,5,20,0.050000,0.098000,0.296176,0.056557,0.195627,0.055684,0.230076,0.056990,0.382688,0.175330,0.000000,0.000000,0.597897,0.000000,0.000000
actuation_noise,random_shooting,6,20,0.000000,0.000000,0.326126,0.055445,0.207224,0.054337,0.255878,0.055989,0.292738,0.154138,0.000000,0.000000,0.550107,0.000000,0.000000
actuation_noise,random_shooting,7,20,0.000000,0.000000,0.360148,0.078064,0.254882,0.077042,0.292401,0.065404,0.247899,0.164432,0.050000,0.098000,0.620549,0.000000,0.000000
actuation_noise,raw_force_scalar,0,20,0.050000,0.098000,0.329930,0.073975,0.217461,0.071328,0.246921,0.052320,0.373501,0.116461,0.100000,0.134896,0.445882,0.000000,0.000000
actuation_noise,raw_force_scalar,1,20,0.100000,0.134896,0.279463,0.048335,0.174059,0.047765,0.215164,0.047754,0.461269,0.116619,0.000000,0.000000,0.552886,0.000000,0.000000
actuation_noise,raw_force_scalar,2,20,0.050000,0.098000,0.338281,0.107732,0.227901,0.096521,0.243793,0.073284,0.375458,0.168079,0.150000,0.160559,0.447181,0.000000,0.000000
actuation_noise,raw_force_scalar,3,20,0.000000,0.000000,0.340472,0.073800,0.221190,0.070302,0.251686,0.052206,0.343788,0.131352,0.100000,0.134896,0.404008,0.000000,0.000000
actuation_noise,raw_force_scalar,4,20,0.000000,0.000000,0.269278,0.031150,0.157537,0.033330,0.199107,0.028518,0.440663,0.070305,0.000000,0.000000,0.537764,0.000000,0.000000
actuation_noise,raw_force_scalar,5,20,0.150000,0.160559,0.240924,0.047439,0.140375,0.040819,0.170822,0.039418,0.559669,0.102399,0.000000,0.000000,0.477951,0.000000,0.000000
actuation_noise,raw_force_scalar,6,20,0.100000,0.134896,0.271809,0.048228,0.152907,0.049049,0.183838,0.044522,0.484335,0.128894,0.050000,0.098000,0.454012,0.000000,0.000000
actuation_noise,raw_force_scalar,7,20,0.050000,0.098000,0.306256,0.045292,0.200989,0.037571,0.229582,0.042053,0.407826,0.101915,0.050000,0.098000,0.491944,0.000000,0.000000
actuation_noise,rc_fev_no_online,0,20,0.350000,0.214472,0.159268,0.024588,0.046799,0.018658,0.098910,0.020623,0.742209,0.056415,0.000000,0.000000,0.501525,0.105871,0.534639
actuation_noise,rc_fev_no_online,1,20,0.450000,0.223700,0.150270,0.020869,0.044866,0.021407,0.090741,0.023442,0.771243,0.058355,0.000000,0.000000,0.495374,0.108545,0.537570
actuation_noise,rc_fev_no_online,2,20,0.550000,0.223700,0.173317,0.037480,0.062937,0.031004,0.096834,0.030416,0.748531,0.076389,0.050000,0.098000,0.457320,0.104865,0.533575
actuation_noise,rc_fev_no_online,3,20,0.400000,0.220285,0.157523,0.020029,0.038241,0.016733,0.098994,0.025832,0.744472,0.062306,0.000000,0.000000,0.397428,0.104400,0.533162
actuation_noise,rc_fev_no_online,4,20,0.650000,0.214472,0.140403,0.016175,0.028662,0.014525,0.071252,0.018514,0.794473,0.058360,0.000000,0.000000,0.425909,0.105051,0.533669
actuation_noise,rc_fev_no_online,5,20,0.500000,0.224827,0.150759,0.024297,0.050210,0.018790,0.079620,0.027549,0.796480,0.066937,0.000000,0.000000,0.457640,0.105225,0.533875
actuation_noise,rc_fev_no_online,6,20,0.400000,0.220285,0.149726,0.020619,0.030824,0.016095,0.092344,0.022033,0.743138,0.063215,0.000000,0.000000,0.407208,0.101245,0.529378
actuation_noise,rc_fev_no_online,7,20,0.400000,0.220285,0.154160,0.030104,0.048893,0.023484,0.109567,0.032655,0.721463,0.072597,0.000000,0.000000,0.540136,0.111600,0.541301
actuation_noise,rc_fev_v5,0,20,0.400000,0.220285,0.154543,0.024983,0.042074,0.018513,0.093943,0.022396,0.755701,0.060715,0.000000,0.000000,0.502097,0.111332,0.461707
actuation_noise,rc_fev_v5,1,20,0.450000,0.223700,0.150270,0.020869,0.044866,0.021407,0.090741,0.023442,0.771243,0.058355,0.000000,0.000000,0.495374,0.109608,0.459616
actuation_noise,rc_fev_v5,2,20,0.550000,0.223700,0.173317,0.037480,0.062937,0.031004,0.096834,0.030416,0.748531,0.076389,0.050000,0.098000,0.457320,0.106602,0.456524
actuation_noise,rc_fev_v5,3,20,0.400000,0.220285,0.157523,0.020029,0.038241,0.016733,0.098994,0.025832,0.744472,0.062306,0.000000,0.000000,0.397428,0.106068,0.455994
actuation_noise,rc_fev_v5,4,20,0.650000,0.214472,0.140403,0.016175,0.028662,0.014525,0.071252,0.018514,0.794473,0.058360,0.000000,0.000000,0.425909,0.105549,0.455099
actuation_noise,rc_fev_v5,5,20,0.500000,0.224827,0.150759,0.024297,0.050210,0.018790,0.079620,0.027549,0.796480,0.066937,0.000000,0.000000,0.457640,0.107994,0.458046
actuation_noise,rc_fev_v5,6,20,0.400000,0.220285,0.149726,0.020619,0.030824,0.016095,0.092344,0.022033,0.743138,0.063215,0.000000,0.000000,0.407208,0.105127,0.454815
actuation_noise,rc_fev_v5,7,20,0.400000,0.220285,0.154160,0.030104,0.048893,0.023484,0.109567,0.032655,0.721463,0.072597,0.000000,0.000000,0.540136,0.115135,0.466256
actuation_noise,robust_domain_randomized_mpc,0,20,0.350000,0.214472,0.159896,0.025909,0.047427,0.020493,0.102389,0.024366,0.735536,0.062622,0.000000,0.000000,0.503584,0.000000,0.000000
actuation_noise,robust_domain_randomized_mpc,1,20,0.450000,0.223700,0.153935,0.021173,0.048530,0.021450,0.091738,0.023498,0.769521,0.057914,0.000000,0.000000,0.502459,0.000000,0.000000
actuation_noise,robust_domain_randomized_mpc,2,20,0.450000,0.223700,0.180192,0.038135,0.069812,0.032455,0.111861,0.031397,0.710130,0.078907,0.050000,0.098000,0.441070,0.000000,0.000000
actuation_noise,robust_domain_randomized_mpc,3,20,0.350000,0.214472,0.158851,0.019843,0.039569,0.016692,0.104729,0.025215,0.728314,0.061521,0.000000,0.000000,0.396410,0.000000,0.000000
actuation_noise,robust_domain_randomized_mpc,4,20,0.600000,0.220285,0.138956,0.016524,0.027216,0.014794,0.072788,0.018338,0.790498,0.057694,0.000000,0.000000,0.426999,0.000000,0.000000
actuation_noise,robust_domain_randomized_mpc,5,20,0.550000,0.223700,0.146866,0.024225,0.046317,0.018994,0.079624,0.028021,0.796312,0.068152,0.000000,0.000000,0.474878,0.000000,0.000000
actuation_noise,robust_domain_randomized_mpc,6,20,0.300000,0.206058,0.155772,0.018145,0.036870,0.016660,0.099166,0.020575,0.723689,0.059692,0.000000,0.000000,0.397981,0.000000,0.000000
actuation_noise,robust_domain_randomized_mpc,7,20,0.400000,0.220285,0.159070,0.029211,0.053804,0.023389,0.109992,0.032543,0.720429,0.072263,0.000000,0.000000,0.530884,0.000000,0.000000
actuation_noise,source_action_transfer,0,20,0.350000,0.214472,0.181332,0.026956,0.068862,0.027772,0.109176,0.021617,0.720105,0.052364,0.000000,0.000000,0.508525,0.000000,0.000000
actuation_noise,source_action_transfer,1,20,0.250000,0.194706,0.186785,0.022680,0.081381,0.024021,0.115997,0.026686,0.714227,0.058261,0.000000,0.000000,0.449659,0.000000,0.000000
actuation_noise,source_action_transfer,2,20,0.400000,0.220285,0.171699,0.025908,0.061319,0.027125,0.106013,0.031891,0.719743,0.087999,0.000000,0.000000,0.408630,0.000000,0.000000
actuation_noise,source_action_transfer,3,20,0.350000,0.214472,0.172208,0.025830,0.052926,0.030911,0.095533,0.023384,0.750479,0.064594,0.000000,0.000000,0.454709,0.000000,0.000000
actuation_noise,source_action_transfer,4,20,0.450000,0.223700,0.154251,0.022029,0.042510,0.024745,0.090859,0.021118,0.743902,0.061612,0.000000,0.000000,0.462942,0.000000,0.000000
actuation_noise,source_action_transfer,5,20,0.400000,0.220285,0.169856,0.021503,0.069307,0.018836,0.091771,0.021730,0.763247,0.059451,0.000000,0.000000,0.460309,0.000000,0.000000
actuation_noise,source_action_transfer,6,20,0.350000,0.214472,0.159136,0.018398,0.040234,0.019940,0.087603,0.020893,0.762000,0.055495,0.000000,0.000000,0.525322,0.000000,0.000000
actuation_noise,source_action_transfer,7,20,0.400000,0.220285,0.153697,0.021000,0.048431,0.022279,0.080777,0.018794,0.791885,0.046910,0.000000,0.000000,0.463434,0.000000,0.000000
combined_shift,cefv_v4,0,20,0.350000,0.214472,0.183622,0.024412,0.092126,0.029962,0.108338,0.022283,0.748226,0.052177,0.000000,0.000000,1.023996,0.009607,0.000000
combined_shift,cefv_v4,1,20,0.150000,0.160559,0.189207,0.023487,0.070887,0.026726,0.117888,0.021538,0.700353,0.050338,0.000000,0.000000,0.891623,0.015748,0.000000
combined_shift,cefv_v4,2,20,0.250000,0.194706,0.168083,0.030390,0.076007,0.026090,0.098960,0.021797,0.737579,0.060985,0.050000,0.098000,0.956089,0.016135,0.000000
combined_shift,cefv_v4,3,20,0.500000,0.224827,0.186951,0.032785,0.091434,0.035529,0.104444,0.027194,0.753420,0.060200,0.000000,0.000000,1.164135,0.019623,0.000000
combined_shift,cefv_v4,4,20,0.350000,0.214472,0.176758,0.039900,0.055781,0.022281,0.123852,0.035385,0.685698,0.087912,0.000000,0.000000,0.526076,0.019270,0.000000
combined_shift,cefv_v4,5,20,0.500000,0.224827,0.165699,0.033578,0.059566,0.028944,0.101730,0.033647,0.758355,0.076352,0.000000,0.000000,0.790718,0.012305,0.000000
combined_shift,cefv_v4,6,20,0.300000,0.206058,0.190394,0.037541,0.093426,0.037306,0.122043,0.029133,0.707294,0.073098,0.050000,0.098000,0.811714,0.012909,0.000000
combined_shift,cefv_v4,7,20,0.250000,0.194706,0.183667,0.030187,0.081415,0.031707,0.109986,0.023578,0.728143,0.055749,0.000000,0.000000,0.914412,0.015089,0.000000
combined_shift,continuous_force_regression,0,20,0.300000,0.206058,0.192873,0.029421,0.101377,0.032961,0.118464,0.027248,0.722794,0.062879,0.000000,0.000000,1.014438,0.000000,0.000000
combined_shift,continuous_force_regression,1,20,0.150000,0.160559,0.193056,0.039637,0.074737,0.033234,0.129106,0.034316,0.674672,0.075530,0.000000,0.000000,0.961243,0.000000,0.000000
combined_shift,continuous_force_regression,2,20,0.250000,0.194706,0.174358,0.022949,0.082282,0.023780,0.096659,0.020262,0.745415,0.058592,0.000000,0.000000,0.772624,0.000000,0.000000
combined_shift,continuous_force_regression,3,20,0.250000,0.194706,0.198269,0.040102,0.102751,0.040823,0.129011,0.035198,0.688229,0.082028,0.000000,0.000000,1.083231,0.000000,0.000000
combined_shift,continuous_force_regression,4,20,0.150000,0.160559,0.221788,0.043147,0.100811,0.032712,0.162467,0.041065,0.590001,0.105124,0.000000,0.000000,0.518918,0.000000,0.000000
combined_shift,continuous_force_regression,5,20,0.300000,0.206058,0.179266,0.038212,0.073133,0.031289,0.109249,0.027884,0.738087,0.057752,0.050000,0.098000,0.877099,0.000000,0.000000
combined_shift,continuous_force_regression,6,20,0.300000,0.206058,0.176521,0.029386,0.079553,0.030177,0.107504,0.023483,0.741884,0.056571,0.000000,0.000000,0.981786,0.000000,0.000000
combined_shift,continuous_force_regression,7,20,0.300000,0.206058,0.178987,0.036852,0.076735,0.037486,0.122328,0.030880,0.692370,0.078982,0.000000,0.000000,0.819057,0.000000,0.000000
combined_shift,cvar_domain_randomized_mpc,0,20,0.200000,0.179862,0.178594,0.026485,0.087098,0.031112,0.113596,0.019511,0.738568,0.042135,0.000000,0.000000,1.022645,0.000000,0.000000
combined_shift,cvar_domain_randomized_mpc,1,20,0.300000,0.206058,0.193054,0.030240,0.074735,0.023983,0.106475,0.035207,0.734830,0.080237,0.000000,0.000000,0.870588,0.000000,0.000000
combined_shift,cvar_domain_randomized_mpc,2,20,0.500000,0.224827,0.142572,0.026362,0.050496,0.020963,0.075356,0.021211,0.801784,0.059297,0.000000,0.000000,0.903217,0.000000,0.000000
combined_shift,cvar_domain_randomized_mpc,3,20,0.350000,0.214472,0.176752,0.036389,0.081234,0.038255,0.109507,0.029709,0.737426,0.069360,0.000000,0.000000,1.117412,0.000000,0.000000
combined_shift,cvar_domain_randomized_mpc,4,20,0.350000,0.214472,0.197889,0.039723,0.076912,0.029580,0.139288,0.038173,0.649290,0.096793,0.000000,0.000000,0.504124,0.000000,0.000000
combined_shift,cvar_domain_randomized_mpc,5,20,0.450000,0.223700,0.173908,0.042604,0.067776,0.028654,0.107992,0.038350,0.741572,0.081391,0.000000,0.000000,0.843394,0.000000,0.000000
combined_shift,cvar_domain_randomized_mpc,6,20,0.500000,0.224827,0.178533,0.036617,0.081565,0.039163,0.095442,0.026087,0.774793,0.060605,0.050000,0.098000,0.931065,0.000000,0.000000
combined_shift,cvar_domain_randomized_mpc,7,20,0.250000,0.194706,0.172663,0.026164,0.070411,0.031290,0.108875,0.017515,0.724568,0.045389,0.000000,0.000000,0.893187,0.000000,0.000000
combined_shift,geometry_mpc,0,20,0.000000,0.000000,0.365795,0.057219,0.274299,0.050402,0.281893,0.040395,0.344611,0.093597,0.050000,0.098000,1.622720,0.000000,0.000000
combined_shift,geometry_mpc,1,20,0.000000,0.000000,0.332877,0.063902,0.214558,0.056059,0.259080,0.042304,0.335115,0.103338,0.050000,0.098000,1.339637,0.000000,0.000000
combined_shift,geometry_mpc,2,20,0.000000,0.000000,0.311587,0.036087,0.219511,0.033945,0.241423,0.029123,0.370387,0.081879,0.000000,0.000000,1.364288,0.000000,0.000000
combined_shift,geometry_mpc,3,20,0.000000,0.000000,0.329597,0.058496,0.234079,0.061658,0.247955,0.040085,0.402322,0.092496,0.050000,0.098000,1.884574,0.000000,0.000000
combined_shift,geometry_mpc,4,20,0.000000,0.000000,0.405796,0.085533,0.284819,0.070399,0.299560,0.052085,0.233703,0.140002,0.150000,0.160559,0.825840,0.000000,0.000000
combined_shift,geometry_mpc,5,20,0.000000,0.000000,0.369693,0.072478,0.263561,0.056553,0.287841,0.051502,0.306602,0.097125,0.050000,0.098000,1.372407,0.000000,0.000000
combined_shift,geometry_mpc,6,20,0.050000,0.098000,0.328188,0.043918,0.231220,0.043024,0.259239,0.041782,0.377371,0.102390,0.000000,0.000000,1.506266,0.000000,0.000000
combined_shift,geometry_mpc,7,20,0.000000,0.000000,0.323679,0.038689,0.221427,0.034566,0.256240,0.034897,0.359089,0.091585,0.000000,0.000000,1.588879,0.000000,0.000000
combined_shift,oracle_embodiment_mpc,0,20,0.850000,0.160559,0.091496,0.015920,0.000000,0.000000,0.042038,0.010913,0.902268,0.025493,0.000000,0.000000,1.187447,0.000000,0.000000
combined_shift,oracle_embodiment_mpc,1,20,0.400000,0.220285,0.118320,0.020633,0.000000,0.000000,0.087619,0.023821,0.775493,0.062050,0.000000,0.000000,1.006772,0.000000,0.000000
combined_shift,oracle_embodiment_mpc,2,20,0.850000,0.160559,0.092076,0.015204,0.000000,0.000000,0.048049,0.013249,0.871230,0.037824,0.000000,0.000000,1.096983,0.000000,0.000000
combined_shift,oracle_embodiment_mpc,3,20,0.850000,0.160559,0.095518,0.011562,0.000000,0.000000,0.049735,0.010506,0.879737,0.024733,0.000000,0.000000,1.427560,0.000000,0.000000
combined_shift,oracle_embodiment_mpc,4,20,0.550000,0.223700,0.120977,0.023239,0.000000,0.000000,0.081939,0.020226,0.792587,0.051716,0.000000,0.000000,0.553506,0.000000,0.000000
combined_shift,oracle_embodiment_mpc,5,20,0.750000,0.194706,0.106133,0.019075,0.000000,0.000000,0.059124,0.022100,0.858509,0.045546,0.000000,0.000000,0.911028,0.000000,0.000000
combined_shift,oracle_embodiment_mpc,6,20,0.850000,0.160559,0.096968,0.012703,0.000000,0.000000,0.044349,0.010229,0.892107,0.028844,0.000000,0.000000,1.116941,0.000000,0.000000
combined_shift,oracle_embodiment_mpc,7,20,0.700000,0.206058,0.102252,0.014837,0.000000,0.000000,0.064106,0.014598,0.834787,0.043871,0.000000,0.000000,1.032987,0.000000,0.000000
combined_shift,random_shooting,0,20,0.100000,0.134896,0.369029,0.083385,0.277533,0.079194,0.292020,0.076028,0.315683,0.178881,0.000000,0.000000,1.464633,0.000000,0.000000
combined_shift,random_shooting,1,20,0.000000,0.000000,0.366753,0.052645,0.248434,0.050056,0.302555,0.050734,0.217709,0.141553,0.000000,0.000000,0.919255,0.000000,0.000000
combined_shift,random_shooting,2,20,0.100000,0.134896,0.257941,0.040159,0.165865,0.040103,0.190186,0.039468,0.501855,0.102395,0.000000,0.000000,1.211611,0.000000,0.000000
combined_shift,random_shooting,3,20,0.000000,0.000000,0.314729,0.065150,0.219211,0.064828,0.229694,0.049233,0.433322,0.129169,0.050000,0.098000,1.270224,0.000000,0.000000
combined_shift,random_shooting,4,20,0.100000,0.134896,0.397209,0.112831,0.276233,0.097437,0.295785,0.085811,0.252957,0.216800,0.150000,0.160559,0.697450,0.000000,0.000000
combined_shift,random_shooting,5,20,0.200000,0.179862,0.312257,0.065624,0.206125,0.059560,0.247944,0.063641,0.398588,0.152699,0.000000,0.000000,1.089415,0.000000,0.000000
combined_shift,random_shooting,6,20,0.050000,0.098000,0.326152,0.061034,0.229184,0.063063,0.262039,0.057325,0.359865,0.147961,0.000000,0.000000,1.418789,0.000000,0.000000
combined_shift,random_shooting,7,20,0.050000,0.098000,0.336049,0.057689,0.233797,0.053359,0.273957,0.057315,0.317439,0.157709,0.000000,0.000000,0.991448,0.000000,0.000000
combined_shift,raw_force_scalar,0,20,0.050000,0.098000,0.279629,0.046238,0.188133,0.040008,0.217710,0.043278,0.501835,0.096072,0.000000,0.000000,0.889561,0.000000,0.000000
combined_shift,raw_force_scalar,1,20,0.100000,0.134896,0.282552,0.099510,0.164232,0.088486,0.197516,0.072662,0.507697,0.164934,0.050000,0.098000,0.631836,0.000000,0.000000
combined_shift,raw_force_scalar,2,20,0.250000,0.194706,0.203769,0.049383,0.111693,0.042719,0.136467,0.044909,0.657774,0.101248,0.000000,0.000000,0.757795,0.000000,0.000000
combined_shift,raw_force_scalar,3,20,0.050000,0.098000,0.282963,0.047420,0.187445,0.049252,0.200743,0.038422,0.520377,0.082423,0.050000,0.098000,1.032045,0.000000,0.000000
combined_shift,raw_force_scalar,4,20,0.100000,0.134896,0.293543,0.048866,0.172566,0.045836,0.219558,0.045453,0.449692,0.113176,0.050000,0.098000,0.550395,0.000000,0.000000
combined_shift,raw_force_scalar,5,20,0.100000,0.134896,0.305910,0.087038,0.199777,0.075687,0.210865,0.065988,0.493554,0.142855,0.150000,0.160559,0.719727,0.000000,0.000000
combined_shift,raw_force_scalar,6,20,0.050000,0.098000,0.238859,0.041251,0.141891,0.038256,0.171867,0.037602,0.583823,0.096162,0.000000,0.000000,0.852336,0.000000,0.000000
combined_shift,raw_force_scalar,7,20,0.150000,0.160559,0.240011,0.038628,0.137758,0.037502,0.166367,0.028155,0.579115,0.075323,0.050000,0.098000,0.780512,0.000000,0.000000
combined_shift,rc_fev_no_online,0,20,0.200000,0.179862,0.184233,0.023140,0.092736,0.029620,0.114126,0.019213,0.738285,0.041336,0.000000,0.000000,1.004445,0.104137,0.532682
combined_shift,rc_fev_no_online,1,20,0.250000,0.194706,0.188168,0.030212,0.069848,0.023377,0.108670,0.034254,0.727768,0.078173,0.000000,0.000000,0.854477,0.108445,0.537541
combined_shift,rc_fev_no_online,2,20,0.500000,0.224827,0.145217,0.025234,0.053141,0.019996,0.077663,0.021036,0.795661,0.058903,0.000000,0.000000,0.899112,0.105921,0.534662
combined_shift,rc_fev_no_online,3,20,0.350000,0.214472,0.168533,0.033754,0.073016,0.035627,0.106204,0.028004,0.745057,0.065881,0.000000,0.000000,1.169466,0.110538,0.539873
combined_shift,rc_fev_no_online,4,20,0.300000,0.206058,0.195758,0.040152,0.074782,0.029923,0.140613,0.037770,0.645400,0.095917,0.000000,0.000000,0.514169,0.102519,0.530977
combined_shift,rc_fev_no_online,5,20,0.450000,0.223700,0.179766,0.045494,0.073633,0.032470,0.113031,0.043738,0.731340,0.093697,0.000000,0.000000,0.799055,0.103577,0.531591
combined_shift,rc_fev_no_online,6,20,0.400000,0.220285,0.175324,0.037226,0.078356,0.039829,0.098078,0.023973,0.764917,0.057256,0.050000,0.098000,0.884496,0.104966,0.533706
combined_shift,rc_fev_no_online,7,20,0.300000,0.206058,0.167342,0.024959,0.065089,0.030013,0.101879,0.016577,0.743192,0.042447,0.000000,0.000000,0.900332,0.104348,0.532497
combined_shift,rc_fev_v5,0,20,0.200000,0.179862,0.184233,0.023140,0.092736,0.029620,0.114126,0.019213,0.738285,0.041336,0.000000,0.000000,1.004445,0.108862,0.459190
combined_shift,rc_fev_v5,1,20,0.250000,0.194706,0.192809,0.030330,0.074489,0.024132,0.110019,0.034337,0.724775,0.078112,0.000000,0.000000,0.851760,0.107149,0.457069
combined_shift,rc_fev_v5,2,20,0.500000,0.224827,0.143028,0.024663,0.050952,0.019816,0.078063,0.021080,0.794558,0.059058,0.000000,0.000000,0.939982,0.109950,0.460186
combined_shift,rc_fev_v5,3,20,0.350000,0.214472,0.172118,0.033661,0.076601,0.035632,0.105699,0.028164,0.745392,0.066991,0.000000,0.000000,1.148411,0.115804,0.466706
combined_shift,rc_fev_v5,4,20,0.300000,0.206058,0.195758,0.040152,0.074782,0.029923,0.140613,0.037770,0.645400,0.095917,0.000000,0.000000,0.514169,0.106484,0.456500
combined_shift,rc_fev_v5,5,20,0.450000,0.223700,0.179766,0.045494,0.073633,0.032470,0.113031,0.043738,0.731340,0.093697,0.000000,0.000000,0.799055,0.108754,0.458522
combined_shift,rc_fev_v5,6,20,0.450000,0.223700,0.173668,0.037263,0.076700,0.040060,0.094278,0.024235,0.775542,0.056648,0.050000,0.098000,0.917399,0.106879,0.456818
combined_shift,rc_fev_v5,7,20,0.250000,0.194706,0.168301,0.024973,0.066049,0.029684,0.106089,0.016233,0.730547,0.044187,0.000000,0.000000,0.904064,0.111183,0.461493
combined_shift,robust_domain_randomized_mpc,0,20,0.150000,0.160559,0.185924,0.023083,0.094428,0.031052,0.117058,0.018569,0.730219,0.040414,0.000000,0.000000,1.026364,0.000000,0.000000
combined_shift,robust_domain_randomized_mpc,1,20,0.250000,0.194706,0.181460,0.031288,0.063140,0.023516,0.107071,0.034715,0.730259,0.079615,0.000000,0.000000,0.805984,0.000000,0.000000
combined_shift,robust_domain_randomized_mpc,2,20,0.500000,0.224827,0.143768,0.025133,0.051692,0.019754,0.078208,0.021238,0.794206,0.059430,0.000000,0.000000,0.896659,0.000000,0.000000
combined_shift,robust_domain_randomized_mpc,3,20,0.400000,0.220285,0.167835,0.029320,0.072318,0.031766,0.101623,0.027071,0.755076,0.064524,0.000000,0.000000,1.165198,0.000000,0.000000
combined_shift,robust_domain_randomized_mpc,4,20,0.350000,0.214472,0.201264,0.041693,0.080288,0.030622,0.136777,0.039127,0.657078,0.098451,0.000000,0.000000,0.515416,0.000000,0.000000
combined_shift,robust_domain_randomized_mpc,5,20,0.500000,0.224827,0.179369,0.045582,0.073236,0.032530,0.112618,0.043814,0.732424,0.093877,0.000000,0.000000,0.808591,0.000000,0.000000
combined_shift,robust_domain_randomized_mpc,6,20,0.300000,0.206058,0.178773,0.037024,0.081805,0.039390,0.107693,0.023613,0.741144,0.057841,0.050000,0.098000,0.886358,0.000000,0.000000
combined_shift,robust_domain_randomized_mpc,7,20,0.300000,0.206058,0.175492,0.025539,0.073239,0.029733,0.107724,0.018577,0.728200,0.047881,0.000000,0.000000,0.858581,0.000000,0.000000
combined_shift,source_action_transfer,0,20,0.300000,0.206058,0.193453,0.026265,0.101957,0.031042,0.118757,0.027109,0.726828,0.059434,0.000000,0.000000,0.983587,0.000000,0.000000
combined_shift,source_action_transfer,1,20,0.250000,0.194706,0.185725,0.025311,0.067405,0.026006,0.105795,0.023782,0.732799,0.053990,0.000000,0.000000,0.791623,0.000000,0.000000
combined_shift,source_action_transfer,2,20,0.300000,0.206058,0.162791,0.015993,0.070715,0.023367,0.093029,0.014141,0.757504,0.040180,0.000000,0.000000,0.859316,0.000000,0.000000
combined_shift,source_action_transfer,3,20,0.400000,0.220285,0.199697,0.025050,0.104180,0.026714,0.114848,0.025010,0.724636,0.058566,0.000000,0.000000,1.094257,0.000000,0.000000
combined_shift,source_action_transfer,4,20,0.350000,0.214472,0.208034,0.034695,0.087057,0.029691,0.127388,0.034962,0.684525,0.083151,0.000000,0.000000,0.515562,0.000000,0.000000
combined_shift,source_action_transfer,5,20,0.450000,0.223700,0.182327,0.037554,0.076194,0.029983,0.109477,0.042435,0.740550,0.090631,0.000000,0.000000,0.808406,0.000000,0.000000
combined_shift,source_action_transfer,6,20,0.450000,0.223700,0.170364,0.027324,0.073396,0.032759,0.092502,0.026297,0.780654,0.060505,0.000000,0.000000,0.828094,0.000000,0.000000
combined_shift,source_action_transfer,7,20,0.300000,0.206058,0.195677,0.029341,0.093425,0.033920,0.114096,0.024861,0.719779,0.057612,0.000000,0.000000,0.933345,0.000000,0.000000
heavy_object,cefv_v4,0,20,0.300000,0.206058,0.170700,0.024346,0.070485,0.026577,0.096966,0.024871,0.728534,0.075641,0.000000,0.000000,0.888071,0.007731,0.000000
heavy_object,cefv_v4,1,20,0.150000,0.160559,0.127818,0.011191,0.030716,0.012866,0.098033,0.012425,0.716095,0.045307,0.000000,0.000000,0.759297,0.021672,0.000000
heavy_object,cefv_v4,2,20,0.350000,0.214472,0.149123,0.025164,0.054828,0.022392,0.113055,0.026153,0.688282,0.069314,0.000000,0.000000,0.904289,0.018810,0.000000
heavy_object,cefv_v4,3,20,0.550000,0.223700,0.149880,0.020984,0.038561,0.019897,0.073311,0.021647,0.803587,0.053638,0.000000,0.000000,0.928595,0.017674,0.000000
heavy_object,cefv_v4,4,20,0.500000,0.224827,0.145142,0.016653,0.036820,0.018516,0.083709,0.019799,0.774490,0.052146,0.000000,0.000000,1.154925,0.013426,0.000000
heavy_object,cefv_v4,5,20,0.350000,0.214472,0.135238,0.015160,0.032952,0.009266,0.087481,0.015245,0.744661,0.045538,0.000000,0.000000,1.036970,0.014826,0.000000
heavy_object,cefv_v4,6,20,0.500000,0.224827,0.136084,0.015468,0.030261,0.014471,0.072998,0.020936,0.801706,0.056063,0.000000,0.000000,0.803115,0.010776,0.000000
heavy_object,cefv_v4,7,20,0.650000,0.214472,0.138161,0.017853,0.033172,0.016207,0.067234,0.016292,0.807490,0.047478,0.000000,0.000000,1.087903,0.015178,0.000000
heavy_object,continuous_force_regression,0,20,0.300000,0.206058,0.153267,0.018409,0.053052,0.020129,0.099516,0.019077,0.729808,0.053317,0.000000,0.000000,0.932390,0.000000,0.000000
heavy_object,continuous_force_regression,1,20,0.350000,0.214472,0.142416,0.016995,0.045314,0.016614,0.081742,0.020050,0.764747,0.060792,0.000000,0.000000,0.841983,0.000000,0.000000
heavy_object,continuous_force_regression,2,20,0.450000,0.223700,0.144523,0.026562,0.050229,0.022972,0.093419,0.023647,0.746637,0.056476,0.000000,0.000000,0.902301,0.000000,0.000000
heavy_object,continuous_force_regression,3,20,0.250000,0.194706,0.145186,0.018816,0.033866,0.015288,0.093768,0.016553,0.738724,0.047700,0.000000,0.000000,0.907577,0.000000,0.000000
heavy_object,continuous_force_regression,4,20,0.450000,0.223700,0.142557,0.022520,0.034235,0.020682,0.087837,0.021531,0.766536,0.052757,0.000000,0.000000,1.161253,0.000000,0.000000
heavy_object,continuous_force_regression,5,20,0.350000,0.214472,0.156730,0.026984,0.054444,0.023518,0.096400,0.018807,0.719451,0.053070,0.000000,0.000000,1.131410,0.000000,0.000000
heavy_object,continuous_force_regression,6,20,0.300000,0.206058,0.138629,0.024655,0.032807,0.019820,0.093234,0.020250,0.746644,0.051672,0.000000,0.000000,0.860398,0.000000,0.000000
heavy_object,continuous_force_regression,7,20,0.450000,0.223700,0.141187,0.017930,0.036198,0.015368,0.079713,0.016255,0.773051,0.045096,0.000000,0.000000,1.100945,0.000000,0.000000
heavy_object,cvar_domain_randomized_mpc,0,20,0.400000,0.220285,0.144188,0.021033,0.043973,0.019034,0.079540,0.023464,0.782326,0.065923,0.000000,0.000000,0.928056,0.000000,0.000000
heavy_object,cvar_domain_randomized_mpc,1,20,0.450000,0.223700,0.126254,0.009794,0.029152,0.015090,0.076882,0.017739,0.784617,0.048541,0.000000,0.000000,0.743378,0.000000,0.000000
heavy_object,cvar_domain_randomized_mpc,2,20,0.500000,0.224827,0.127253,0.017433,0.032958,0.013695,0.080838,0.018788,0.774900,0.049671,0.000000,0.000000,0.933042,0.000000,0.000000
heavy_object,cvar_domain_randomized_mpc,3,20,0.600000,0.220285,0.137435,0.014832,0.026116,0.013099,0.070995,0.019577,0.804201,0.056347,0.000000,0.000000,0.895309,0.000000,0.000000
heavy_object,cvar_domain_randomized_mpc,4,20,0.650000,0.214472,0.127872,0.012006,0.019550,0.010864,0.072359,0.020406,0.803242,0.054436,0.000000,0.000000,1.117330,0.000000,0.000000
heavy_object,cvar_domain_randomized_mpc,5,20,0.750000,0.194706,0.125058,0.015075,0.022772,0.011713,0.058049,0.017022,0.839364,0.040464,0.000000,0.000000,1.151506,0.000000,0.000000
heavy_object,cvar_domain_randomized_mpc,6,20,0.600000,0.220285,0.131056,0.013523,0.025233,0.010984,0.065156,0.015835,0.824100,0.042431,0.000000,0.000000,0.730340,0.000000,0.000000
heavy_object,cvar_domain_randomized_mpc,7,20,0.500000,0.224827,0.125868,0.014463,0.020879,0.010600,0.071081,0.018120,0.792543,0.055813,0.000000,0.000000,1.101625,0.000000,0.000000
heavy_object,geometry_mpc,0,20,0.000000,0.000000,0.346754,0.032132,0.246539,0.027323,0.272260,0.031073,0.259380,0.082054,0.000000,0.000000,1.372344,0.000000,0.000000
heavy_object,geometry_mpc,1,20,0.000000,0.000000,0.322787,0.033829,0.225686,0.027678,0.248178,0.030611,0.297220,0.080857,0.000000,0.000000,1.222207,0.000000,0.000000
heavy_object,geometry_mpc,2,20,0.000000,0.000000,0.320980,0.040803,0.226686,0.038851,0.257978,0.034650,0.298382,0.063510,0.000000,0.000000,1.427809,0.000000,0.000000
heavy_object,geometry_mpc,3,20,0.000000,0.000000,0.318495,0.033773,0.207175,0.031764,0.250793,0.028148,0.313873,0.070771,0.000000,0.000000,1.237754,0.000000,0.000000
heavy_object,geometry_mpc,4,20,0.000000,0.000000,0.323447,0.039385,0.215125,0.034703,0.270218,0.035897,0.262293,0.098570,0.000000,0.000000,1.596163,0.000000,0.000000
heavy_object,geometry_mpc,5,20,0.000000,0.000000,0.312172,0.037640,0.209886,0.032461,0.244765,0.030429,0.294428,0.072551,0.000000,0.000000,1.495223,0.000000,0.000000
heavy_object,geometry_mpc,6,20,0.000000,0.000000,0.308347,0.031864,0.202524,0.028484,0.245350,0.028794,0.332183,0.071872,0.000000,0.000000,1.347047,0.000000,0.000000
heavy_object,geometry_mpc,7,20,0.000000,0.000000,0.310408,0.039578,0.205418,0.039250,0.238503,0.029144,0.322797,0.064240,0.000000,0.000000,1.601443,0.000000,0.000000
heavy_object,oracle_embodiment_mpc,0,20,0.800000,0.179862,0.100215,0.012944,0.000000,0.000000,0.048221,0.015190,0.867385,0.041116,0.000000,0.000000,1.067178,0.000000,0.000000
heavy_object,oracle_embodiment_mpc,1,20,0.750000,0.194706,0.097102,0.014369,0.000000,0.000000,0.053321,0.015606,0.853179,0.040446,0.000000,0.000000,0.912353,0.000000,0.000000
heavy_object,oracle_embodiment_mpc,2,20,0.900000,0.134896,0.094295,0.011702,0.000000,0.000000,0.037854,0.011577,0.892799,0.032478,0.000000,0.000000,0.980718,0.000000,0.000000
heavy_object,oracle_embodiment_mpc,3,20,0.800000,0.179862,0.111320,0.009643,0.000000,0.000000,0.049180,0.012755,0.864941,0.035863,0.000000,0.000000,0.950646,0.000000,0.000000
heavy_object,oracle_embodiment_mpc,4,20,0.750000,0.194706,0.108322,0.010806,0.000000,0.000000,0.056669,0.016139,0.844408,0.045387,0.000000,0.000000,1.357434,0.000000,0.000000
heavy_object,oracle_embodiment_mpc,5,20,0.800000,0.179862,0.102286,0.008672,0.000000,0.000000,0.050724,0.010408,0.851111,0.031667,0.000000,0.000000,1.085535,0.000000,0.000000
heavy_object,oracle_embodiment_mpc,6,20,0.700000,0.206058,0.105823,0.011261,0.000000,0.000000,0.056729,0.013580,0.843051,0.041507,0.000000,0.000000,0.964325,0.000000,0.000000
heavy_object,oracle_embodiment_mpc,7,20,0.800000,0.179862,0.104989,0.012794,0.000000,0.000000,0.047213,0.012534,0.868701,0.031326,0.000000,0.000000,1.131903,0.000000,0.000000
heavy_object,random_shooting,0,20,0.050000,0.098000,0.351485,0.051477,0.251271,0.053361,0.288159,0.052757,0.203236,0.150880,0.000000,0.000000,1.056503,0.000000,0.000000
heavy_object,random_shooting,1,20,0.050000,0.098000,0.310935,0.091187,0.213833,0.081137,0.230244,0.072875,0.344796,0.210604,0.050000,0.098000,1.077763,0.000000,0.000000
heavy_object,random_shooting,2,20,0.000000,0.000000,0.377004,0.083797,0.282709,0.085488,0.284699,0.058130,0.213330,0.144683,0.100000,0.134896,1.270736,0.000000,0.000000
heavy_object,random_shooting,3,20,0.100000,0.134896,0.325595,0.062279,0.214275,0.064785,0.257025,0.064825,0.313536,0.157132,0.000000,0.000000,1.075942,0.000000,0.000000
heavy_object,random_shooting,4,20,0.050000,0.098000,0.388446,0.055824,0.280124,0.053870,0.318110,0.057581,0.135051,0.163138,0.000000,0.000000,1.391045,0.000000,0.000000
heavy_object,random_shooting,5,20,0.050000,0.098000,0.258770,0.048972,0.156484,0.049748,0.193494,0.053648,0.445751,0.143500,0.000000,0.000000,1.007373,0.000000,0.000000
heavy_object,random_shooting,6,20,0.000000,0.000000,0.355672,0.059194,0.249849,0.063053,0.283877,0.052251,0.230808,0.137834,0.000000,0.000000,1.151573,0.000000,0.000000
heavy_object,random_shooting,7,20,0.050000,0.098000,0.357296,0.054247,0.252306,0.050834,0.291116,0.051012,0.166747,0.136423,0.000000,0.000000,1.167007,0.000000,0.000000
heavy_object,raw_force_scalar,0,20,0.050000,0.098000,0.244266,0.037404,0.144051,0.040195,0.172174,0.028624,0.525273,0.086112,0.000000,0.000000,0.844586,0.000000,0.000000
heavy_object,raw_force_scalar,1,20,0.050000,0.098000,0.211277,0.042589,0.114176,0.037137,0.155507,0.041435,0.556784,0.116068,0.000000,0.000000,0.849916,0.000000,0.000000
heavy_object,raw_force_scalar,2,20,0.100000,0.134896,0.214393,0.035085,0.120098,0.034888,0.156960,0.032087,0.568426,0.078703,0.000000,0.000000,0.944082,0.000000,0.000000
heavy_object,raw_force_scalar,3,20,0.000000,0.000000,0.224687,0.029267,0.113367,0.031921,0.150466,0.026379,0.588184,0.069640,0.000000,0.000000,0.842015,0.000000,0.000000
heavy_object,raw_force_scalar,4,20,0.050000,0.098000,0.241723,0.035843,0.133401,0.035485,0.169787,0.031921,0.543142,0.081458,0.000000,0.000000,1.054032,0.000000,0.000000
heavy_object,raw_force_scalar,5,20,0.050000,0.098000,0.259003,0.036920,0.156717,0.036120,0.183662,0.036245,0.462185,0.105438,0.000000,0.000000,0.982534,0.000000,0.000000
heavy_object,raw_force_scalar,6,20,0.100000,0.134896,0.240960,0.034321,0.135137,0.033529,0.162154,0.032201,0.557529,0.088484,0.000000,0.000000,0.837993,0.000000,0.000000
heavy_object,raw_force_scalar,7,20,0.150000,0.160559,0.211240,0.030124,0.106250,0.024832,0.142312,0.023496,0.590227,0.068543,0.000000,0.000000,0.975026,0.000000,0.000000
heavy_object,rc_fev_no_online,0,20,0.400000,0.220285,0.144614,0.019796,0.044400,0.016927,0.081933,0.023210,0.777665,0.064580,0.000000,0.000000,0.994498,0.102478,0.530536
heavy_object,rc_fev_no_online,1,20,0.400000,0.220285,0.125610,0.009733,0.028508,0.014831,0.078398,0.017783,0.781082,0.048071,0.000000,0.000000,0.826683,0.106867,0.535907
heavy_object,rc_fev_no_online,2,20,0.550000,0.223700,0.126707,0.017578,0.032412,0.013912,0.076584,0.019862,0.789850,0.051219,0.000000,0.000000,0.918577,0.108881,0.538047
heavy_object,rc_fev_no_online,3,20,0.650000,0.214472,0.136493,0.014368,0.025173,0.013705,0.069271,0.019691,0.808957,0.056819,0.000000,0.000000,0.883241,0.102292,0.530492
heavy_object,rc_fev_no_online,4,20,0.700000,0.206058,0.128532,0.012039,0.020210,0.010756,0.068825,0.020098,0.813675,0.052759,0.000000,0.000000,1.107476,0.102785,0.531039
heavy_object,rc_fev_no_online,5,20,0.750000,0.194706,0.125058,0.015075,0.022772,0.011713,0.058049,0.017022,0.839364,0.040464,0.000000,0.000000,1.151506,0.104290,0.532686
heavy_object,rc_fev_no_online,6,20,0.600000,0.220285,0.131056,0.013523,0.025233,0.010984,0.065156,0.015835,0.824100,0.042431,0.000000,0.000000,0.730340,0.102894,0.531214
heavy_object,rc_fev_no_online,7,20,0.700000,0.206058,0.120335,0.014299,0.015346,0.009621,0.051809,0.016526,0.857462,0.040959,0.000000,0.000000,1.105546,0.099839,0.527683
heavy_object,rc_fev_v5,0,20,0.400000,0.220285,0.144614,0.019796,0.044400,0.016927,0.081933,0.023210,0.777665,0.064580,0.000000,0.000000,0.994498,0.103796,0.452942
heavy_object,rc_fev_v5,1,20,0.450000,0.223700,0.125634,0.009906,0.028532,0.015284,0.074226,0.017954,0.794382,0.047371,0.000000,0.000000,0.819433,0.107204,0.457166
heavy_object,rc_fev_v5,2,20,0.500000,0.224827,0.127253,0.017433,0.032958,0.013695,0.080838,0.018788,0.774900,0.049671,0.000000,0.000000,0.933042,0.111727,0.462182
heavy_object,rc_fev_v5,3,20,0.650000,0.214472,0.135219,0.014178,0.023899,0.013196,0.068323,0.020063,0.811181,0.057753,0.000000,0.000000,0.887109,0.104816,0.454330
heavy_object,rc_fev_v5,4,20,0.650000,0.214472,0.127872,0.012006,0.019550,0.010864,0.072359,0.020406,0.803242,0.054436,0.000000,0.000000,1.117330,0.105149,0.454656
heavy_object,rc_fev_v5,5,20,0.750000,0.194706,0.125058,0.015075,0.022772,0.011713,0.058049,0.017022,0.839364,0.040464,0.000000,0.000000,1.151506,0.106068,0.455648
heavy_object,rc_fev_v5,6,20,0.600000,0.220285,0.131056,0.013523,0.025233,0.010984,0.065156,0.015835,0.824100,0.042431,0.000000,0.000000,0.730340,0.104488,0.453948
heavy_object,rc_fev_v5,7,20,0.700000,0.206058,0.120335,0.014299,0.015346,0.009621,0.051809,0.016526,0.857462,0.040959,0.000000,0.000000,1.105546,0.102907,0.452205
heavy_object,robust_domain_randomized_mpc,0,20,0.400000,0.220285,0.147779,0.019839,0.047565,0.016377,0.085474,0.024179,0.768380,0.066768,0.000000,0.000000,0.953170,0.000000,0.000000
heavy_object,robust_domain_randomized_mpc,1,20,0.400000,0.220285,0.123170,0.009240,0.026068,0.013180,0.076534,0.018219,0.789101,0.047080,0.000000,0.000000,0.841004,0.000000,0.000000
heavy_object,robust_domain_randomized_mpc,2,20,0.450000,0.223700,0.125069,0.016933,0.030774,0.012214,0.086422,0.020512,0.761518,0.051585,0.000000,0.000000,0.951699,0.000000,0.000000
heavy_object,robust_domain_randomized_mpc,3,20,0.650000,0.214472,0.136493,0.014368,0.025173,0.013705,0.069271,0.019691,0.808957,0.056819,0.000000,0.000000,0.883241,0.000000,0.000000
heavy_object,robust_domain_randomized_mpc,4,20,0.750000,0.194706,0.128510,0.012034,0.020188,0.010735,0.064890,0.019183,0.823619,0.051029,0.000000,0.000000,1.114343,0.000000,0.000000
heavy_object,robust_domain_randomized_mpc,5,20,0.750000,0.194706,0.126005,0.015381,0.023719,0.012148,0.057871,0.017024,0.839789,0.040519,0.000000,0.000000,1.153582,0.000000,0.000000
heavy_object,robust_domain_randomized_mpc,6,20,0.550000,0.223700,0.131945,0.013617,0.026122,0.010748,0.068249,0.015416,0.816092,0.041099,0.000000,0.000000,0.726465,0.000000,0.000000
heavy_object,robust_domain_randomized_mpc,7,20,0.650000,0.214472,0.120562,0.014417,0.015573,0.009648,0.057073,0.018624,0.843008,0.047248,0.000000,0.000000,1.093746,0.000000,0.000000
heavy_object,source_action_transfer,0,20,0.500000,0.224827,0.158023,0.016514,0.057808,0.019168,0.083127,0.021604,0.770246,0.064052,0.000000,0.000000,0.920140,0.000000,0.000000
heavy_object,source_action_transfer,1,20,0.450000,0.223700,0.143463,0.018158,0.046361,0.021968,0.079277,0.023366,0.784349,0.060971,0.000000,0.000000,0.858343,0.000000,0.000000
heavy_object,source_action_transfer,2,20,0.600000,0.220285,0.133027,0.020060,0.038732,0.020235,0.071920,0.025868,0.804810,0.065795,0.000000,0.000000,0.933319,0.000000,0.000000
heavy_object,source_action_transfer,3,20,0.650000,0.214472,0.145763,0.011302,0.034443,0.014257,0.065244,0.020150,0.821360,0.055942,0.000000,0.000000,0.884996,0.000000,0.000000
heavy_object,source_action_transfer,4,20,0.550000,0.223700,0.153745,0.017061,0.045423,0.018387,0.080492,0.021665,0.787145,0.053793,0.000000,0.000000,1.163878,0.000000,0.000000
heavy_object,source_action_transfer,5,20,0.750000,0.194706,0.127154,0.012396,0.024868,0.009538,0.058503,0.016115,0.826915,0.052023,0.000000,0.000000,1.075644,0.000000,0.000000
heavy_object,source_action_transfer,6,20,0.550000,0.223700,0.141865,0.016396,0.036042,0.018202,0.068475,0.023149,0.813776,0.059719,0.000000,0.000000,0.825262,0.000000,0.000000
heavy_object,source_action_transfer,7,20,0.850000,0.160559,0.133504,0.010047,0.028514,0.014561,0.054163,0.015608,0.847233,0.043907,0.000000,0.000000,1.086337,0.000000,0.000000
heldout_high_gain,cefv_v4,0,20,0.300000,0.206058,0.186412,0.033086,0.056226,0.027638,0.121029,0.027923,0.668096,0.069461,0.050000,0.098000,0.517112,0.014201,0.000000
heldout_high_gain,cefv_v4,1,20,0.100000,0.134896,0.185590,0.017525,0.045880,0.017113,0.133506,0.022471,0.616829,0.071143,0.000000,0.000000,0.521651,0.014119,0.000000
heldout_high_gain,cefv_v4,2,20,0.200000,0.179862,0.186704,0.029370,0.053954,0.022350,0.145390,0.027096,0.582626,0.073778,0.000000,0.000000,0.508094,0.014458,0.000000
heldout_high_gain,cefv_v4,3,20,0.450000,0.223700,0.172382,0.026111,0.038376,0.021278,0.093650,0.030168,0.726679,0.086517,0.000000,0.000000,0.554362,0.005876,0.000000
heldout_high_gain,cefv_v4,4,20,0.150000,0.160559,0.201187,0.030128,0.057270,0.019227,0.127693,0.026296,0.660616,0.074491,0.050000,0.098000,0.572831,0.010259,0.000000
heldout_high_gain,cefv_v4,5,20,0.100000,0.134896,0.176815,0.024340,0.044328,0.020136,0.140080,0.028537,0.632894,0.072724,0.000000,0.000000,0.545352,0.013426,0.000000
heldout_high_gain,cefv_v4,6,20,0.350000,0.214472,0.156874,0.027985,0.033638,0.021066,0.083685,0.016313,0.774340,0.046547,0.050000,0.098000,0.475818,0.010181,0.000000
heldout_high_gain,cefv_v4,7,20,0.450000,0.223700,0.175884,0.015792,0.044041,0.016884,0.099556,0.023250,0.718284,0.066078,0.000000,0.000000,0.618454,0.003168,0.000000
heldout_high_gain,continuous_force_regression,0,20,0.300000,0.206058,0.177543,0.030245,0.047357,0.024706,0.126605,0.027113,0.643719,0.077517,0.000000,0.000000,0.552343,0.000000,0.000000
heldout_high_gain,continuous_force_regression,1,20,0.150000,0.160559,0.203937,0.023589,0.064227,0.020419,0.154689,0.027524,0.558403,0.082398,0.000000,0.000000,0.526229,0.000000,0.000000
heldout_high_gain,continuous_force_regression,2,20,0.250000,0.194706,0.184554,0.030178,0.051804,0.023589,0.117410,0.026798,0.661284,0.076760,0.050000,0.098000,0.537308,0.000000,0.000000
heldout_high_gain,continuous_force_regression,3,20,0.100000,0.134896,0.203395,0.034189,0.069388,0.035026,0.144471,0.031033,0.578700,0.081699,0.000000,0.000000,0.492432,0.000000,0.000000
heldout_high_gain,continuous_force_regression,4,20,0.150000,0.160559,0.216643,0.033635,0.072725,0.029422,0.149970,0.030570,0.611181,0.071097,0.100000,0.134896,0.476447,0.000000,0.000000
heldout_high_gain,continuous_force_regression,5,20,0.300000,0.206058,0.175332,0.024855,0.042845,0.016864,0.119953,0.026758,0.688366,0.066014,0.000000,0.000000,0.564892,0.000000,0.000000
heldout_high_gain,continuous_force_regression,6,20,0.150000,0.160559,0.183547,0.043780,0.060310,0.035369,0.137685,0.027513,0.621178,0.081158,0.050000,0.098000,0.372623,0.000000,0.000000
heldout_high_gain,continuous_force_regression,7,20,0.200000,0.179862,0.177827,0.020221,0.045984,0.019300,0.134483,0.024969,0.619623,0.066359,0.000000,0.000000,0.477412,0.000000,0.000000
heldout_high_gain,cvar_domain_randomized_mpc,0,20,0.400000,0.220285,0.160946,0.025765,0.030761,0.015374,0.113685,0.030536,0.686372,0.082318,0.000000,0.000000,0.533294,0.000000,0.000000
heldout_high_gain,cvar_domain_randomized_mpc,1,20,0.500000,0.224827,0.160540,0.017318,0.020830,0.012963,0.089163,0.024978,0.750117,0.070012,0.000000,0.000000,0.508932,0.000000,0.000000
heldout_high_gain,cvar_domain_randomized_mpc,2,20,0.250000,0.194706,0.165298,0.027159,0.032548,0.020884,0.106877,0.022122,0.696635,0.060922,0.050000,0.098000,0.474095,0.000000,0.000000
heldout_high_gain,cvar_domain_randomized_mpc,3,20,0.200000,0.179862,0.177091,0.027615,0.043084,0.026320,0.116067,0.028180,0.666024,0.074634,0.100000,0.134896,0.531034,0.000000,0.000000
heldout_high_gain,cvar_domain_randomized_mpc,4,20,0.300000,0.206058,0.200389,0.035788,0.056471,0.024948,0.107114,0.027372,0.728068,0.060617,0.200000,0.179862,0.520944,0.000000,0.000000
heldout_high_gain,cvar_domain_randomized_mpc,5,20,0.200000,0.179862,0.166813,0.019474,0.034327,0.015244,0.119897,0.019929,0.686065,0.051634,0.000000,0.000000,0.604352,0.000000,0.000000
heldout_high_gain,cvar_domain_randomized_mpc,6,20,0.300000,0.206058,0.160272,0.026745,0.037035,0.020478,0.102851,0.018768,0.720745,0.054081,0.050000,0.098000,0.421772,0.000000,0.000000
heldout_high_gain,cvar_domain_randomized_mpc,7,20,0.250000,0.194706,0.172089,0.023135,0.040246,0.018230,0.125131,0.026641,0.652962,0.068035,0.050000,0.098000,0.536245,0.000000,0.000000
heldout_high_gain,geometry_mpc,0,20,0.000000,0.000000,0.446384,0.055863,0.316199,0.045015,0.351858,0.033225,0.021099,0.058731,0.100000,0.134896,0.692827,0.000000,0.000000
heldout_high_gain,geometry_mpc,1,20,0.000000,0.000000,0.457943,0.054715,0.318232,0.051055,0.363208,0.028670,-0.011706,0.051213,0.100000,0.134896,0.629504,0.000000,0.000000
heldout_high_gain,geometry_mpc,2,20,0.000000,0.000000,0.417587,0.039539,0.284837,0.037027,0.344133,0.022478,0.016550,0.039827,0.050000,0.098000,0.679077,0.000000,0.000000
heldout_high_gain,geometry_mpc,3,20,0.000000,0.000000,0.431666,0.060484,0.297660,0.057120,0.346004,0.030354,-0.007362,0.057601,0.100000,0.134896,0.661428,0.000000,0.000000
heldout_high_gain,geometry_mpc,4,20,0.000000,0.000000,0.486565,0.055841,0.342648,0.046757,0.385014,0.025560,-0.010307,0.046029,0.150000,0.160559,0.581337,0.000000,0.000000
heldout_high_gain,geometry_mpc,5,20,0.000000,0.000000,0.432296,0.025777,0.299809,0.022448,0.362269,0.021951,0.045861,0.055090,0.000000,0.000000,0.761296,0.000000,0.000000
heldout_high_gain,geometry_mpc,6,20,0.000000,0.000000,0.449017,0.037205,0.325781,0.038226,0.365243,0.024890,0.025729,0.042042,0.050000,0.098000,0.774931,0.000000,0.000000
heldout_high_gain,geometry_mpc,7,20,0.000000,0.000000,0.422150,0.029148,0.290307,0.027678,0.355906,0.022009,-0.000244,0.045475,0.000000,0.000000,0.581764,0.000000,0.000000
heldout_high_gain,oracle_embodiment_mpc,0,20,0.650000,0.214472,0.130186,0.020545,0.000000,0.000000,0.073494,0.018921,0.798838,0.048796,0.000000,0.000000,0.494909,0.000000,0.000000
heldout_high_gain,oracle_embodiment_mpc,1,20,0.350000,0.214472,0.139711,0.012955,0.000000,0.000000,0.085049,0.017658,0.754200,0.053860,0.000000,0.000000,0.518012,0.000000,0.000000
heldout_high_gain,oracle_embodiment_mpc,2,20,0.550000,0.223700,0.132750,0.017824,0.000000,0.000000,0.070400,0.015590,0.794657,0.047982,0.000000,0.000000,0.484611,0.000000,0.000000
heldout_high_gain,oracle_embodiment_mpc,3,20,0.450000,0.223700,0.134006,0.013828,0.000000,0.000000,0.078829,0.019274,0.762154,0.062288,0.000000,0.000000,0.507090,0.000000,0.000000
heldout_high_gain,oracle_embodiment_mpc,4,20,0.450000,0.223700,0.143918,0.017578,0.000000,0.000000,0.090771,0.023057,0.758724,0.064361,0.000000,0.000000,0.522470,0.000000,0.000000
heldout_high_gain,oracle_embodiment_mpc,5,20,0.550000,0.223700,0.132486,0.019756,0.000000,0.000000,0.074761,0.016588,0.797334,0.048709,0.000000,0.000000,0.532290,0.000000,0.000000
heldout_high_gain,oracle_embodiment_mpc,6,20,0.450000,0.223700,0.123237,0.015603,0.000000,0.000000,0.081740,0.018305,0.781388,0.048257,0.000000,0.000000,0.415433,0.000000,0.000000
heldout_high_gain,oracle_embodiment_mpc,7,20,0.550000,0.223700,0.131843,0.012771,0.000000,0.000000,0.082046,0.019357,0.760526,0.061833,0.000000,0.000000,0.470463,0.000000,0.000000
heldout_high_gain,random_shooting,0,20,0.150000,0.160559,0.399076,0.093707,0.268890,0.086141,0.298229,0.080844,0.197881,0.194031,0.100000,0.134896,0.625661,0.000000,0.000000
heldout_high_gain,random_shooting,1,20,0.000000,0.000000,0.465543,0.084967,0.325833,0.080395,0.377735,0.065079,-0.057730,0.171475,0.100000,0.134896,0.562589,0.000000,0.000000
heldout_high_gain,random_shooting,2,20,0.000000,0.000000,0.363016,0.085770,0.230266,0.079324,0.291575,0.069704,0.160827,0.207340,0.050000,0.098000,0.683192,0.000000,0.000000
heldout_high_gain,random_shooting,3,20,0.050000,0.098000,0.431543,0.103416,0.297536,0.100376,0.333459,0.080724,0.043145,0.222455,0.100000,0.134896,0.472471,0.000000,0.000000
heldout_high_gain,random_shooting,4,20,0.050000,0.098000,0.379007,0.081297,0.235089,0.069755,0.305271,0.064338,0.194288,0.157634,0.050000,0.098000,0.637003,0.000000,0.000000
heldout_high_gain,random_shooting,5,20,0.000000,0.000000,0.447658,0.085917,0.315172,0.080670,0.362352,0.068063,0.054006,0.173912,0.100000,0.134896,0.575334,0.000000,0.000000
heldout_high_gain,random_shooting,6,20,0.000000,0.000000,0.390089,0.090218,0.266852,0.087691,0.301191,0.066157,0.209432,0.153005,0.100000,0.134896,0.692452,0.000000,0.000000
heldout_high_gain,random_shooting,7,20,0.000000,0.000000,0.406547,0.082684,0.274704,0.083283,0.315539,0.062306,0.111200,0.165005,0.050000,0.098000,0.762426,0.000000,0.000000
heldout_high_gain,raw_force_scalar,0,20,0.050000,0.098000,0.294662,0.063337,0.164477,0.058606,0.226998,0.051846,0.373287,0.126581,0.050000,0.098000,0.618472,0.000000,0.000000
heldout_high_gain,raw_force_scalar,1,20,0.000000,0.000000,0.313725,0.049147,0.174014,0.051042,0.247636,0.045816,0.309460,0.120628,0.000000,0.000000,0.540297,0.000000,0.000000
heldout_high_gain,raw_force_scalar,2,20,0.050000,0.098000,0.278564,0.039939,0.145814,0.047157,0.213241,0.042537,0.396346,0.113032,0.000000,0.000000,0.599805,0.000000,0.000000
heldout_high_gain,raw_force_scalar,3,20,0.050000,0.098000,0.269855,0.042812,0.135849,0.036953,0.206673,0.035959,0.392263,0.109479,0.000000,0.000000,0.369847,0.000000,0.000000
heldout_high_gain,raw_force_scalar,4,20,0.050000,0.098000,0.323539,0.060683,0.179621,0.055336,0.239914,0.040959,0.372783,0.092176,0.150000,0.160559,0.472266,0.000000,0.000000
heldout_high_gain,raw_force_scalar,5,20,0.000000,0.000000,0.301840,0.050025,0.169353,0.048869,0.251886,0.043053,0.338385,0.115171,0.000000,0.000000,0.406586,0.000000,0.000000
heldout_high_gain,raw_force_scalar,6,20,0.000000,0.000000,0.340950,0.073964,0.217714,0.076415,0.245635,0.042362,0.344118,0.100546,0.150000,0.160559,0.490017,0.000000,0.000000
heldout_high_gain,raw_force_scalar,7,20,0.000000,0.000000,0.304255,0.047415,0.172412,0.045797,0.230883,0.039081,0.357179,0.101064,0.050000,0.098000,0.452131,0.000000,0.000000
heldout_high_gain,rc_fev_no_online,0,20,0.450000,0.223700,0.156086,0.024085,0.025901,0.015195,0.104933,0.029366,0.712427,0.075922,0.000000,0.000000,0.530009,0.103630,0.532078
heldout_high_gain,rc_fev_no_online,1,20,0.450000,0.223700,0.162803,0.015874,0.023093,0.012935,0.087618,0.023060,0.760012,0.054489,0.000000,0.000000,0.499951,0.103309,0.531856
heldout_high_gain,rc_fev_no_online,2,20,0.350000,0.214472,0.164178,0.026505,0.031428,0.020676,0.100052,0.023648,0.715207,0.065695,0.050000,0.098000,0.431984,0.100797,0.528835
heldout_high_gain,rc_fev_no_online,3,20,0.250000,0.194706,0.174550,0.028383,0.040544,0.026428,0.107823,0.028135,0.685959,0.077485,0.100000,0.134896,0.507161,0.102861,0.531024
heldout_high_gain,rc_fev_no_online,4,20,0.300000,0.206058,0.198521,0.036532,0.054604,0.025484,0.105937,0.026933,0.730926,0.059666,0.200000,0.179862,0.534542,0.106067,0.534883
heldout_high_gain,rc_fev_no_online,5,20,0.200000,0.179862,0.167706,0.020244,0.035219,0.015456,0.123287,0.022367,0.677127,0.058232,0.000000,0.000000,0.583154,0.108558,0.537434
heldout_high_gain,rc_fev_no_online,6,20,0.350000,0.214472,0.155595,0.027150,0.032358,0.019657,0.092398,0.019746,0.753287,0.053574,0.050000,0.098000,0.459113,0.100465,0.528207
heldout_high_gain,rc_fev_no_online,7,20,0.300000,0.206058,0.166405,0.023196,0.034562,0.016960,0.116639,0.027418,0.674783,0.071633,0.050000,0.098000,0.517404,0.106793,0.535549
heldout_high_gain,rc_fev_v5,0,20,0.450000,0.223700,0.156086,0.024085,0.025901,0.015195,0.104933,0.029366,0.712427,0.075922,0.000000,0.000000,0.530009,0.108155,0.458272
heldout_high_gain,rc_fev_v5,1,20,0.500000,0.224827,0.163099,0.019559,0.023388,0.013280,0.091001,0.027888,0.747380,0.074815,0.000000,0.000000,0.502549,0.103137,0.452532
heldout_high_gain,rc_fev_v5,2,20,0.350000,0.214472,0.164178,0.026505,0.031428,0.020676,0.100052,0.023648,0.715207,0.065695,0.050000,0.098000,0.431984,0.101159,0.450145
heldout_high_gain,rc_fev_v5,3,20,0.250000,0.194706,0.174550,0.028383,0.040544,0.026428,0.107823,0.028135,0.685959,0.077485,0.100000,0.134896,0.507161,0.106764,0.456619
heldout_high_gain,rc_fev_v5,4,20,0.300000,0.206058,0.202106,0.037308,0.058188,0.028536,0.108707,0.028399,0.725827,0.061589,0.200000,0.179862,0.508339,0.115741,0.466933
heldout_high_gain,rc_fev_v5,5,20,0.200000,0.179862,0.167706,0.020244,0.035219,0.015456,0.123287,0.022367,0.677127,0.058232,0.000000,0.000000,0.583154,0.109380,0.459409
heldout_high_gain,rc_fev_v5,6,20,0.350000,0.214472,0.155595,0.027150,0.032358,0.019657,0.092398,0.019746,0.753287,0.053574,0.050000,0.098000,0.459113,0.103416,0.452568
heldout_high_gain,rc_fev_v5,7,20,0.300000,0.206058,0.166405,0.023196,0.034562,0.016960,0.116639,0.027418,0.674783,0.071633,0.050000,0.098000,0.517404,0.108473,0.458317
heldout_high_gain,robust_domain_randomized_mpc,0,20,0.400000,0.220285,0.158854,0.024191,0.028668,0.015209,0.109521,0.028415,0.699421,0.073312,0.000000,0.000000,0.528429,0.000000,0.000000
heldout_high_gain,robust_domain_randomized_mpc,1,20,0.450000,0.223700,0.172106,0.020805,0.032395,0.015426,0.100905,0.030590,0.724243,0.077897,0.000000,0.000000,0.543998,0.000000,0.000000
heldout_high_gain,robust_domain_randomized_mpc,2,20,0.350000,0.214472,0.164178,0.026505,0.031428,0.020676,0.100052,0.023648,0.715207,0.065695,0.050000,0.098000,0.431984,0.000000,0.000000
heldout_high_gain,robust_domain_randomized_mpc,3,20,0.250000,0.194706,0.176645,0.028042,0.042639,0.027621,0.107183,0.027502,0.687209,0.076336,0.100000,0.134896,0.517096,0.000000,0.000000
heldout_high_gain,robust_domain_randomized_mpc,4,20,0.250000,0.194706,0.210066,0.036504,0.066148,0.029929,0.116226,0.029320,0.706639,0.064185,0.200000,0.179862,0.525290,0.000000,0.000000
heldout_high_gain,robust_domain_randomized_mpc,5,20,0.150000,0.160559,0.173525,0.022446,0.041038,0.016914,0.130634,0.023332,0.659102,0.059225,0.000000,0.000000,0.588195,0.000000,0.000000
heldout_high_gain,robust_domain_randomized_mpc,6,20,0.350000,0.214472,0.164514,0.026485,0.041277,0.019833,0.100840,0.022002,0.728456,0.064488,0.050000,0.098000,0.482187,0.000000,0.000000
heldout_high_gain,robust_domain_randomized_mpc,7,20,0.300000,0.206058,0.166405,0.023196,0.034562,0.016960,0.116639,0.027418,0.674783,0.071633,0.050000,0.098000,0.517404,0.000000,0.000000
heldout_high_gain,source_action_transfer,0,20,0.400000,0.220285,0.175356,0.022811,0.045170,0.020762,0.105361,0.028324,0.703737,0.078095,0.000000,0.000000,0.503006,0.000000,0.000000
heldout_high_gain,source_action_transfer,1,20,0.300000,0.206058,0.173942,0.016481,0.034231,0.015453,0.102342,0.021971,0.707002,0.067743,0.000000,0.000000,0.483112,0.000000,0.000000
heldout_high_gain,source_action_transfer,2,20,0.450000,0.223700,0.166245,0.020899,0.033495,0.014661,0.092796,0.026816,0.733418,0.074562,0.000000,0.000000,0.474495,0.000000,0.000000
heldout_high_gain,source_action_transfer,3,20,0.450000,0.223700,0.169598,0.026385,0.035591,0.019930,0.105691,0.033507,0.689889,0.092300,0.000000,0.000000,0.558686,0.000000,0.000000
heldout_high_gain,source_action_transfer,4,20,0.400000,0.220285,0.187131,0.029274,0.043214,0.021003,0.107180,0.031054,0.721755,0.076829,0.000000,0.000000,0.539328,0.000000,0.000000
heldout_high_gain,source_action_transfer,5,20,0.400000,0.220285,0.187382,0.024763,0.054896,0.023158,0.114207,0.031881,0.699503,0.079752,0.000000,0.000000,0.555064,0.000000,0.000000
heldout_high_gain,source_action_transfer,6,20,0.500000,0.224827,0.175539,0.016647,0.052302,0.018836,0.095718,0.022488,0.740239,0.065067,0.000000,0.000000,0.485212,0.000000,0.000000
heldout_high_gain,source_action_transfer,7,20,0.400000,0.220285,0.185815,0.018587,0.053972,0.019228,0.113690,0.029226,0.687941,0.071510,0.000000,0.000000,0.530913,0.000000,0.000000
heldout_large_soft,cefv_v4,0,20,0.600000,0.220285,0.132752,0.028894,0.039548,0.023709,0.071696,0.024251,0.796031,0.066663,0.000000,0.000000,0.400817,0.009842,0.000000
heldout_large_soft,cefv_v4,1,20,0.500000,0.224827,0.123282,0.014126,0.029608,0.010896,0.075397,0.015567,0.783227,0.051456,0.000000,0.000000,0.388270,0.016524,0.000000
heldout_large_soft,cefv_v4,2,20,0.600000,0.220285,0.143461,0.019973,0.049272,0.018791,0.076014,0.017218,0.789929,0.046063,0.000000,0.000000,0.402278,0.018129,0.000000
heldout_large_soft,cefv_v4,3,20,0.350000,0.214472,0.138023,0.025326,0.049142,0.021455,0.097645,0.020746,0.709290,0.064784,0.000000,0.000000,0.330756,0.013677,0.000000
heldout_large_soft,cefv_v4,4,20,0.600000,0.220285,0.131446,0.025890,0.040714,0.023719,0.083140,0.021222,0.751983,0.071029,0.000000,0.000000,0.355536,0.020208,0.000000
heldout_large_soft,cefv_v4,5,20,0.700000,0.206058,0.140391,0.017837,0.047226,0.017558,0.055939,0.015005,0.840772,0.044416,0.000000,0.000000,0.437220,0.008655,0.000000
heldout_large_soft,cefv_v4,6,20,0.450000,0.223700,0.123631,0.024728,0.041229,0.016650,0.098854,0.025446,0.712747,0.076603,0.000000,0.000000,0.358816,0.015901,0.000000
heldout_large_soft,cefv_v4,7,20,0.700000,0.206058,0.120298,0.015609,0.026270,0.012412,0.058863,0.014764,0.831123,0.046245,0.000000,0.000000,0.362286,0.014594,0.000000
heldout_large_soft,continuous_force_regression,0,20,0.550000,0.223700,0.131464,0.027644,0.038261,0.021695,0.083975,0.018924,0.761108,0.051557,0.000000,0.000000,0.393964,0.000000,0.000000
heldout_large_soft,continuous_force_regression,1,20,0.500000,0.224827,0.131281,0.019694,0.037607,0.019424,0.069504,0.014285,0.802307,0.044351,0.000000,0.000000,0.402564,0.000000,0.000000
heldout_large_soft,continuous_force_regression,2,20,0.550000,0.223700,0.115854,0.016135,0.021666,0.011867,0.071912,0.009872,0.790147,0.039325,0.000000,0.000000,0.416798,0.000000,0.000000
heldout_large_soft,continuous_force_regression,3,20,0.400000,0.220285,0.134223,0.029349,0.045342,0.020073,0.085248,0.021612,0.751980,0.054964,0.000000,0.000000,0.356252,0.000000,0.000000
heldout_large_soft,continuous_force_regression,4,20,0.650000,0.214472,0.120590,0.022287,0.029859,0.020096,0.075991,0.017136,0.776988,0.051345,0.000000,0.000000,0.369216,0.000000,0.000000
heldout_large_soft,continuous_force_regression,5,20,0.500000,0.224827,0.131286,0.021288,0.038121,0.016648,0.074321,0.021564,0.799296,0.054982,0.000000,0.000000,0.352470,0.000000,0.000000
heldout_large_soft,continuous_force_regression,6,20,0.650000,0.214472,0.110215,0.018405,0.027813,0.014025,0.068906,0.015280,0.799803,0.044915,0.000000,0.000000,0.353602,0.000000,0.000000
heldout_large_soft,continuous_force_regression,7,20,0.600000,0.220285,0.115363,0.015189,0.021335,0.009901,0.065670,0.013659,0.814397,0.039576,0.000000,0.000000,0.367937,0.000000,0.000000
heldout_large_soft,cvar_domain_randomized_mpc,0,20,0.750000,0.194706,0.111029,0.018660,0.017825,0.008427,0.061109,0.015519,0.825956,0.041336,0.000000,0.000000,0.390713,0.000000,0.000000
heldout_large_soft,cvar_domain_randomized_mpc,1,20,0.600000,0.220285,0.112178,0.013627,0.018504,0.011690,0.060418,0.015457,0.829317,0.045562,0.000000,0.000000,0.384094,0.000000,0.000000
heldout_large_soft,cvar_domain_randomized_mpc,2,20,0.750000,0.194706,0.117296,0.012339,0.023107,0.010981,0.056796,0.013052,0.838174,0.042290,0.000000,0.000000,0.379686,0.000000,0.000000
heldout_large_soft,cvar_domain_randomized_mpc,3,20,0.700000,0.206058,0.105206,0.016895,0.016325,0.009390,0.053265,0.014777,0.845417,0.043251,0.000000,0.000000,0.324992,0.000000,0.000000
heldout_large_soft,cvar_domain_randomized_mpc,4,20,0.850000,0.160559,0.108914,0.013702,0.018182,0.012217,0.056462,0.014144,0.835195,0.045851,0.000000,0.000000,0.362300,0.000000,0.000000
heldout_large_soft,cvar_domain_randomized_mpc,5,20,0.700000,0.206058,0.127231,0.014464,0.034066,0.013337,0.050728,0.017416,0.861791,0.047570,0.000000,0.000000,0.386937,0.000000,0.000000
heldout_large_soft,cvar_domain_randomized_mpc,6,20,0.750000,0.194706,0.106805,0.015640,0.024403,0.011199,0.059620,0.013623,0.827254,0.040257,0.000000,0.000000,0.376401,0.000000,0.000000
heldout_large_soft,cvar_domain_randomized_mpc,7,20,0.700000,0.206058,0.121842,0.012223,0.027815,0.009845,0.063883,0.015571,0.813387,0.053107,0.000000,0.000000,0.387784,0.000000,0.000000
heldout_large_soft,geometry_mpc,0,20,0.000000,0.000000,0.245897,0.019307,0.152693,0.012499,0.199619,0.012811,0.432961,0.028718,0.000000,0.000000,0.501313,0.000000,0.000000
heldout_large_soft,geometry_mpc,1,20,0.000000,0.000000,0.245621,0.017591,0.151947,0.013681,0.193753,0.010953,0.456531,0.017180,0.000000,0.000000,0.539466,0.000000,0.000000
heldout_large_soft,geometry_mpc,2,20,0.000000,0.000000,0.254965,0.018138,0.160776,0.016854,0.199960,0.013095,0.440971,0.027162,0.000000,0.000000,0.459109,0.000000,0.000000
heldout_large_soft,geometry_mpc,3,20,0.000000,0.000000,0.246056,0.019349,0.157175,0.012042,0.194030,0.011360,0.428622,0.026305,0.000000,0.000000,0.476212,0.000000,0.000000
heldout_large_soft,geometry_mpc,4,20,0.000000,0.000000,0.246394,0.015864,0.155662,0.011658,0.200916,0.011968,0.423863,0.027516,0.000000,0.000000,0.511211,0.000000,0.000000
heldout_large_soft,geometry_mpc,5,20,0.000000,0.000000,0.260550,0.013503,0.167385,0.012585,0.198820,0.009827,0.445610,0.025193,0.000000,0.000000,0.424882,0.000000,0.000000
heldout_large_soft,geometry_mpc,6,20,0.000000,0.000000,0.244863,0.020814,0.162461,0.015986,0.198338,0.011867,0.435558,0.021609,0.000000,0.000000,0.564949,0.000000,0.000000
heldout_large_soft,geometry_mpc,7,20,0.000000,0.000000,0.250405,0.016791,0.156377,0.012788,0.195439,0.011730,0.446184,0.025937,0.000000,0.000000,0.514923,0.000000,0.000000
heldout_large_soft,oracle_embodiment_mpc,0,20,0.850000,0.160559,0.093204,0.013694,0.000000,0.000000,0.058080,0.014859,0.834982,0.039928,0.000000,0.000000,0.390891,0.000000,0.000000
heldout_large_soft,oracle_embodiment_mpc,1,20,0.900000,0.134896,0.093674,0.010710,0.000000,0.000000,0.046081,0.010085,0.872574,0.028445,0.000000,0.000000,0.447217,0.000000,0.000000
heldout_large_soft,oracle_embodiment_mpc,2,20,0.900000,0.134896,0.094189,0.013161,0.000000,0.000000,0.051434,0.008258,0.855978,0.023626,0.000000,0.000000,0.458632,0.000000,0.000000
heldout_large_soft,oracle_embodiment_mpc,3,20,0.950000,0.098000,0.088881,0.013816,0.000000,0.000000,0.042300,0.011897,0.879535,0.031822,0.000000,0.000000,0.344526,0.000000,0.000000
heldout_large_soft,oracle_embodiment_mpc,4,20,1.000000,0.000000,0.090732,0.011601,0.000000,0.000000,0.043458,0.009255,0.877659,0.025479,0.000000,0.000000,0.387256,0.000000,0.000000
heldout_large_soft,oracle_embodiment_mpc,5,20,1.000000,0.000000,0.093166,0.011575,0.000000,0.000000,0.034387,0.009221,0.904489,0.026351,0.000000,0.000000,0.405716,0.000000,0.000000
heldout_large_soft,oracle_embodiment_mpc,6,20,1.000000,0.000000,0.082402,0.013233,0.000000,0.000000,0.040614,0.008553,0.885338,0.025126,0.000000,0.000000,0.412003,0.000000,0.000000
heldout_large_soft,oracle_embodiment_mpc,7,20,0.950000,0.098000,0.094028,0.012294,0.000000,0.000000,0.043879,0.009596,0.875689,0.028008,0.000000,0.000000,0.404922,0.000000,0.000000
heldout_large_soft,random_shooting,0,20,0.100000,0.134896,0.290188,0.057096,0.196984,0.050337,0.232015,0.054975,0.357018,0.135411,0.000000,0.000000,0.473194,0.000000,0.000000
heldout_large_soft,random_shooting,1,20,0.100000,0.134896,0.270258,0.047578,0.176584,0.044987,0.217029,0.047424,0.391866,0.129209,0.000000,0.000000,0.422089,0.000000,0.000000
heldout_large_soft,random_shooting,2,20,0.000000,0.000000,0.338831,0.054373,0.244642,0.053914,0.269935,0.051172,0.257175,0.128414,0.000000,0.000000,0.419389,0.000000,0.000000
heldout_large_soft,random_shooting,3,20,0.050000,0.098000,0.325076,0.054611,0.236195,0.052032,0.249962,0.051579,0.276041,0.137786,0.000000,0.000000,0.435101,0.000000,0.000000
heldout_large_soft,random_shooting,4,20,0.000000,0.000000,0.325393,0.054013,0.234661,0.053686,0.264079,0.047744,0.249533,0.120974,0.000000,0.000000,0.447021,0.000000,0.000000
heldout_large_soft,random_shooting,5,20,0.050000,0.098000,0.310272,0.056603,0.217107,0.055829,0.245978,0.052892,0.321646,0.137185,0.000000,0.000000,0.375126,0.000000,0.000000
heldout_large_soft,random_shooting,6,20,0.050000,0.098000,0.287827,0.049062,0.205425,0.048509,0.232048,0.046736,0.332952,0.129947,0.000000,0.000000,0.488272,0.000000,0.000000
heldout_large_soft,random_shooting,7,20,0.050000,0.098000,0.324498,0.053248,0.230470,0.052470,0.260018,0.049931,0.262687,0.132216,0.000000,0.000000,0.523271,0.000000,0.000000
heldout_large_soft,raw_force_scalar,0,20,0.050000,0.098000,0.213803,0.026720,0.120599,0.022869,0.155015,0.022840,0.553729,0.071069,0.000000,0.000000,0.336087,0.000000,0.000000
heldout_large_soft,raw_force_scalar,1,20,0.050000,0.098000,0.209173,0.034604,0.115499,0.031321,0.138846,0.029155,0.611396,0.081926,0.000000,0.000000,0.354316,0.000000,0.000000
heldout_large_soft,raw_force_scalar,2,20,0.150000,0.160559,0.196569,0.039106,0.102380,0.035155,0.147387,0.030152,0.591777,0.073010,0.000000,0.000000,0.378017,0.000000,0.000000
heldout_large_soft,raw_force_scalar,3,20,0.050000,0.098000,0.211726,0.034672,0.122845,0.030106,0.150699,0.033225,0.562443,0.083432,0.000000,0.000000,0.323204,0.000000,0.000000
heldout_large_soft,raw_force_scalar,4,20,0.050000,0.098000,0.207409,0.042123,0.116677,0.036070,0.156745,0.038616,0.552461,0.102035,0.000000,0.000000,0.334951,0.000000,0.000000
heldout_large_soft,raw_force_scalar,5,20,0.150000,0.160559,0.213925,0.040784,0.120759,0.037859,0.164976,0.033588,0.539231,0.090020,0.000000,0.000000,0.346599,0.000000,0.000000
heldout_large_soft,raw_force_scalar,6,20,0.250000,0.194706,0.180103,0.035323,0.097701,0.028094,0.125064,0.032150,0.630671,0.106024,0.000000,0.000000,0.330480,0.000000,0.000000
heldout_large_soft,raw_force_scalar,7,20,0.100000,0.134896,0.206015,0.026775,0.111987,0.025345,0.142663,0.021490,0.591770,0.066632,0.000000,0.000000,0.349120,0.000000,0.000000
heldout_large_soft,rc_fev_no_online,0,20,0.800000,0.179862,0.109498,0.019129,0.016294,0.008624,0.053584,0.012852,0.847684,0.036259,0.000000,0.000000,0.390797,0.103996,0.532410
heldout_large_soft,rc_fev_no_online,1,20,0.700000,0.206058,0.110629,0.013042,0.016955,0.010100,0.055495,0.014255,0.844318,0.041047,0.000000,0.000000,0.392570,0.106803,0.535622
heldout_large_soft,rc_fev_no_online,2,20,0.850000,0.160559,0.116460,0.012278,0.022271,0.009873,0.049076,0.010621,0.866062,0.025411,0.000000,0.000000,0.391582,0.099760,0.527598
heldout_large_soft,rc_fev_no_online,3,20,0.750000,0.194706,0.104775,0.016730,0.015894,0.007778,0.049909,0.014935,0.853785,0.044418,0.000000,0.000000,0.338935,0.108839,0.538103
heldout_large_soft,rc_fev_no_online,4,20,0.850000,0.160559,0.109944,0.014266,0.019213,0.012385,0.057061,0.014422,0.837862,0.041014,0.000000,0.000000,0.375629,0.103592,0.531961
heldout_large_soft,rc_fev_no_online,5,20,0.700000,0.206058,0.123429,0.011389,0.030263,0.012206,0.052315,0.019791,0.859014,0.052680,0.000000,0.000000,0.377145,0.104887,0.533178
heldout_large_soft,rc_fev_no_online,6,20,0.850000,0.160559,0.105806,0.015156,0.023405,0.011704,0.052141,0.013861,0.852559,0.037177,0.000000,0.000000,0.378481,0.107917,0.536822
heldout_large_soft,rc_fev_no_online,7,20,0.750000,0.194706,0.118843,0.011285,0.024815,0.009818,0.058672,0.015139,0.832667,0.045947,0.000000,0.000000,0.386315,0.105298,0.534134
heldout_large_soft,rc_fev_v5,0,20,0.800000,0.179862,0.110299,0.018869,0.017095,0.008460,0.052612,0.012836,0.851226,0.035326,0.000000,0.000000,0.393815,0.107293,0.457115
heldout_large_soft,rc_fev_v5,1,20,0.700000,0.206058,0.112175,0.013106,0.018501,0.010437,0.058131,0.015009,0.836042,0.044320,0.000000,0.000000,0.369581,0.109709,0.459958
heldout_large_soft,rc_fev_v5,2,20,0.850000,0.160559,0.116460,0.012278,0.022271,0.009873,0.049076,0.010621,0.866062,0.025411,0.000000,0.000000,0.391582,0.104339,0.453911
heldout_large_soft,rc_fev_v5,3,20,0.750000,0.194706,0.105876,0.016354,0.016995,0.007621,0.049865,0.014931,0.853949,0.044370,0.000000,0.000000,0.352377,0.110586,0.461110
heldout_large_soft,rc_fev_v5,4,20,0.800000,0.179862,0.110933,0.014538,0.020201,0.012225,0.062512,0.015445,0.818667,0.048604,0.000000,0.000000,0.374922,0.108086,0.458108
heldout_large_soft,rc_fev_v5,5,20,0.700000,0.206058,0.123429,0.011389,0.030263,0.012206,0.052315,0.019791,0.859014,0.052680,0.000000,0.000000,0.377145,0.107632,0.457100
heldout_large_soft,rc_fev_v5,6,20,0.750000,0.194706,0.106823,0.015100,0.024422,0.011355,0.056108,0.014266,0.838532,0.041615,0.000000,0.000000,0.353452,0.111562,0.461916
heldout_large_soft,rc_fev_v5,7,20,0.850000,0.160559,0.116238,0.010519,0.022210,0.010353,0.052014,0.014036,0.850116,0.044473,0.000000,0.000000,0.400019,0.106502,0.456387
heldout_large_soft,robust_domain_randomized_mpc,0,20,0.700000,0.206058,0.112196,0.018024,0.018992,0.008784,0.060273,0.014716,0.829472,0.039191,0.000000,0.000000,0.396869,0.000000,0.000000
heldout_large_soft,robust_domain_randomized_mpc,1,20,0.750000,0.194706,0.109119,0.010950,0.015446,0.008066,0.055927,0.015666,0.844173,0.043339,0.000000,0.000000,0.369118,0.000000,0.000000
heldout_large_soft,robust_domain_randomized_mpc,2,20,0.800000,0.179862,0.118537,0.013998,0.024348,0.009764,0.050878,0.010862,0.861622,0.025570,0.000000,0.000000,0.397541,0.000000,0.000000
heldout_large_soft,robust_domain_randomized_mpc,3,20,0.700000,0.206058,0.107349,0.017043,0.018468,0.009064,0.054936,0.015767,0.839220,0.046668,0.000000,0.000000,0.338319,0.000000,0.000000
heldout_large_soft,robust_domain_randomized_mpc,4,20,0.800000,0.179862,0.109641,0.014219,0.018910,0.012254,0.058888,0.014537,0.832641,0.041371,0.000000,0.000000,0.379252,0.000000,0.000000
heldout_large_soft,robust_domain_randomized_mpc,5,20,0.700000,0.206058,0.123429,0.011389,0.030263,0.012206,0.052315,0.019791,0.859014,0.052680,0.000000,0.000000,0.377145,0.000000,0.000000
heldout_large_soft,robust_domain_randomized_mpc,6,20,0.800000,0.179862,0.105899,0.015208,0.023497,0.011668,0.056785,0.016189,0.840371,0.042565,0.000000,0.000000,0.377598,0.000000,0.000000
heldout_large_soft,robust_domain_randomized_mpc,7,20,0.700000,0.206058,0.119525,0.011278,0.025497,0.009805,0.061585,0.015014,0.824717,0.045384,0.000000,0.000000,0.376025,0.000000,0.000000
heldout_large_soft,source_action_transfer,0,20,0.650000,0.214472,0.116728,0.013649,0.023525,0.009639,0.061973,0.021837,0.833396,0.052036,0.000000,0.000000,0.396149,0.000000,0.000000
heldout_large_soft,source_action_transfer,1,20,0.500000,0.224827,0.124855,0.011394,0.031181,0.008662,0.073734,0.017896,0.792471,0.051785,0.000000,0.000000,0.385726,0.000000,0.000000
heldout_large_soft,source_action_transfer,2,20,0.600000,0.220285,0.131887,0.012094,0.037698,0.013312,0.067468,0.018669,0.805316,0.057016,0.000000,0.000000,0.392417,0.000000,0.000000
heldout_large_soft,source_action_transfer,3,20,0.850000,0.160559,0.110182,0.014181,0.021301,0.009316,0.044027,0.013605,0.870090,0.041830,0.000000,0.000000,0.389161,0.000000,0.000000
heldout_large_soft,source_action_transfer,4,20,0.600000,0.220285,0.119996,0.010432,0.029264,0.009702,0.072987,0.018883,0.790697,0.054325,0.000000,0.000000,0.396418,0.000000,0.000000
heldout_large_soft,source_action_transfer,5,20,0.450000,0.223700,0.129657,0.009889,0.036492,0.013698,0.077126,0.020204,0.773652,0.064759,0.000000,0.000000,0.382390,0.000000,0.000000
heldout_large_soft,source_action_transfer,6,20,0.700000,0.206058,0.121705,0.011554,0.039304,0.012754,0.062379,0.018651,0.823038,0.051383,0.000000,0.000000,0.429079,0.000000,0.000000
heldout_large_soft,source_action_transfer,7,20,0.550000,0.223700,0.132362,0.010439,0.038334,0.011238,0.075238,0.019573,0.784821,0.057768,0.000000,0.000000,0.326672,0.000000,0.000000
heldout_small_radius,cefv_v4,0,20,0.600000,0.220285,0.157530,0.032820,0.075272,0.033108,0.068965,0.017940,0.808167,0.047921,0.050000,0.098000,0.302687,0.017506,0.000000
heldout_small_radius,cefv_v4,1,20,0.650000,0.214472,0.140729,0.030825,0.043636,0.030096,0.064041,0.016488,0.809678,0.047548,0.050000,0.098000,0.241441,0.017471,0.000000
heldout_small_radius,cefv_v4,2,20,0.600000,0.220285,0.141984,0.017083,0.056335,0.017229,0.080621,0.016040,0.759844,0.054922,0.000000,0.000000,0.273175,0.016878,0.000000
heldout_small_radius,cefv_v4,3,20,0.550000,0.223700,0.151168,0.018008,0.060003,0.024425,0.081297,0.019736,0.767863,0.060109,0.000000,0.000000,0.305159,0.009918,0.000000
heldout_small_radius,cefv_v4,4,20,0.450000,0.223700,0.147857,0.016099,0.051393,0.017160,0.087270,0.019925,0.753517,0.059587,0.000000,0.000000,0.295241,0.012664,0.000000
heldout_small_radius,cefv_v4,5,20,0.650000,0.214472,0.148643,0.022675,0.055899,0.023195,0.073262,0.018749,0.800367,0.050984,0.000000,0.000000,0.364803,0.011298,0.000000
heldout_small_radius,cefv_v4,6,20,0.500000,0.224827,0.154532,0.020128,0.061109,0.019442,0.071413,0.017391,0.791428,0.054018,0.000000,0.000000,0.294792,0.017331,0.000000
heldout_small_radius,cefv_v4,7,20,0.300000,0.206058,0.157434,0.019707,0.053296,0.018160,0.109733,0.021276,0.676776,0.067956,0.000000,0.000000,0.254684,0.012461,0.000000
heldout_small_radius,continuous_force_regression,0,20,0.650000,0.214472,0.142567,0.014957,0.060309,0.016860,0.065640,0.014657,0.818453,0.039444,0.000000,0.000000,0.288316,0.000000,0.000000
heldout_small_radius,continuous_force_regression,1,20,0.500000,0.224827,0.148919,0.017025,0.051825,0.017034,0.078760,0.018274,0.766938,0.051555,0.000000,0.000000,0.272473,0.000000,0.000000
heldout_small_radius,continuous_force_regression,2,20,0.450000,0.223700,0.144179,0.020566,0.058531,0.020022,0.082501,0.018754,0.761703,0.054804,0.000000,0.000000,0.329282,0.000000,0.000000
heldout_small_radius,continuous_force_regression,3,20,0.400000,0.220285,0.172148,0.028043,0.080983,0.026784,0.101095,0.022224,0.721532,0.059539,0.050000,0.098000,0.271202,0.000000,0.000000
heldout_small_radius,continuous_force_regression,4,20,0.450000,0.223700,0.150110,0.015808,0.053646,0.017194,0.081494,0.018016,0.769852,0.055206,0.000000,0.000000,0.283566,0.000000,0.000000
heldout_small_radius,continuous_force_regression,5,20,0.500000,0.224827,0.153625,0.021543,0.060881,0.025741,0.078894,0.020784,0.782984,0.054715,0.000000,0.000000,0.335528,0.000000,0.000000
heldout_small_radius,continuous_force_regression,6,20,0.550000,0.223700,0.146399,0.014584,0.052976,0.014022,0.080711,0.016897,0.765518,0.052688,0.000000,0.000000,0.289759,0.000000,0.000000
heldout_small_radius,continuous_force_regression,7,20,0.600000,0.220285,0.149984,0.018319,0.045846,0.018968,0.074995,0.021122,0.784341,0.056421,0.000000,0.000000,0.280815,0.000000,0.000000
heldout_small_radius,cvar_domain_randomized_mpc,0,20,0.650000,0.214472,0.131332,0.014105,0.049074,0.018573,0.057598,0.013360,0.843291,0.032243,0.000000,0.000000,0.282697,0.000000,0.000000
heldout_small_radius,cvar_domain_randomized_mpc,1,20,0.650000,0.214472,0.115078,0.011554,0.017985,0.009685,0.064177,0.010962,0.808170,0.034969,0.000000,0.000000,0.266828,0.000000,0.000000
heldout_small_radius,cvar_domain_randomized_mpc,2,20,0.750000,0.194706,0.122158,0.017089,0.036510,0.014728,0.058922,0.014978,0.833907,0.039175,0.000000,0.000000,0.284701,0.000000,0.000000
heldout_small_radius,cvar_domain_randomized_mpc,3,20,0.750000,0.194706,0.142653,0.027932,0.051488,0.026354,0.067453,0.017274,0.813030,0.050186,0.050000,0.098000,0.302004,0.000000,0.000000
heldout_small_radius,cvar_domain_randomized_mpc,4,20,0.650000,0.214472,0.151395,0.031475,0.054931,0.035468,0.068686,0.019983,0.815344,0.045583,0.050000,0.098000,0.277296,0.000000,0.000000
heldout_small_radius,cvar_domain_randomized_mpc,5,20,0.700000,0.206058,0.126532,0.015781,0.033788,0.016741,0.062420,0.013520,0.827354,0.036573,0.000000,0.000000,0.303654,0.000000,0.000000
heldout_small_radius,cvar_domain_randomized_mpc,6,20,0.700000,0.206058,0.131799,0.014255,0.038376,0.015823,0.068335,0.012599,0.798581,0.040112,0.000000,0.000000,0.281994,0.000000,0.000000
heldout_small_radius,cvar_domain_randomized_mpc,7,20,0.800000,0.179862,0.136290,0.010663,0.032152,0.011525,0.056686,0.013378,0.835972,0.037132,0.000000,0.000000,0.272275,0.000000,0.000000
heldout_small_radius,geometry_mpc,0,20,0.000000,0.000000,0.302132,0.018044,0.219874,0.019426,0.247191,0.012904,0.303268,0.034023,0.000000,0.000000,0.472700,0.000000,0.000000
heldout_small_radius,geometry_mpc,1,20,0.000000,0.000000,0.297261,0.026899,0.200167,0.027021,0.242049,0.019299,0.287490,0.030828,0.000000,0.000000,0.403378,0.000000,0.000000
heldout_small_radius,geometry_mpc,2,20,0.000000,0.000000,0.298173,0.028022,0.212524,0.032103,0.245202,0.020833,0.292315,0.028688,0.000000,0.000000,0.523827,0.000000,0.000000
heldout_small_radius,geometry_mpc,3,20,0.000000,0.000000,0.324525,0.028564,0.233360,0.032007,0.262064,0.019801,0.277643,0.033640,0.000000,0.000000,0.507390,0.000000,0.000000
heldout_small_radius,geometry_mpc,4,20,0.000000,0.000000,0.303307,0.020940,0.206843,0.020178,0.248680,0.018225,0.305202,0.032810,0.000000,0.000000,0.469042,0.000000,0.000000
heldout_small_radius,geometry_mpc,5,20,0.000000,0.000000,0.325504,0.026314,0.232759,0.025465,0.257290,0.017399,0.300334,0.019089,0.000000,0.000000,0.479727,0.000000,0.000000
heldout_small_radius,geometry_mpc,6,20,0.000000,0.000000,0.287338,0.022322,0.193915,0.022694,0.239321,0.016871,0.303848,0.034095,0.000000,0.000000,0.423652,0.000000,0.000000
heldout_small_radius,geometry_mpc,7,20,0.000000,0.000000,0.313213,0.021273,0.209075,0.019024,0.250953,0.018302,0.276946,0.034608,0.000000,0.000000,0.493661,0.000000,0.000000
heldout_small_radius,oracle_embodiment_mpc,0,20,0.950000,0.098000,0.082258,0.012082,0.000000,0.000000,0.035085,0.008774,0.901719,0.024418,0.000000,0.000000,0.291771,0.000000,0.000000
heldout_small_radius,oracle_embodiment_mpc,1,20,0.700000,0.206058,0.097094,0.010535,0.000000,0.000000,0.056412,0.014049,0.836116,0.039799,0.000000,0.000000,0.303326,0.000000,0.000000
heldout_small_radius,oracle_embodiment_mpc,2,20,0.950000,0.098000,0.085649,0.010702,0.000000,0.000000,0.042729,0.010945,0.876637,0.033478,0.000000,0.000000,0.327588,0.000000,0.000000
heldout_small_radius,oracle_embodiment_mpc,3,20,0.900000,0.134896,0.091165,0.012836,0.000000,0.000000,0.040550,0.012098,0.885222,0.038004,0.000000,0.000000,0.343834,0.000000,0.000000
heldout_small_radius,oracle_embodiment_mpc,4,20,0.900000,0.134896,0.096464,0.010631,0.000000,0.000000,0.043017,0.008623,0.877086,0.027254,0.000000,0.000000,0.324062,0.000000,0.000000
heldout_small_radius,oracle_embodiment_mpc,5,20,0.950000,0.098000,0.092744,0.011879,0.000000,0.000000,0.038423,0.010525,0.895542,0.027839,0.000000,0.000000,0.336635,0.000000,0.000000
heldout_small_radius,oracle_embodiment_mpc,6,20,0.950000,0.098000,0.093423,0.010158,0.000000,0.000000,0.039686,0.011379,0.885405,0.032835,0.000000,0.000000,0.279684,0.000000,0.000000
heldout_small_radius,oracle_embodiment_mpc,7,20,0.800000,0.179862,0.104138,0.010113,0.000000,0.000000,0.044358,0.012651,0.873690,0.035559,0.000000,0.000000,0.315103,0.000000,0.000000
heldout_small_radius,random_shooting,0,20,0.150000,0.160559,0.280208,0.074024,0.197950,0.077746,0.210635,0.062299,0.417038,0.164232,0.050000,0.098000,0.345810,0.000000,0.000000
heldout_small_radius,random_shooting,1,20,0.100000,0.134896,0.298838,0.061808,0.201744,0.058891,0.225484,0.056134,0.356781,0.139311,0.050000,0.098000,0.305105,0.000000,0.000000
heldout_small_radius,random_shooting,2,20,0.050000,0.098000,0.351057,0.072585,0.265409,0.075636,0.283120,0.075559,0.190369,0.197813,0.000000,0.000000,0.400854,0.000000,0.000000
heldout_small_radius,random_shooting,3,20,0.000000,0.000000,0.337984,0.076488,0.246818,0.078750,0.270133,0.061646,0.260288,0.156076,0.050000,0.098000,0.421103,0.000000,0.000000
heldout_small_radius,random_shooting,4,20,0.200000,0.179862,0.286992,0.068095,0.190528,0.065543,0.208438,0.064869,0.430400,0.163644,0.050000,0.098000,0.344841,0.000000,0.000000
heldout_small_radius,random_shooting,5,20,0.050000,0.098000,0.356480,0.074466,0.263736,0.078134,0.279399,0.074377,0.257966,0.180312,0.050000,0.098000,0.416281,0.000000,0.000000
heldout_small_radius,random_shooting,6,20,0.050000,0.098000,0.289107,0.048258,0.195684,0.049096,0.229701,0.043976,0.331697,0.124226,0.000000,0.000000,0.334935,0.000000,0.000000
heldout_small_radius,random_shooting,7,20,0.050000,0.098000,0.365885,0.092080,0.261748,0.092428,0.251581,0.074020,0.269834,0.207096,0.200000,0.179862,0.364187,0.000000,0.000000
heldout_small_radius,raw_force_scalar,0,20,0.150000,0.160559,0.273973,0.053322,0.191716,0.051282,0.174336,0.041888,0.505929,0.120750,0.100000,0.134896,0.266711,0.000000,0.000000
heldout_small_radius,raw_force_scalar,1,20,0.150000,0.160559,0.192080,0.025874,0.094987,0.021523,0.128909,0.021468,0.610169,0.072010,0.000000,0.000000,0.268101,0.000000,0.000000
heldout_small_radius,raw_force_scalar,2,20,0.050000,0.098000,0.232979,0.038718,0.147330,0.039596,0.151280,0.025345,0.556560,0.071976,0.050000,0.098000,0.345421,0.000000,0.000000
heldout_small_radius,raw_force_scalar,3,20,0.050000,0.098000,0.232304,0.035111,0.141138,0.038795,0.164887,0.029223,0.540309,0.087096,0.050000,0.098000,0.273769,0.000000,0.000000
heldout_small_radius,raw_force_scalar,4,20,0.150000,0.160559,0.205011,0.035626,0.108547,0.030719,0.132099,0.028047,0.621321,0.082662,0.000000,0.000000,0.304175,0.000000,0.000000
heldout_small_radius,raw_force_scalar,5,20,0.200000,0.179862,0.204176,0.037345,0.111431,0.040503,0.121633,0.029088,0.663221,0.076873,0.050000,0.098000,0.347289,0.000000,0.000000
heldout_small_radius,raw_force_scalar,6,20,0.150000,0.160559,0.234816,0.042792,0.141393,0.041966,0.141916,0.027698,0.589930,0.072185,0.100000,0.134896,0.286808,0.000000,0.000000
heldout_small_radius,raw_force_scalar,7,20,0.150000,0.160559,0.223532,0.031225,0.119394,0.030636,0.153025,0.033779,0.554709,0.105324,0.000000,0.000000,0.277611,0.000000,0.000000
heldout_small_radius,rc_fev_no_online,0,20,0.600000,0.220285,0.133794,0.015066,0.051536,0.017852,0.059287,0.013441,0.839207,0.032103,0.000000,0.000000,0.280289,0.104524,0.533208
heldout_small_radius,rc_fev_no_online,1,20,0.750000,0.194706,0.116395,0.011692,0.019302,0.009419,0.056000,0.011607,0.836486,0.033277,0.000000,0.000000,0.287057,0.100244,0.527981
heldout_small_radius,rc_fev_no_online,2,20,0.800000,0.179862,0.125089,0.015310,0.039440,0.016369,0.055358,0.014520,0.847670,0.033875,0.000000,0.000000,0.278620,0.103075,0.531487
heldout_small_radius,rc_fev_no_online,3,20,0.700000,0.206058,0.135222,0.030003,0.044056,0.027087,0.068046,0.015800,0.808908,0.046737,0.050000,0.098000,0.324560,0.107953,0.536856
heldout_small_radius,rc_fev_no_online,4,20,0.650000,0.214472,0.151395,0.031475,0.054931,0.035468,0.068686,0.019983,0.815344,0.045583,0.050000,0.098000,0.277296,0.100500,0.528166
heldout_small_radius,rc_fev_no_online,5,20,0.650000,0.214472,0.130543,0.014779,0.037798,0.016830,0.067078,0.012027,0.815920,0.031493,0.000000,0.000000,0.296572,0.103806,0.532332
heldout_small_radius,rc_fev_no_online,6,20,0.800000,0.179862,0.131049,0.014197,0.037626,0.015992,0.061089,0.012624,0.823689,0.034927,0.000000,0.000000,0.272617,0.104432,0.532994
heldout_small_radius,rc_fev_no_online,7,20,0.800000,0.179862,0.134750,0.011979,0.030613,0.011181,0.056356,0.013632,0.836132,0.038057,0.000000,0.000000,0.272796,0.099696,0.527559
heldout_small_radius,rc_fev_v5,0,20,0.600000,0.220285,0.133794,0.015066,0.051536,0.017852,0.059287,0.013441,0.839207,0.032103,0.000000,0.000000,0.280289,0.106779,0.456693
heldout_small_radius,rc_fev_v5,1,20,0.800000,0.179862,0.116949,0.011669,0.019855,0.009250,0.051869,0.011200,0.851739,0.026723,0.000000,0.000000,0.280650,0.101522,0.450454
heldout_small_radius,rc_fev_v5,2,20,0.800000,0.179862,0.124715,0.014764,0.039066,0.015704,0.057525,0.014139,0.841519,0.032060,0.000000,0.000000,0.280539,0.105902,0.455847
heldout_small_radius,rc_fev_v5,3,20,0.750000,0.194706,0.136755,0.029803,0.045589,0.026748,0.064876,0.016269,0.820228,0.046247,0.050000,0.098000,0.319646,0.108969,0.459000
heldout_small_radius,rc_fev_v5,4,20,0.650000,0.214472,0.151395,0.031475,0.054931,0.035468,0.068686,0.019983,0.815344,0.045583,0.050000,0.098000,0.277296,0.103621,0.452737
heldout_small_radius,rc_fev_v5,5,20,0.700000,0.206058,0.129048,0.014935,0.036304,0.016677,0.062942,0.013346,0.827037,0.035363,0.000000,0.000000,0.300032,0.103575,0.452937
heldout_small_radius,rc_fev_v5,6,20,0.800000,0.179862,0.131049,0.014197,0.037626,0.015992,0.061089,0.012624,0.823689,0.034927,0.000000,0.000000,0.272617,0.105092,0.454603
heldout_small_radius,rc_fev_v5,7,20,0.800000,0.179862,0.134750,0.011979,0.030613,0.011181,0.056356,0.013632,0.836132,0.038057,0.000000,0.000000,0.272796,0.101215,0.450223
heldout_small_radius,robust_domain_randomized_mpc,0,20,0.650000,0.214472,0.130349,0.014036,0.048092,0.018442,0.057239,0.013498,0.844320,0.032658,0.000000,0.000000,0.282952,0.000000,0.000000
heldout_small_radius,robust_domain_randomized_mpc,1,20,0.750000,0.194706,0.117679,0.011962,0.020585,0.009256,0.055672,0.011633,0.837326,0.033438,0.000000,0.000000,0.280207,0.000000,0.000000
heldout_small_radius,robust_domain_randomized_mpc,2,20,0.800000,0.179862,0.122470,0.015341,0.036821,0.016458,0.055503,0.014524,0.847253,0.033905,0.000000,0.000000,0.281796,0.000000,0.000000
heldout_small_radius,robust_domain_randomized_mpc,3,20,0.700000,0.206058,0.135786,0.030011,0.044621,0.026924,0.066338,0.016128,0.813038,0.047853,0.050000,0.098000,0.322057,0.000000,0.000000
heldout_small_radius,robust_domain_randomized_mpc,4,20,0.650000,0.214472,0.136794,0.011600,0.040331,0.016048,0.066444,0.018120,0.820441,0.042027,0.000000,0.000000,0.284156,0.000000,0.000000
heldout_small_radius,robust_domain_randomized_mpc,5,20,0.700000,0.206058,0.128934,0.014183,0.036190,0.015935,0.064809,0.012122,0.821638,0.032287,0.000000,0.000000,0.292867,0.000000,0.000000
heldout_small_radius,robust_domain_randomized_mpc,6,20,0.800000,0.179862,0.131071,0.014217,0.037648,0.016019,0.059772,0.011881,0.826693,0.034203,0.000000,0.000000,0.266413,0.000000,0.000000
heldout_small_radius,robust_domain_randomized_mpc,7,20,0.750000,0.194706,0.135825,0.011881,0.031687,0.010868,0.056324,0.014583,0.836359,0.040140,0.000000,0.000000,0.263471,0.000000,0.000000
heldout_small_radius,source_action_transfer,0,20,0.700000,0.206058,0.120939,0.018631,0.038681,0.020746,0.056727,0.017389,0.846752,0.041279,0.000000,0.000000,0.274309,0.000000,0.000000
heldout_small_radius,source_action_transfer,1,20,0.700000,0.206058,0.122654,0.011210,0.025560,0.013146,0.056090,0.013016,0.834034,0.042359,0.000000,0.000000,0.256294,0.000000,0.000000
heldout_small_radius,source_action_transfer,2,20,0.850000,0.160559,0.125662,0.012375,0.040013,0.016453,0.050974,0.015145,0.850881,0.049158,0.000000,0.000000,0.307744,0.000000,0.000000
heldout_small_radius,source_action_transfer,3,20,0.700000,0.206058,0.137563,0.009625,0.046397,0.015718,0.059944,0.014336,0.833271,0.041610,0.000000,0.000000,0.299680,0.000000,0.000000
heldout_small_radius,source_action_transfer,4,20,0.750000,0.194706,0.130635,0.016729,0.034171,0.017580,0.059271,0.021384,0.838742,0.053822,0.000000,0.000000,0.287151,0.000000,0.000000
heldout_small_radius,source_action_transfer,5,20,0.700000,0.206058,0.130533,0.012235,0.037789,0.017378,0.054604,0.012899,0.844285,0.045229,0.000000,0.000000,0.305032,0.000000,0.000000
heldout_small_radius,source_action_transfer,6,20,0.800000,0.179862,0.125328,0.014706,0.031905,0.016830,0.049385,0.013817,0.861422,0.036223,0.000000,0.000000,0.266236,0.000000,0.000000
heldout_small_radius,source_action_transfer,7,20,0.900000,0.134896,0.131662,0.011039,0.027524,0.010961,0.046284,0.010341,0.865696,0.031842,0.000000,0.000000,0.284699,0.000000,0.000000
heldout_weak_actuator,cefv_v4,0,20,0.600000,0.220285,0.155367,0.018999,0.059574,0.018777,0.072671,0.017059,0.810649,0.042163,0.000000,0.000000,0.423330,0.013258,0.000000
heldout_weak_actuator,cefv_v4,1,20,0.500000,0.224827,0.130038,0.021997,0.043005,0.020605,0.077988,0.016269,0.785246,0.047695,0.000000,0.000000,0.296977,0.012133,0.000000
heldout_weak_actuator,cefv_v4,2,20,0.450000,0.223700,0.147889,0.022190,0.050093,0.021094,0.081154,0.018346,0.774387,0.050995,0.000000,0.000000,0.411343,0.012354,0.000000
heldout_weak_actuator,cefv_v4,3,20,0.600000,0.220285,0.159182,0.025297,0.068371,0.025096,0.075732,0.017358,0.799339,0.045983,0.000000,0.000000,0.391142,0.011989,0.000000
heldout_weak_actuator,cefv_v4,4,20,0.600000,0.220285,0.136065,0.018546,0.043537,0.013615,0.069557,0.014811,0.807901,0.039708,0.000000,0.000000,0.323690,0.011202,0.000000
heldout_weak_actuator,cefv_v4,5,20,0.650000,0.214472,0.131558,0.017999,0.038650,0.016988,0.076239,0.017722,0.782251,0.050834,0.000000,0.000000,0.334984,0.013856,0.000000
heldout_weak_actuator,cefv_v4,6,20,0.600000,0.220285,0.130574,0.021453,0.036895,0.018693,0.084081,0.021627,0.775546,0.057358,0.000000,0.000000,0.334041,0.020198,0.000000
heldout_weak_actuator,cefv_v4,7,20,0.450000,0.223700,0.125516,0.021448,0.038299,0.018332,0.079240,0.015233,0.779014,0.043250,0.000000,0.000000,0.340259,0.013120,0.000000
heldout_weak_actuator,continuous_force_regression,0,20,0.500000,0.224827,0.158458,0.027206,0.062666,0.022076,0.085469,0.019429,0.776559,0.048152,0.000000,0.000000,0.406487,0.000000,0.000000
heldout_weak_actuator,continuous_force_regression,1,20,0.450000,0.223700,0.128796,0.023792,0.041762,0.022577,0.076924,0.016472,0.791576,0.042875,0.000000,0.000000,0.317344,0.000000,0.000000
heldout_weak_actuator,continuous_force_regression,2,20,0.350000,0.214472,0.142230,0.016570,0.044434,0.016005,0.080931,0.010583,0.775356,0.032199,0.000000,0.000000,0.400952,0.000000,0.000000
heldout_weak_actuator,continuous_force_regression,3,20,0.550000,0.223700,0.151012,0.038644,0.060202,0.035492,0.082423,0.019015,0.787189,0.042996,0.050000,0.098000,0.400186,0.000000,0.000000
heldout_weak_actuator,continuous_force_regression,4,20,0.400000,0.220285,0.137843,0.021267,0.045315,0.016298,0.075805,0.013120,0.794719,0.030764,0.000000,0.000000,0.307617,0.000000,0.000000
heldout_weak_actuator,continuous_force_regression,5,20,0.350000,0.214472,0.135893,0.020770,0.042985,0.019341,0.086103,0.013399,0.756813,0.037489,0.000000,0.000000,0.357375,0.000000,0.000000
heldout_weak_actuator,continuous_force_regression,6,20,0.450000,0.223700,0.134833,0.025163,0.041153,0.022479,0.084779,0.016283,0.775188,0.040754,0.000000,0.000000,0.277980,0.000000,0.000000
heldout_weak_actuator,continuous_force_regression,7,20,0.450000,0.223700,0.124252,0.021946,0.037036,0.018996,0.082439,0.013262,0.770606,0.035354,0.000000,0.000000,0.327404,0.000000,0.000000
heldout_weak_actuator,cvar_domain_randomized_mpc,0,20,0.650000,0.214472,0.127233,0.018494,0.031441,0.015333,0.062014,0.011687,0.836035,0.028907,0.000000,0.000000,0.386047,0.000000,0.000000
heldout_weak_actuator,cvar_domain_randomized_mpc,1,20,0.650000,0.214472,0.127028,0.019427,0.039994,0.014620,0.057792,0.010218,0.843896,0.025580,0.000000,0.000000,0.336371,0.000000,0.000000
heldout_weak_actuator,cvar_domain_randomized_mpc,2,20,0.500000,0.224827,0.138739,0.021649,0.040943,0.020467,0.076120,0.014462,0.787888,0.040030,0.000000,0.000000,0.382416,0.000000,0.000000
heldout_weak_actuator,cvar_domain_randomized_mpc,3,20,0.800000,0.179862,0.132860,0.017566,0.042049,0.015679,0.055266,0.011918,0.853393,0.032375,0.000000,0.000000,0.346254,0.000000,0.000000
heldout_weak_actuator,cvar_domain_randomized_mpc,4,20,0.600000,0.220285,0.123390,0.015313,0.030862,0.012695,0.063307,0.011968,0.824026,0.033255,0.000000,0.000000,0.310991,0.000000,0.000000
heldout_weak_actuator,cvar_domain_randomized_mpc,5,20,0.550000,0.223700,0.132235,0.018834,0.039326,0.016884,0.073530,0.011538,0.791225,0.031287,0.000000,0.000000,0.278094,0.000000,0.000000
heldout_weak_actuator,cvar_domain_randomized_mpc,6,20,0.750000,0.194706,0.132167,0.019442,0.038488,0.017580,0.067719,0.014652,0.821392,0.033806,0.000000,0.000000,0.266050,0.000000,0.000000
heldout_weak_actuator,cvar_domain_randomized_mpc,7,20,0.550000,0.223700,0.119352,0.016374,0.032136,0.014452,0.067992,0.011366,0.807475,0.034483,0.000000,0.000000,0.351002,0.000000,0.000000
heldout_weak_actuator,geometry_mpc,0,20,0.000000,0.000000,0.230916,0.017697,0.135123,0.017609,0.178315,0.008825,0.525668,0.025594,0.000000,0.000000,0.491534,0.000000,0.000000
heldout_weak_actuator,geometry_mpc,1,20,0.000000,0.000000,0.221054,0.016519,0.134021,0.018546,0.171133,0.011872,0.535387,0.026943,0.000000,0.000000,0.421773,0.000000,0.000000
heldout_weak_actuator,geometry_mpc,2,20,0.000000,0.000000,0.234883,0.016005,0.137087,0.017633,0.176619,0.012936,0.516055,0.025322,0.000000,0.000000,0.542041,0.000000,0.000000
heldout_weak_actuator,geometry_mpc,3,20,0.000000,0.000000,0.237789,0.017123,0.146978,0.018073,0.180260,0.014310,0.525437,0.033123,0.000000,0.000000,0.498783,0.000000,0.000000
heldout_weak_actuator,geometry_mpc,4,20,0.000000,0.000000,0.222366,0.015932,0.129838,0.014897,0.167893,0.011750,0.537089,0.026332,0.000000,0.000000,0.486599,0.000000,0.000000
heldout_weak_actuator,geometry_mpc,5,20,0.000000,0.000000,0.225407,0.018428,0.132499,0.016927,0.171184,0.008967,0.513327,0.024934,0.000000,0.000000,0.543653,0.000000,0.000000
heldout_weak_actuator,geometry_mpc,6,20,0.000000,0.000000,0.229779,0.013625,0.136100,0.014953,0.178511,0.011657,0.520341,0.038004,0.000000,0.000000,0.471091,0.000000,0.000000
heldout_weak_actuator,geometry_mpc,7,20,0.000000,0.000000,0.223728,0.017698,0.136511,0.014495,0.171678,0.013352,0.525144,0.029413,0.000000,0.000000,0.465575,0.000000,0.000000
heldout_weak_actuator,oracle_embodiment_mpc,0,20,0.750000,0.194706,0.095793,0.011035,0.000000,0.000000,0.053270,0.011798,0.855127,0.034314,0.000000,0.000000,0.421255,0.000000,0.000000
heldout_weak_actuator,oracle_embodiment_mpc,1,20,0.850000,0.160559,0.087034,0.011356,0.000000,0.000000,0.050527,0.008508,0.860286,0.026495,0.000000,0.000000,0.428172,0.000000,0.000000
heldout_weak_actuator,oracle_embodiment_mpc,2,20,0.600000,0.220285,0.097796,0.011027,0.000000,0.000000,0.055207,0.014555,0.841312,0.046916,0.000000,0.000000,0.388738,0.000000,0.000000
heldout_weak_actuator,oracle_embodiment_mpc,3,20,0.750000,0.194706,0.090811,0.012963,0.000000,0.000000,0.051530,0.014560,0.859379,0.042175,0.000000,0.000000,0.388096,0.000000,0.000000
heldout_weak_actuator,oracle_embodiment_mpc,4,20,0.800000,0.179862,0.092528,0.010222,0.000000,0.000000,0.051044,0.008318,0.856028,0.026625,0.000000,0.000000,0.388235,0.000000,0.000000
heldout_weak_actuator,oracle_embodiment_mpc,5,20,0.850000,0.160559,0.092908,0.009756,0.000000,0.000000,0.054353,0.010427,0.843635,0.030799,0.000000,0.000000,0.409475,0.000000,0.000000
heldout_weak_actuator,oracle_embodiment_mpc,6,20,0.950000,0.098000,0.093679,0.007866,0.000000,0.000000,0.046811,0.008489,0.872029,0.027258,0.000000,0.000000,0.362018,0.000000,0.000000
heldout_weak_actuator,oracle_embodiment_mpc,7,20,0.700000,0.206058,0.087216,0.011325,0.000000,0.000000,0.056246,0.011955,0.837993,0.039352,0.000000,0.000000,0.397408,0.000000,0.000000
heldout_weak_actuator,random_shooting,0,20,0.050000,0.098000,0.280644,0.046584,0.184851,0.042951,0.214184,0.044424,0.431065,0.111449,0.000000,0.000000,0.441480,0.000000,0.000000
heldout_weak_actuator,random_shooting,1,20,0.050000,0.098000,0.324666,0.052684,0.237633,0.052939,0.245947,0.053234,0.342519,0.130286,0.000000,0.000000,0.392146,0.000000,0.000000
heldout_weak_actuator,random_shooting,2,20,0.200000,0.179862,0.254027,0.048698,0.156231,0.049751,0.190942,0.050447,0.467006,0.144439,0.000000,0.000000,0.403186,0.000000,0.000000
heldout_weak_actuator,random_shooting,3,20,0.050000,0.098000,0.304050,0.055294,0.213239,0.058372,0.243640,0.056322,0.366170,0.138746,0.000000,0.000000,0.404725,0.000000,0.000000
heldout_weak_actuator,random_shooting,4,20,0.000000,0.000000,0.258335,0.041028,0.165807,0.045114,0.190039,0.037549,0.468555,0.106812,0.000000,0.000000,0.429976,0.000000,0.000000
heldout_weak_actuator,random_shooting,5,20,0.050000,0.098000,0.305353,0.048080,0.212445,0.047435,0.246881,0.044093,0.312125,0.112467,0.000000,0.000000,0.417475,0.000000,0.000000
heldout_weak_actuator,random_shooting,6,20,0.100000,0.134896,0.258012,0.053909,0.164332,0.050831,0.185769,0.048627,0.510172,0.126629,0.000000,0.000000,0.408566,0.000000,0.000000
heldout_weak_actuator,random_shooting,7,20,0.150000,0.160559,0.297934,0.066147,0.210718,0.062297,0.227806,0.061585,0.378498,0.149756,0.000000,0.000000,0.450188,0.000000,0.000000
heldout_weak_actuator,raw_force_scalar,0,20,0.200000,0.179862,0.206661,0.036438,0.110868,0.033877,0.129900,0.028728,0.655811,0.071492,0.050000,0.098000,0.355897,0.000000,0.000000
heldout_weak_actuator,raw_force_scalar,1,20,0.200000,0.179862,0.186430,0.033636,0.099396,0.031750,0.131562,0.029125,0.642011,0.075220,0.000000,0.000000,0.289692,0.000000,0.000000
heldout_weak_actuator,raw_force_scalar,2,20,0.000000,0.000000,0.242350,0.043244,0.144554,0.043147,0.167316,0.036371,0.546060,0.087494,0.050000,0.098000,0.391458,0.000000,0.000000
heldout_weak_actuator,raw_force_scalar,3,20,0.150000,0.160559,0.239518,0.043339,0.148707,0.044014,0.158128,0.033110,0.581012,0.093244,0.050000,0.098000,0.407276,0.000000,0.000000
heldout_weak_actuator,raw_force_scalar,4,20,0.100000,0.134896,0.213936,0.035129,0.121408,0.031132,0.149469,0.033171,0.592207,0.086919,0.000000,0.000000,0.335873,0.000000,0.000000
heldout_weak_actuator,raw_force_scalar,5,20,0.050000,0.098000,0.207188,0.035181,0.114279,0.038946,0.148183,0.030168,0.584087,0.076218,0.000000,0.000000,0.357011,0.000000,0.000000
heldout_weak_actuator,raw_force_scalar,6,20,0.100000,0.134896,0.195510,0.038339,0.101830,0.038060,0.140680,0.030562,0.621578,0.082331,0.000000,0.000000,0.292557,0.000000,0.000000
heldout_weak_actuator,raw_force_scalar,7,20,0.050000,0.098000,0.199308,0.029234,0.112092,0.032206,0.141766,0.024746,0.602799,0.073215,0.000000,0.000000,0.383429,0.000000,0.000000
heldout_weak_actuator,rc_fev_no_online,0,20,0.600000,0.220285,0.133052,0.020373,0.037259,0.017585,0.068372,0.015015,0.819596,0.037444,0.000000,0.000000,0.371388,0.107559,0.536683
heldout_weak_actuator,rc_fev_no_online,1,20,0.600000,0.220285,0.125447,0.018219,0.038413,0.013398,0.063546,0.012877,0.829546,0.031189,0.000000,0.000000,0.341458,0.106813,0.535587
heldout_weak_actuator,rc_fev_no_online,2,20,0.450000,0.223700,0.143738,0.025220,0.045942,0.024238,0.080746,0.017876,0.775941,0.047111,0.000000,0.000000,0.368710,0.098652,0.526229
heldout_weak_actuator,rc_fev_no_online,3,20,0.750000,0.194706,0.133742,0.020692,0.042931,0.020936,0.059739,0.015098,0.843012,0.037965,0.000000,0.000000,0.330051,0.100915,0.528894
heldout_weak_actuator,rc_fev_no_online,4,20,0.700000,0.206058,0.120646,0.012922,0.028118,0.011469,0.060046,0.011280,0.833097,0.031746,0.000000,0.000000,0.326783,0.101773,0.529984
heldout_weak_actuator,rc_fev_no_online,5,20,0.600000,0.220285,0.131296,0.018277,0.038387,0.016802,0.072659,0.011824,0.794595,0.030106,0.000000,0.000000,0.276644,0.107048,0.536112
heldout_weak_actuator,rc_fev_no_online,6,20,0.700000,0.206058,0.135503,0.019615,0.041824,0.016438,0.069533,0.013542,0.816866,0.030755,0.000000,0.000000,0.263799,0.103543,0.532169
heldout_weak_actuator,rc_fev_no_online,7,20,0.650000,0.214472,0.122056,0.016085,0.034840,0.013677,0.064148,0.011437,0.819844,0.032431,0.000000,0.000000,0.342171,0.104685,0.533291
heldout_weak_actuator,rc_fev_v5,0,20,0.600000,0.220285,0.133052,0.020373,0.037259,0.017585,0.068372,0.015015,0.819596,0.037444,0.000000,0.000000,0.371388,0.111305,0.461899
heldout_weak_actuator,rc_fev_v5,1,20,0.600000,0.220285,0.125447,0.018219,0.038413,0.013398,0.063546,0.012877,0.829546,0.031189,0.000000,0.000000,0.341458,0.109292,0.459360
heldout_weak_actuator,rc_fev_v5,2,20,0.400000,0.220285,0.146027,0.026000,0.048231,0.024997,0.082310,0.018032,0.772124,0.047023,0.000000,0.000000,0.376195,0.102162,0.451268
heldout_weak_actuator,rc_fev_v5,3,20,0.750000,0.194706,0.133742,0.020692,0.042931,0.020936,0.059739,0.015098,0.843012,0.037965,0.000000,0.000000,0.330051,0.104023,0.453444
heldout_weak_actuator,rc_fev_v5,4,20,0.650000,0.214472,0.121231,0.013595,0.028703,0.011995,0.063692,0.010805,0.822436,0.031295,0.000000,0.000000,0.317884,0.105883,0.455748
heldout_weak_actuator,rc_fev_v5,5,20,0.550000,0.223700,0.130098,0.018126,0.037190,0.016830,0.075304,0.012545,0.786465,0.033632,0.000000,0.000000,0.278012,0.111407,0.461934
heldout_weak_actuator,rc_fev_v5,6,20,0.700000,0.206058,0.133662,0.019397,0.039983,0.017158,0.072379,0.014938,0.810035,0.033625,0.000000,0.000000,0.274334,0.106111,0.455997
heldout_weak_actuator,rc_fev_v5,7,20,0.650000,0.214472,0.122056,0.016085,0.034840,0.013677,0.064148,0.011437,0.819844,0.032431,0.000000,0.000000,0.342171,0.108296,0.458233
heldout_weak_actuator,robust_domain_randomized_mpc,0,20,0.550000,0.223700,0.137567,0.021390,0.041774,0.017544,0.072855,0.014279,0.808918,0.034660,0.000000,0.000000,0.363842,0.000000,0.000000
heldout_weak_actuator,robust_domain_randomized_mpc,1,20,0.600000,0.220285,0.129828,0.016364,0.042794,0.013608,0.063763,0.012789,0.828906,0.030946,0.000000,0.000000,0.326700,0.000000,0.000000
heldout_weak_actuator,robust_domain_randomized_mpc,2,20,0.500000,0.224827,0.139817,0.024517,0.042021,0.023657,0.078259,0.018104,0.782059,0.048290,0.000000,0.000000,0.368327,0.000000,0.000000
heldout_weak_actuator,robust_domain_randomized_mpc,3,20,0.750000,0.194706,0.133742,0.020692,0.042931,0.020936,0.059739,0.015098,0.843012,0.037965,0.000000,0.000000,0.330051,0.000000,0.000000
heldout_weak_actuator,robust_domain_randomized_mpc,4,20,0.700000,0.206058,0.121719,0.013467,0.029191,0.011916,0.061471,0.010885,0.829432,0.030519,0.000000,0.000000,0.326043,0.000000,0.000000
heldout_weak_actuator,robust_domain_randomized_mpc,5,20,0.650000,0.214472,0.121524,0.014716,0.028615,0.013673,0.068676,0.011143,0.804050,0.030863,0.000000,0.000000,0.289056,0.000000,0.000000
heldout_weak_actuator,robust_domain_randomized_mpc,6,20,0.700000,0.206058,0.132138,0.017993,0.038459,0.015439,0.070848,0.014264,0.813663,0.032364,0.000000,0.000000,0.274076,0.000000,0.000000
heldout_weak_actuator,robust_domain_randomized_mpc,7,20,0.650000,0.214472,0.122056,0.016085,0.034840,0.013677,0.064148,0.011437,0.819844,0.032431,0.000000,0.000000,0.342171,0.000000,0.000000
heldout_weak_actuator,source_action_transfer,0,20,0.600000,0.220285,0.147754,0.020564,0.051962,0.017998,0.071133,0.015875,0.814943,0.038169,0.000000,0.000000,0.390348,0.000000,0.000000
heldout_weak_actuator,source_action_transfer,1,20,0.750000,0.194706,0.133820,0.011403,0.046786,0.012285,0.063371,0.008696,0.827656,0.023630,0.000000,0.000000,0.324298,0.000000,0.000000
heldout_weak_actuator,source_action_transfer,2,20,0.450000,0.223700,0.147744,0.023093,0.049948,0.020068,0.077203,0.015241,0.789253,0.039307,0.000000,0.000000,0.408269,0.000000,0.000000
heldout_weak_actuator,source_action_transfer,3,20,0.400000,0.220285,0.146750,0.016939,0.055939,0.021881,0.084051,0.011837,0.779830,0.029153,0.000000,0.000000,0.336158,0.000000,0.000000
heldout_weak_actuator,source_action_transfer,4,20,0.450000,0.223700,0.130946,0.016168,0.038418,0.013370,0.076777,0.014168,0.789678,0.036095,0.000000,0.000000,0.320125,0.000000,0.000000
heldout_weak_actuator,source_action_transfer,5,20,0.550000,0.223700,0.139058,0.018162,0.046150,0.018380,0.075129,0.013407,0.788817,0.035870,0.000000,0.000000,0.334424,0.000000,0.000000
heldout_weak_actuator,source_action_transfer,6,20,0.600000,0.220285,0.152307,0.022099,0.058628,0.019940,0.073261,0.015952,0.807202,0.038103,0.000000,0.000000,0.290750,0.000000,0.000000
heldout_weak_actuator,source_action_transfer,7,20,0.550000,0.223700,0.131371,0.017297,0.044155,0.015163,0.073195,0.012409,0.798582,0.031837,0.000000,0.000000,0.374743,0.000000,0.000000
high_friction,cefv_v4,0,20,0.550000,0.223700,0.125680,0.016855,0.039712,0.017300,0.074070,0.014984,0.784463,0.049756,0.000000,0.000000,1.002811,0.017765,0.000000
high_friction,cefv_v4,1,20,0.700000,0.206058,0.148737,0.017990,0.064399,0.017074,0.066648,0.012961,0.818196,0.035163,0.000000,0.000000,0.898348,0.010710,0.000000
high_friction,cefv_v4,2,20,0.300000,0.206058,0.143960,0.021085,0.057406,0.021649,0.094552,0.015989,0.742102,0.046968,0.000000,0.000000,0.794416,0.011244,0.000000
high_friction,cefv_v4,3,20,0.450000,0.223700,0.169677,0.021729,0.074981,0.023564,0.089032,0.021538,0.766171,0.061652,0.000000,0.000000,0.891684,0.015316,0.000000
high_friction,cefv_v4,4,20,0.600000,0.220285,0.141689,0.017761,0.052838,0.015300,0.074689,0.018031,0.788581,0.050321,0.000000,0.000000,0.903565,0.016352,0.000000
high_friction,cefv_v4,5,20,0.650000,0.214472,0.147363,0.023238,0.061956,0.022598,0.071999,0.016055,0.805741,0.042535,0.000000,0.000000,1.105479,0.018301,0.000000
high_friction,cefv_v4,6,20,0.400000,0.220285,0.142873,0.033944,0.047645,0.032765,0.081815,0.022503,0.766591,0.073270,0.050000,0.098000,0.690289,0.017649,0.000000
high_friction,cefv_v4,7,20,0.550000,0.223700,0.155623,0.020429,0.061729,0.023593,0.071822,0.016603,0.811725,0.044962,0.000000,0.000000,0.977350,0.012717,0.000000
high_friction,continuous_force_regression,0,20,0.550000,0.223700,0.136775,0.025431,0.050806,0.021745,0.076943,0.016114,0.782216,0.044443,0.000000,0.000000,1.043127,0.000000,0.000000
high_friction,continuous_force_regression,1,20,0.450000,0.223700,0.124977,0.019153,0.040638,0.019323,0.078013,0.015519,0.793109,0.034868,0.000000,0.000000,0.830566,0.000000,0.000000
high_friction,continuous_force_regression,2,20,0.450000,0.223700,0.139808,0.020606,0.053254,0.021865,0.079422,0.014044,0.788855,0.033912,0.000000,0.000000,0.853130,0.000000,0.000000
high_friction,continuous_force_regression,3,20,0.400000,0.220285,0.145883,0.024546,0.051187,0.022808,0.090672,0.016858,0.760525,0.044543,0.000000,0.000000,0.894641,0.000000,0.000000
high_friction,continuous_force_regression,4,20,0.500000,0.224827,0.152855,0.020953,0.064003,0.022762,0.078424,0.012632,0.775195,0.038658,0.000000,0.000000,0.779237,0.000000,0.000000
high_friction,continuous_force_regression,5,20,0.400000,0.220285,0.142616,0.022066,0.057209,0.021583,0.084377,0.012173,0.773172,0.033006,0.000000,0.000000,0.856830,0.000000,0.000000
high_friction,continuous_force_regression,6,20,0.450000,0.223700,0.142141,0.025978,0.046914,0.020999,0.078818,0.017096,0.773714,0.050247,0.000000,0.000000,0.805793,0.000000,0.000000
high_friction,continuous_force_regression,7,20,0.400000,0.220285,0.161307,0.030417,0.067412,0.033222,0.098863,0.021013,0.744793,0.053243,0.000000,0.000000,0.856804,0.000000,0.000000
high_friction,cvar_domain_randomized_mpc,0,20,0.600000,0.220285,0.119586,0.018496,0.033618,0.016108,0.061652,0.012163,0.823139,0.036883,0.000000,0.000000,1.144323,0.000000,0.000000
high_friction,cvar_domain_randomized_mpc,1,20,0.750000,0.194706,0.116163,0.016825,0.031824,0.016282,0.063722,0.014134,0.827194,0.034690,0.000000,0.000000,0.820897,0.000000,0.000000
high_friction,cvar_domain_randomized_mpc,2,20,0.500000,0.224827,0.123034,0.016012,0.036480,0.018368,0.071125,0.013857,0.806157,0.037941,0.000000,0.000000,0.883167,0.000000,0.000000
high_friction,cvar_domain_randomized_mpc,3,20,0.700000,0.206058,0.130688,0.015380,0.035992,0.013294,0.062223,0.010828,0.835393,0.028874,0.000000,0.000000,0.916414,0.000000,0.000000
high_friction,cvar_domain_randomized_mpc,4,20,0.750000,0.194706,0.138846,0.019345,0.049994,0.017618,0.065274,0.014532,0.812921,0.039811,0.000000,0.000000,0.959607,0.000000,0.000000
high_friction,cvar_domain_randomized_mpc,5,20,0.650000,0.214472,0.130012,0.015588,0.044605,0.016915,0.068717,0.010620,0.817617,0.022098,0.000000,0.000000,0.834511,0.000000,0.000000
high_friction,cvar_domain_randomized_mpc,6,20,0.750000,0.194706,0.126045,0.014925,0.030818,0.013457,0.052205,0.014696,0.850473,0.046395,0.000000,0.000000,0.831682,0.000000,0.000000
high_friction,cvar_domain_randomized_mpc,7,20,0.650000,0.214472,0.132956,0.013051,0.039061,0.016404,0.061230,0.012365,0.841130,0.032850,0.000000,0.000000,0.887743,0.000000,0.000000
high_friction,geometry_mpc,0,20,0.000000,0.000000,0.244063,0.035354,0.158094,0.036242,0.185758,0.025388,0.476853,0.052480,0.000000,0.000000,1.596115,0.000000,0.000000
high_friction,geometry_mpc,1,20,0.000000,0.000000,0.260150,0.034820,0.175811,0.032348,0.202913,0.034361,0.458522,0.077138,0.000000,0.000000,1.139747,0.000000,0.000000
high_friction,geometry_mpc,2,20,0.000000,0.000000,0.271095,0.019355,0.184540,0.018938,0.204097,0.016600,0.449526,0.038620,0.000000,0.000000,1.146009,0.000000,0.000000
high_friction,geometry_mpc,3,20,0.000000,0.000000,0.259563,0.031028,0.164867,0.027840,0.193368,0.023882,0.491586,0.058050,0.000000,0.000000,1.315622,0.000000,0.000000
high_friction,geometry_mpc,4,20,0.000000,0.000000,0.277809,0.033858,0.188957,0.029213,0.218878,0.025095,0.378621,0.063733,0.000000,0.000000,1.261847,0.000000,0.000000
high_friction,geometry_mpc,5,20,0.000000,0.000000,0.279047,0.044976,0.193640,0.041368,0.216032,0.037014,0.425849,0.079377,0.000000,0.000000,1.393316,0.000000,0.000000
high_friction,geometry_mpc,6,20,0.000000,0.000000,0.268368,0.024626,0.173141,0.023176,0.203180,0.026907,0.426400,0.073944,0.000000,0.000000,1.197766,0.000000,0.000000
high_friction,geometry_mpc,7,20,0.000000,0.000000,0.235161,0.019813,0.141267,0.022553,0.181462,0.011394,0.529216,0.033728,0.000000,0.000000,1.390490,0.000000,0.000000
high_friction,oracle_embodiment_mpc,0,20,0.900000,0.134896,0.085968,0.009563,0.000000,0.000000,0.042212,0.010345,0.878153,0.031857,0.000000,0.000000,1.320452,0.000000,0.000000
high_friction,oracle_embodiment_mpc,1,20,0.800000,0.179862,0.084339,0.012464,0.000000,0.000000,0.052099,0.011261,0.857375,0.030612,0.000000,0.000000,0.956878,0.000000,0.000000
high_friction,oracle_embodiment_mpc,2,20,0.800000,0.179862,0.086554,0.010086,0.000000,0.000000,0.051578,0.010897,0.859516,0.031111,0.000000,0.000000,0.988109,0.000000,0.000000
high_friction,oracle_embodiment_mpc,3,20,0.800000,0.179862,0.094696,0.014143,0.000000,0.000000,0.053241,0.012821,0.855256,0.037506,0.000000,0.000000,1.074293,0.000000,0.000000
high_friction,oracle_embodiment_mpc,4,20,0.850000,0.160559,0.088851,0.011232,0.000000,0.000000,0.053740,0.011317,0.847918,0.031144,0.000000,0.000000,1.039718,0.000000,0.000000
high_friction,oracle_embodiment_mpc,5,20,0.800000,0.179862,0.085407,0.011166,0.000000,0.000000,0.053845,0.010049,0.853896,0.026360,0.000000,0.000000,1.101784,0.000000,0.000000
high_friction,oracle_embodiment_mpc,6,20,0.850000,0.160559,0.095227,0.011338,0.000000,0.000000,0.051852,0.010640,0.849504,0.037310,0.000000,0.000000,0.937586,0.000000,0.000000
high_friction,oracle_embodiment_mpc,7,20,0.800000,0.179862,0.093894,0.011648,0.000000,0.000000,0.053750,0.010725,0.858264,0.030987,0.000000,0.000000,1.128468,0.000000,0.000000
high_friction,random_shooting,0,20,0.050000,0.098000,0.328342,0.064129,0.242374,0.065942,0.255756,0.050967,0.266408,0.148570,0.050000,0.098000,1.439456,0.000000,0.000000
high_friction,random_shooting,1,20,0.050000,0.098000,0.318825,0.067875,0.234486,0.063493,0.263737,0.069632,0.298883,0.177681,0.000000,0.000000,1.126700,0.000000,0.000000
high_friction,random_shooting,2,20,0.050000,0.098000,0.353156,0.089173,0.266602,0.089569,0.273055,0.072788,0.265075,0.188111,0.050000,0.098000,1.294279,0.000000,0.000000
high_friction,random_shooting,3,20,0.100000,0.134896,0.325884,0.064801,0.231188,0.066365,0.253602,0.066248,0.324985,0.181211,0.000000,0.000000,1.066786,0.000000,0.000000
high_friction,random_shooting,4,20,0.150000,0.160559,0.308833,0.061228,0.219982,0.058367,0.252321,0.061636,0.301283,0.153074,0.000000,0.000000,1.041659,0.000000,0.000000
high_friction,random_shooting,5,20,0.050000,0.098000,0.345346,0.074583,0.259940,0.074340,0.285277,0.055942,0.220677,0.144657,0.050000,0.098000,1.122859,0.000000,0.000000
high_friction,random_shooting,6,20,0.050000,0.098000,0.319783,0.050482,0.224555,0.051055,0.263647,0.050493,0.248217,0.157752,0.000000,0.000000,1.003976,0.000000,0.000000
high_friction,random_shooting,7,20,0.050000,0.098000,0.349442,0.060112,0.255548,0.058424,0.277357,0.053986,0.285719,0.136595,0.000000,0.000000,1.078962,0.000000,0.000000
high_friction,raw_force_scalar,0,20,0.100000,0.134896,0.241552,0.035376,0.155584,0.038895,0.173620,0.035344,0.512293,0.088134,0.000000,0.000000,1.045692,0.000000,0.000000
high_friction,raw_force_scalar,1,20,0.100000,0.134896,0.228268,0.046010,0.143930,0.042303,0.168049,0.042790,0.550310,0.106848,0.000000,0.000000,0.740644,0.000000,0.000000
high_friction,raw_force_scalar,2,20,0.150000,0.160559,0.199424,0.032709,0.112870,0.035917,0.129497,0.025738,0.645509,0.074929,0.000000,0.000000,0.827162,0.000000,0.000000
high_friction,raw_force_scalar,3,20,0.150000,0.160559,0.232608,0.049712,0.137912,0.046829,0.160024,0.043246,0.576840,0.107340,0.000000,0.000000,0.794720,0.000000,0.000000
high_friction,raw_force_scalar,4,20,0.100000,0.134896,0.250754,0.045955,0.161903,0.047146,0.173104,0.043073,0.509699,0.116808,0.000000,0.000000,0.748708,0.000000,0.000000
high_friction,raw_force_scalar,5,20,0.050000,0.098000,0.200820,0.035188,0.115414,0.030724,0.134642,0.026787,0.637879,0.062777,0.000000,0.000000,0.813671,0.000000,0.000000
high_friction,raw_force_scalar,6,20,0.050000,0.098000,0.213455,0.033688,0.118228,0.036764,0.150051,0.028227,0.573686,0.077822,0.000000,0.000000,0.729645,0.000000,0.000000
high_friction,raw_force_scalar,7,20,0.100000,0.134896,0.241204,0.043783,0.147310,0.040556,0.170181,0.038272,0.557497,0.103989,0.000000,0.000000,0.770484,0.000000,0.000000
high_friction,rc_fev_no_online,0,20,0.600000,0.220285,0.119277,0.018599,0.033308,0.016205,0.059886,0.012757,0.829292,0.038022,0.000000,0.000000,1.141578,0.103672,0.531960
high_friction,rc_fev_no_online,1,20,0.700000,0.206058,0.123807,0.019255,0.039469,0.019427,0.065075,0.014447,0.823254,0.036096,0.000000,0.000000,0.792106,0.098417,0.525878
high_friction,rc_fev_no_online,2,20,0.500000,0.224827,0.124624,0.016380,0.038070,0.018706,0.069130,0.014947,0.813797,0.040447,0.000000,0.000000,0.893042,0.103669,0.532250
high_friction,rc_fev_no_online,3,20,0.700000,0.206058,0.126728,0.014498,0.032032,0.012903,0.064016,0.011857,0.830824,0.031240,0.000000,0.000000,0.880507,0.102273,0.530676
high_friction,rc_fev_no_online,4,20,0.750000,0.194706,0.135323,0.019136,0.046472,0.018893,0.068049,0.015749,0.805733,0.042348,0.000000,0.000000,0.920899,0.105958,0.534662
high_friction,rc_fev_no_online,5,20,0.650000,0.214472,0.130012,0.015588,0.044605,0.016915,0.068717,0.010620,0.817617,0.022098,0.000000,0.000000,0.834511,0.100739,0.528549
high_friction,rc_fev_no_online,6,20,0.650000,0.214472,0.133387,0.018776,0.038159,0.016519,0.058710,0.016408,0.835036,0.046499,0.000000,0.000000,0.831712,0.103424,0.531776
high_friction,rc_fev_no_online,7,20,0.700000,0.206058,0.132530,0.013457,0.038636,0.016775,0.060431,0.012900,0.844866,0.031817,0.000000,0.000000,0.868813,0.101215,0.529350
high_friction,rc_fev_v5,0,20,0.600000,0.220285,0.119745,0.018633,0.033776,0.016270,0.058956,0.012719,0.831692,0.038144,0.000000,0.000000,1.132558,0.105342,0.454772
high_friction,rc_fev_v5,1,20,0.700000,0.206058,0.120665,0.018494,0.036327,0.018887,0.064805,0.014322,0.824100,0.035479,0.000000,0.000000,0.820047,0.101536,0.450448
high_friction,rc_fev_v5,2,20,0.500000,0.224827,0.124624,0.016380,0.038070,0.018706,0.069130,0.014947,0.813797,0.040447,0.000000,0.000000,0.893042,0.108094,0.458250
high_friction,rc_fev_v5,3,20,0.700000,0.206058,0.126728,0.014498,0.032032,0.012903,0.064016,0.011857,0.830824,0.031240,0.000000,0.000000,0.880507,0.105819,0.455656
high_friction,rc_fev_v5,4,20,0.750000,0.194706,0.136655,0.018421,0.047803,0.018404,0.066443,0.016175,0.811345,0.043137,0.000000,0.000000,0.862100,0.105430,0.455011
high_friction,rc_fev_v5,5,20,0.650000,0.214472,0.130012,0.015588,0.044605,0.016915,0.068717,0.010620,0.817617,0.022098,0.000000,0.000000,0.834511,0.103340,0.452465
high_friction,rc_fev_v5,6,20,0.650000,0.214472,0.133387,0.018776,0.038159,0.016519,0.058710,0.016408,0.835036,0.046499,0.000000,0.000000,0.831712,0.107618,0.457573
high_friction,rc_fev_v5,7,20,0.750000,0.194706,0.132061,0.013357,0.038167,0.016913,0.056875,0.012184,0.854515,0.029078,0.000000,0.000000,0.869899,0.104675,0.454234
high_friction,robust_domain_randomized_mpc,0,20,0.550000,0.223700,0.119625,0.018241,0.033656,0.013653,0.061308,0.013799,0.825424,0.040279,0.000000,0.000000,1.104083,0.000000,0.000000
high_friction,robust_domain_randomized_mpc,1,20,0.700000,0.206058,0.123807,0.019255,0.039469,0.019427,0.065075,0.014447,0.823254,0.036096,0.000000,0.000000,0.792106,0.000000,0.000000
high_friction,robust_domain_randomized_mpc,2,20,0.500000,0.224827,0.124624,0.016380,0.038070,0.018706,0.069130,0.014947,0.813797,0.040447,0.000000,0.000000,0.893042,0.000000,0.000000
high_friction,robust_domain_randomized_mpc,3,20,0.700000,0.206058,0.129755,0.017753,0.035059,0.017250,0.065863,0.013121,0.826483,0.033426,0.000000,0.000000,0.874649,0.000000,0.000000
high_friction,robust_domain_randomized_mpc,4,20,0.700000,0.206058,0.138844,0.020215,0.049992,0.019473,0.071044,0.015563,0.798229,0.041035,0.000000,0.000000,0.930399,0.000000,0.000000
high_friction,robust_domain_randomized_mpc,5,20,0.600000,0.220285,0.128234,0.015272,0.042827,0.016647,0.069597,0.010770,0.815060,0.023070,0.000000,0.000000,0.796695,0.000000,0.000000
high_friction,robust_domain_randomized_mpc,6,20,0.600000,0.220285,0.133240,0.018789,0.038012,0.016559,0.062218,0.016537,0.825580,0.046555,0.000000,0.000000,0.804171,0.000000,0.000000
high_friction,robust_domain_randomized_mpc,7,20,0.650000,0.214472,0.133234,0.015319,0.039339,0.018687,0.065866,0.015490,0.832356,0.036580,0.000000,0.000000,0.887755,0.000000,0.000000
high_friction,source_action_transfer,0,20,0.600000,0.220285,0.145637,0.021908,0.059668,0.023037,0.065085,0.016013,0.820537,0.041051,0.000000,0.000000,1.110278,0.000000,0.000000
high_friction,source_action_transfer,1,20,0.600000,0.220285,0.136760,0.015518,0.052422,0.016807,0.068454,0.013039,0.815259,0.031831,0.000000,0.000000,0.857004,0.000000,0.000000
high_friction,source_action_transfer,2,20,0.600000,0.220285,0.136770,0.015935,0.050216,0.019280,0.071174,0.011503,0.808837,0.032334,0.000000,0.000000,0.881833,0.000000,0.000000
high_friction,source_action_transfer,3,20,0.450000,0.223700,0.150136,0.025409,0.055441,0.027331,0.079871,0.018918,0.792864,0.044471,0.000000,0.000000,0.918346,0.000000,0.000000
high_friction,source_action_transfer,4,20,0.800000,0.179862,0.134936,0.018075,0.046085,0.017369,0.055676,0.013532,0.844195,0.034144,0.000000,0.000000,0.841848,0.000000,0.000000
high_friction,source_action_transfer,5,20,0.450000,0.223700,0.150345,0.029974,0.064938,0.029582,0.090533,0.021185,0.765805,0.044186,0.000000,0.000000,0.854744,0.000000,0.000000
high_friction,source_action_transfer,6,20,0.550000,0.223700,0.145267,0.014046,0.050039,0.016835,0.068668,0.013246,0.809661,0.033645,0.000000,0.000000,0.794390,0.000000,0.000000
high_friction,source_action_transfer,7,20,0.550000,0.223700,0.153394,0.023068,0.059499,0.025151,0.070815,0.018388,0.820627,0.043044,0.000000,0.000000,0.935222,0.000000,0.000000
low_friction,cefv_v4,0,20,0.400000,0.220285,0.170836,0.021477,0.057163,0.022419,0.085270,0.024171,0.747691,0.067473,0.000000,0.000000,0.190709,0.014127,0.000000
low_friction,cefv_v4,1,20,0.300000,0.206058,0.151543,0.022219,0.040472,0.021177,0.094797,0.020805,0.737621,0.058260,0.000000,0.000000,0.163374,0.015153,0.000000
low_friction,cefv_v4,2,20,0.750000,0.194706,0.136042,0.014761,0.023493,0.014023,0.053315,0.017628,0.847130,0.057800,0.000000,0.000000,0.193941,0.016481,0.000000
low_friction,cefv_v4,3,20,0.300000,0.206058,0.157352,0.016836,0.045927,0.014975,0.089043,0.016835,0.743055,0.055642,0.000000,0.000000,0.175389,0.018862,0.000000
low_friction,cefv_v4,4,20,0.450000,0.223700,0.172496,0.029660,0.045427,0.028536,0.089507,0.022361,0.764117,0.059890,0.050000,0.098000,0.262623,0.013259,0.000000
low_friction,cefv_v4,5,20,0.250000,0.194706,0.154726,0.025297,0.043837,0.023388,0.097484,0.018898,0.711277,0.056766,0.050000,0.098000,0.192847,0.011707,0.000000
low_friction,cefv_v4,6,20,0.600000,0.220285,0.141535,0.021142,0.033695,0.015391,0.060682,0.018577,0.822050,0.052006,0.000000,0.000000,0.245035,0.009634,0.000000
low_friction,cefv_v4,7,20,0.450000,0.223700,0.152267,0.020769,0.035929,0.016943,0.088043,0.024289,0.739410,0.076598,0.000000,0.000000,0.195346,0.012875,0.000000
low_friction,continuous_force_regression,0,20,0.100000,0.134896,0.168190,0.023775,0.054518,0.022388,0.115114,0.016872,0.663116,0.037251,0.000000,0.000000,0.195774,0.000000,0.000000
low_friction,continuous_force_regression,1,20,0.200000,0.179862,0.163411,0.021553,0.052340,0.020928,0.107891,0.020300,0.699275,0.049419,0.000000,0.000000,0.154150,0.000000,0.000000
low_friction,continuous_force_regression,2,20,0.600000,0.220285,0.143333,0.020061,0.030784,0.018304,0.077454,0.026350,0.784609,0.073417,0.000000,0.000000,0.186307,0.000000,0.000000
low_friction,continuous_force_regression,3,20,0.350000,0.214472,0.151444,0.030596,0.040019,0.029423,0.086498,0.018987,0.750033,0.056772,0.050000,0.098000,0.176441,0.000000,0.000000
low_friction,continuous_force_regression,4,20,0.250000,0.194706,0.184771,0.022318,0.057702,0.024818,0.117103,0.028497,0.695696,0.070367,0.000000,0.000000,0.245767,0.000000,0.000000
low_friction,continuous_force_regression,5,20,0.350000,0.214472,0.163457,0.020021,0.052568,0.022169,0.097111,0.024826,0.718636,0.068362,0.000000,0.000000,0.221116,0.000000,0.000000
low_friction,continuous_force_regression,6,20,0.350000,0.214472,0.149186,0.020462,0.041347,0.018544,0.088301,0.019039,0.725208,0.063600,0.000000,0.000000,0.205314,0.000000,0.000000
low_friction,continuous_force_regression,7,20,0.300000,0.206058,0.165724,0.027336,0.049386,0.023632,0.097506,0.020558,0.717067,0.054043,0.050000,0.098000,0.180476,0.000000,0.000000
low_friction,cvar_domain_randomized_mpc,0,20,0.400000,0.220285,0.128062,0.010215,0.014389,0.008448,0.078749,0.017786,0.762601,0.053908,0.000000,0.000000,0.166130,0.000000,0.000000
low_friction,cvar_domain_randomized_mpc,1,20,0.500000,0.224827,0.137455,0.017190,0.026384,0.013935,0.080903,0.025213,0.787596,0.059707,0.000000,0.000000,0.157349,0.000000,0.000000
low_friction,cvar_domain_randomized_mpc,2,20,0.750000,0.194706,0.134438,0.012016,0.021889,0.012245,0.059017,0.018963,0.842087,0.049803,0.000000,0.000000,0.178715,0.000000,0.000000
low_friction,cvar_domain_randomized_mpc,3,20,0.300000,0.206058,0.135265,0.013725,0.023840,0.013218,0.082248,0.016691,0.762322,0.052265,0.000000,0.000000,0.197968,0.000000,0.000000
low_friction,cvar_domain_randomized_mpc,4,20,0.600000,0.220285,0.140891,0.010107,0.013822,0.008009,0.067198,0.018285,0.821159,0.051470,0.000000,0.000000,0.234671,0.000000,0.000000
low_friction,cvar_domain_randomized_mpc,5,20,0.450000,0.223700,0.130012,0.013377,0.019123,0.016515,0.075669,0.018475,0.779192,0.056493,0.000000,0.000000,0.208152,0.000000,0.000000
low_friction,cvar_domain_randomized_mpc,6,20,0.650000,0.214472,0.127583,0.015395,0.019743,0.015663,0.060255,0.020129,0.821394,0.058794,0.000000,0.000000,0.205354,0.000000,0.000000
low_friction,cvar_domain_randomized_mpc,7,20,0.550000,0.223700,0.141873,0.019198,0.025535,0.016462,0.075152,0.021432,0.785918,0.060347,0.050000,0.098000,0.159704,0.000000,0.000000
low_friction,geometry_mpc,0,20,0.000000,0.000000,0.303337,0.026438,0.189664,0.026078,0.248620,0.022430,0.258119,0.069049,0.000000,0.000000,0.269322,0.000000,0.000000
low_friction,geometry_mpc,1,20,0.000000,0.000000,0.338306,0.034587,0.227235,0.032108,0.278825,0.028531,0.225743,0.065812,0.000000,0.000000,0.247614,0.000000,0.000000
low_friction,geometry_mpc,2,20,0.000000,0.000000,0.315085,0.030228,0.202536,0.031145,0.256234,0.026357,0.299135,0.070951,0.000000,0.000000,0.309705,0.000000,0.000000
low_friction,geometry_mpc,3,20,0.000000,0.000000,0.326175,0.027992,0.214750,0.025151,0.273221,0.019997,0.218330,0.071323,0.000000,0.000000,0.301556,0.000000,0.000000
low_friction,geometry_mpc,4,20,0.000000,0.000000,0.348372,0.030445,0.221303,0.031093,0.286023,0.026587,0.252426,0.062408,0.000000,0.000000,0.309943,0.000000,0.000000
low_friction,geometry_mpc,5,20,0.000000,0.000000,0.337794,0.029497,0.226905,0.028274,0.284319,0.026166,0.177637,0.060915,0.000000,0.000000,0.302796,0.000000,0.000000
low_friction,geometry_mpc,6,20,0.000000,0.000000,0.295081,0.024784,0.187241,0.019936,0.246500,0.025945,0.250166,0.062215,0.000000,0.000000,0.292145,0.000000,0.000000
low_friction,geometry_mpc,7,20,0.000000,0.000000,0.330165,0.026616,0.213827,0.026090,0.272624,0.024448,0.207582,0.062160,0.000000,0.000000,0.250019,0.000000,0.000000
low_friction,oracle_embodiment_mpc,0,20,0.600000,0.220285,0.113673,0.007928,0.000000,0.000000,0.060228,0.018435,0.809496,0.063292,0.000000,0.000000,0.170091,0.000000,0.000000
low_friction,oracle_embodiment_mpc,1,20,0.400000,0.220285,0.111071,0.007717,0.000000,0.000000,0.071255,0.013128,0.798135,0.044094,0.000000,0.000000,0.137344,0.000000,0.000000
low_friction,oracle_embodiment_mpc,2,20,0.900000,0.134896,0.112549,0.011330,0.000000,0.000000,0.046447,0.010707,0.871968,0.030228,0.000000,0.000000,0.202631,0.000000,0.000000
low_friction,oracle_embodiment_mpc,3,20,0.650000,0.214472,0.111425,0.014045,0.000000,0.000000,0.059106,0.016903,0.827344,0.054838,0.000000,0.000000,0.189058,0.000000,0.000000
low_friction,oracle_embodiment_mpc,4,20,0.800000,0.179862,0.127069,0.008104,0.000000,0.000000,0.046062,0.012077,0.880502,0.029691,0.000000,0.000000,0.236656,0.000000,0.000000
low_friction,oracle_embodiment_mpc,5,20,0.550000,0.223700,0.110889,0.013537,0.000000,0.000000,0.060360,0.016756,0.820774,0.054243,0.000000,0.000000,0.210116,0.000000,0.000000
low_friction,oracle_embodiment_mpc,6,20,0.750000,0.194706,0.107839,0.014943,0.000000,0.000000,0.051352,0.017810,0.848392,0.051962,0.000000,0.000000,0.192653,0.000000,0.000000
low_friction,oracle_embodiment_mpc,7,20,0.600000,0.220285,0.116338,0.010056,0.000000,0.000000,0.064598,0.014487,0.805725,0.049555,0.000000,0.000000,0.155718,0.000000,0.000000
low_friction,random_shooting,0,20,0.000000,0.000000,0.336190,0.050388,0.222518,0.050804,0.265212,0.049713,0.217465,0.141403,0.000000,0.000000,0.240520,0.000000,0.000000
low_friction,random_shooting,1,20,0.000000,0.000000,0.374156,0.053697,0.263085,0.054736,0.301277,0.053273,0.156916,0.152049,0.000000,0.000000,0.211770,0.000000,0.000000
low_friction,random_shooting,2,20,0.000000,0.000000,0.318884,0.041177,0.206335,0.040523,0.259012,0.033864,0.282589,0.106492,0.000000,0.000000,0.241997,0.000000,0.000000
low_friction,random_shooting,3,20,0.000000,0.000000,0.339480,0.053322,0.228054,0.055445,0.271314,0.050705,0.241655,0.133060,0.000000,0.000000,0.266519,0.000000,0.000000
low_friction,random_shooting,4,20,0.050000,0.098000,0.381807,0.087823,0.254738,0.085974,0.303827,0.068722,0.198367,0.181448,0.050000,0.098000,0.281193,0.000000,0.000000
low_friction,random_shooting,5,20,0.000000,0.000000,0.409195,0.087669,0.298306,0.089458,0.333691,0.067575,0.036475,0.188359,0.100000,0.134896,0.292300,0.000000,0.000000
low_friction,random_shooting,6,20,0.000000,0.000000,0.326794,0.049969,0.218955,0.048053,0.252426,0.045710,0.225723,0.141172,0.050000,0.098000,0.212731,0.000000,0.000000
low_friction,random_shooting,7,20,0.000000,0.000000,0.336634,0.064847,0.220296,0.066439,0.265642,0.049718,0.234165,0.123943,0.050000,0.098000,0.240046,0.000000,0.000000
low_friction,raw_force_scalar,0,20,0.050000,0.098000,0.241534,0.039883,0.127861,0.037905,0.165124,0.036128,0.513117,0.101974,0.050000,0.098000,0.204237,0.000000,0.000000
low_friction,raw_force_scalar,1,20,0.050000,0.098000,0.250506,0.035811,0.139435,0.036198,0.186901,0.036934,0.474506,0.102779,0.000000,0.000000,0.197479,0.000000,0.000000
low_friction,raw_force_scalar,2,20,0.050000,0.098000,0.248972,0.046915,0.136423,0.044985,0.186343,0.045315,0.496533,0.111294,0.000000,0.000000,0.220002,0.000000,0.000000
low_friction,raw_force_scalar,3,20,0.050000,0.098000,0.219316,0.036136,0.107890,0.038482,0.157757,0.028444,0.555689,0.077608,0.000000,0.000000,0.213470,0.000000,0.000000
low_friction,raw_force_scalar,4,20,0.000000,0.000000,0.286372,0.035463,0.159303,0.035200,0.197237,0.030665,0.477348,0.090962,0.100000,0.134896,0.238202,0.000000,0.000000
low_friction,raw_force_scalar,5,20,0.050000,0.098000,0.230714,0.031374,0.119825,0.027690,0.173333,0.026920,0.499172,0.074672,0.000000,0.000000,0.208691,0.000000,0.000000
low_friction,raw_force_scalar,6,20,0.000000,0.000000,0.224683,0.033906,0.116843,0.035481,0.167046,0.030293,0.479366,0.099429,0.000000,0.000000,0.222551,0.000000,0.000000
low_friction,raw_force_scalar,7,20,0.000000,0.000000,0.271497,0.045832,0.155159,0.043190,0.192938,0.034566,0.445232,0.093571,0.100000,0.134896,0.211003,0.000000,0.000000
low_friction,rc_fev_no_online,0,20,0.450000,0.223700,0.127277,0.009998,0.013604,0.008536,0.077575,0.017037,0.769165,0.050008,0.000000,0.000000,0.169282,0.107856,0.536682
low_friction,rc_fev_no_online,1,20,0.500000,0.224827,0.137455,0.017190,0.026384,0.013935,0.080903,0.025213,0.787596,0.059707,0.000000,0.000000,0.157349,0.097513,0.524883
low_friction,rc_fev_no_online,2,20,0.750000,0.194706,0.135698,0.013127,0.023149,0.013136,0.061354,0.019227,0.835442,0.050327,0.000000,0.000000,0.176391,0.101996,0.529957
low_friction,rc_fev_no_online,3,20,0.300000,0.206058,0.136707,0.013630,0.025281,0.012993,0.082907,0.016245,0.760398,0.051074,0.000000,0.000000,0.192687,0.106811,0.535902
low_friction,rc_fev_no_online,4,20,0.600000,0.220285,0.147446,0.012455,0.020377,0.012371,0.068939,0.020583,0.821736,0.051387,0.000000,0.000000,0.233468,0.102104,0.530344
low_friction,rc_fev_no_online,5,20,0.400000,0.220285,0.132523,0.013768,0.021634,0.016276,0.078834,0.017790,0.770833,0.054202,0.000000,0.000000,0.208137,0.103561,0.532016
low_friction,rc_fev_no_online,6,20,0.650000,0.214472,0.127583,0.015395,0.019743,0.015663,0.060255,0.020129,0.821394,0.058794,0.000000,0.000000,0.205354,0.098840,0.526437
low_friction,rc_fev_no_online,7,20,0.600000,0.220285,0.138808,0.018259,0.022470,0.015916,0.068433,0.019209,0.803496,0.057140,0.050000,0.098000,0.160880,0.102590,0.530726
low_friction,rc_fev_v5,0,20,0.400000,0.220285,0.127302,0.010001,0.013629,0.008529,0.082082,0.016230,0.756896,0.046951,0.000000,0.000000,0.169896,0.110711,0.460794
low_friction,rc_fev_v5,1,20,0.500000,0.224827,0.137455,0.017190,0.026384,0.013935,0.080903,0.025213,0.787596,0.059707,0.000000,0.000000,0.157349,0.098068,0.446363
low_friction,rc_fev_v5,2,20,0.750000,0.194706,0.135698,0.013127,0.023149,0.013136,0.061354,0.019227,0.835442,0.050327,0.000000,0.000000,0.176391,0.104976,0.454272
low_friction,rc_fev_v5,3,20,0.300000,0.206058,0.136707,0.013630,0.025281,0.012993,0.082907,0.016245,0.760398,0.051074,0.000000,0.000000,0.192687,0.109279,0.459591
low_friction,rc_fev_v5,4,20,0.600000,0.220285,0.147446,0.012455,0.020377,0.012371,0.068939,0.020583,0.821736,0.051387,0.000000,0.000000,0.233468,0.105720,0.455462
low_friction,rc_fev_v5,5,20,0.400000,0.220285,0.131372,0.013702,0.020484,0.016412,0.078638,0.017902,0.771522,0.054533,0.000000,0.000000,0.207342,0.107296,0.457281
low_friction,rc_fev_v5,6,20,0.650000,0.214472,0.127583,0.015395,0.019743,0.015663,0.060255,0.020129,0.821394,0.058794,0.000000,0.000000,0.205354,0.100144,0.448891
low_friction,rc_fev_v5,7,20,0.650000,0.214472,0.136025,0.017958,0.019687,0.016134,0.064471,0.019303,0.813693,0.057968,0.050000,0.098000,0.162151,0.105760,0.455131
low_friction,robust_domain_randomized_mpc,0,20,0.450000,0.223700,0.125065,0.009595,0.011392,0.007988,0.078731,0.017662,0.765287,0.051345,0.000000,0.000000,0.172553,0.000000,0.000000
low_friction,robust_domain_randomized_mpc,1,20,0.500000,0.224827,0.137455,0.017190,0.026384,0.013935,0.080903,0.025213,0.787596,0.059707,0.000000,0.000000,0.157349,0.000000,0.000000
low_friction,robust_domain_randomized_mpc,2,20,0.700000,0.206058,0.134432,0.012018,0.021883,0.012347,0.060397,0.019407,0.838575,0.050796,0.000000,0.000000,0.180349,0.000000,0.000000
low_friction,robust_domain_randomized_mpc,3,20,0.350000,0.214472,0.135965,0.013441,0.024539,0.012759,0.080910,0.016042,0.765326,0.051365,0.000000,0.000000,0.191369,0.000000,0.000000
low_friction,robust_domain_randomized_mpc,4,20,0.550000,0.223700,0.156979,0.016814,0.029910,0.014516,0.082014,0.025731,0.789183,0.063360,0.000000,0.000000,0.240754,0.000000,0.000000
low_friction,robust_domain_randomized_mpc,5,20,0.400000,0.220285,0.131343,0.014604,0.020454,0.016411,0.079998,0.017243,0.768145,0.052767,0.000000,0.000000,0.215094,0.000000,0.000000
low_friction,robust_domain_randomized_mpc,6,20,0.650000,0.214472,0.127583,0.015395,0.019743,0.015663,0.060255,0.020129,0.821394,0.058794,0.000000,0.000000,0.205354,0.000000,0.000000
low_friction,robust_domain_randomized_mpc,7,20,0.500000,0.224827,0.138976,0.018295,0.022638,0.015732,0.078342,0.021379,0.777692,0.060636,0.050000,0.098000,0.162280,0.000000,0.000000
low_friction,source_action_transfer,0,20,0.650000,0.214472,0.133445,0.011559,0.019772,0.010066,0.064704,0.018074,0.798392,0.061764,0.000000,0.000000,0.198474,0.000000,0.000000
low_friction,source_action_transfer,1,20,0.500000,0.224827,0.153154,0.017423,0.042083,0.016865,0.085718,0.027273,0.768262,0.067720,0.000000,0.000000,0.165070,0.000000,0.000000
low_friction,source_action_transfer,2,20,0.750000,0.194706,0.124423,0.010261,0.011874,0.007976,0.050512,0.018189,0.856669,0.056901,0.000000,0.000000,0.192472,0.000000,0.000000
low_friction,source_action_transfer,3,20,0.750000,0.194706,0.134169,0.010712,0.022744,0.011868,0.055888,0.015612,0.837608,0.048719,0.000000,0.000000,0.210314,0.000000,0.000000
low_friction,source_action_transfer,4,20,0.600000,0.220285,0.157397,0.019795,0.030328,0.020895,0.066460,0.018312,0.828489,0.043555,0.050000,0.098000,0.227242,0.000000,0.000000
low_friction,source_action_transfer,5,20,0.600000,0.220285,0.135341,0.016697,0.024452,0.010629,0.063368,0.017365,0.807395,0.057233,0.000000,0.000000,0.195716,0.000000,0.000000
low_friction,source_action_transfer,6,20,0.500000,0.224827,0.138281,0.013483,0.030442,0.014616,0.070524,0.018388,0.783039,0.056430,0.000000,0.000000,0.250279,0.000000,0.000000
low_friction,source_action_transfer,7,20,0.550000,0.223700,0.145151,0.015994,0.028813,0.012013,0.073459,0.020404,0.791174,0.055261,0.000000,0.000000,0.202072,0.000000,0.000000
nominal,cefv_v4,0,20,0.750000,0.194706,0.133001,0.021757,0.030665,0.017681,0.055563,0.020837,0.832018,0.056878,0.000000,0.000000,0.338531,0.014926,0.000000
nominal,cefv_v4,1,20,0.750000,0.194706,0.113750,0.020181,0.031220,0.016122,0.055332,0.015731,0.828491,0.045220,0.000000,0.000000,0.324180,0.014497,0.000000
nominal,cefv_v4,2,20,0.400000,0.220285,0.147897,0.025985,0.048170,0.020073,0.116058,0.026008,0.629509,0.085866,0.000000,0.000000,0.250588,0.021095,0.000000
nominal,cefv_v4,3,20,0.400000,0.220285,0.140257,0.026976,0.044152,0.022844,0.094351,0.019564,0.725043,0.059128,0.050000,0.098000,0.302285,0.021285,0.000000
nominal,cefv_v4,4,20,0.400000,0.220285,0.137642,0.020387,0.038152,0.016881,0.088876,0.023141,0.728704,0.064390,0.000000,0.000000,0.337510,0.016800,0.000000
nominal,cefv_v4,5,20,0.800000,0.179862,0.125305,0.021032,0.026989,0.021732,0.050292,0.014290,0.844547,0.048386,0.000000,0.000000,0.340453,0.015528,0.000000
nominal,cefv_v4,6,20,0.450000,0.223700,0.135778,0.027100,0.044293,0.023687,0.082744,0.018496,0.752074,0.057358,0.050000,0.098000,0.219735,0.019139,0.000000
nominal,cefv_v4,7,20,0.550000,0.223700,0.136376,0.025059,0.034733,0.023771,0.078888,0.021417,0.767521,0.062985,0.000000,0.000000,0.287835,0.018259,0.000000
nominal,continuous_force_regression,0,20,0.500000,0.224827,0.130572,0.022164,0.028236,0.016946,0.078301,0.017865,0.752861,0.054660,0.000000,0.000000,0.339282,0.000000,0.000000
nominal,continuous_force_regression,1,20,0.900000,0.134896,0.103175,0.014091,0.020644,0.009987,0.049651,0.009912,0.838310,0.037299,0.000000,0.000000,0.314408,0.000000,0.000000
nominal,continuous_force_regression,2,20,0.550000,0.223700,0.126503,0.023220,0.026776,0.015532,0.070458,0.020134,0.781953,0.056838,0.000000,0.000000,0.332755,0.000000,0.000000
nominal,continuous_force_regression,3,20,0.600000,0.220285,0.129999,0.021633,0.033893,0.017360,0.079852,0.018748,0.774757,0.046374,0.000000,0.000000,0.330046,0.000000,0.000000
nominal,continuous_force_regression,4,20,0.500000,0.224827,0.133579,0.020782,0.034089,0.017922,0.074227,0.015707,0.767366,0.048817,0.000000,0.000000,0.341864,0.000000,0.000000
nominal,continuous_force_regression,5,20,0.400000,0.220285,0.135138,0.023255,0.036821,0.015781,0.088910,0.016514,0.736660,0.050894,0.000000,0.000000,0.343335,0.000000,0.000000
nominal,continuous_force_regression,6,20,0.450000,0.223700,0.131228,0.019789,0.039743,0.016936,0.082718,0.019607,0.752907,0.060189,0.000000,0.000000,0.264657,0.000000,0.000000
nominal,continuous_force_regression,7,20,0.500000,0.224827,0.128603,0.022145,0.026961,0.015014,0.090561,0.021178,0.730242,0.065983,0.000000,0.000000,0.283686,0.000000,0.000000
nominal,cvar_domain_randomized_mpc,0,20,0.600000,0.220285,0.112341,0.012198,0.010005,0.005698,0.058303,0.017566,0.815354,0.054510,0.000000,0.000000,0.309817,0.000000,0.000000
nominal,cvar_domain_randomized_mpc,1,20,0.850000,0.160559,0.102889,0.011823,0.020359,0.008694,0.054844,0.010556,0.821335,0.038843,0.000000,0.000000,0.319199,0.000000,0.000000
nominal,cvar_domain_randomized_mpc,2,20,0.800000,0.179862,0.114101,0.013217,0.014374,0.008203,0.046930,0.012141,0.849857,0.041639,0.000000,0.000000,0.363493,0.000000,0.000000
nominal,cvar_domain_randomized_mpc,3,20,0.600000,0.220285,0.114666,0.009967,0.018560,0.006590,0.070227,0.012479,0.798173,0.036172,0.000000,0.000000,0.370196,0.000000,0.000000
nominal,cvar_domain_randomized_mpc,4,20,0.700000,0.206058,0.112084,0.010975,0.012594,0.006550,0.053204,0.014503,0.831396,0.047148,0.000000,0.000000,0.322549,0.000000,0.000000
nominal,cvar_domain_randomized_mpc,5,20,0.500000,0.224827,0.122422,0.026350,0.024106,0.021722,0.071348,0.014559,0.787619,0.046730,0.050000,0.098000,0.297478,0.000000,0.000000
nominal,cvar_domain_randomized_mpc,6,20,0.700000,0.206058,0.107307,0.014116,0.015822,0.008657,0.060249,0.015237,0.815833,0.051493,0.000000,0.000000,0.280813,0.000000,0.000000
nominal,cvar_domain_randomized_mpc,7,20,0.750000,0.194706,0.111260,0.012898,0.009617,0.007432,0.059105,0.018791,0.824497,0.056640,0.000000,0.000000,0.296394,0.000000,0.000000
nominal,geometry_mpc,0,20,0.000000,0.000000,0.283822,0.020987,0.181486,0.016567,0.229277,0.017014,0.286501,0.025098,0.000000,0.000000,0.407559,0.000000,0.000000
nominal,geometry_mpc,1,20,0.000000,0.000000,0.253930,0.019652,0.171399,0.020770,0.211899,0.015555,0.326924,0.036876,0.000000,0.000000,0.494060,0.000000,0.000000
nominal,geometry_mpc,2,20,0.000000,0.000000,0.267415,0.021479,0.167688,0.016497,0.212673,0.015102,0.334562,0.035834,0.000000,0.000000,0.408200,0.000000,0.000000
nominal,geometry_mpc,3,20,0.000000,0.000000,0.278000,0.019359,0.181895,0.016523,0.220898,0.018912,0.366065,0.044467,0.000000,0.000000,0.476267,0.000000,0.000000
nominal,geometry_mpc,4,20,0.000000,0.000000,0.285324,0.021798,0.185834,0.020742,0.225662,0.016989,0.307292,0.033598,0.000000,0.000000,0.454540,0.000000,0.000000
nominal,geometry_mpc,5,20,0.000000,0.000000,0.291482,0.029647,0.193166,0.022975,0.234627,0.021739,0.313689,0.030300,0.000000,0.000000,0.438067,0.000000,0.000000
nominal,geometry_mpc,6,20,0.000000,0.000000,0.284994,0.019347,0.193508,0.022860,0.233771,0.015755,0.307295,0.026687,0.000000,0.000000,0.420179,0.000000,0.000000
nominal,geometry_mpc,7,20,0.000000,0.000000,0.286874,0.018840,0.185231,0.020704,0.231817,0.017779,0.320826,0.038653,0.000000,0.000000,0.438061,0.000000,0.000000
nominal,oracle_embodiment_mpc,0,20,0.950000,0.098000,0.102336,0.011425,0.000000,0.000000,0.031894,0.011822,0.901184,0.034803,0.000000,0.000000,0.353124,0.000000,0.000000
nominal,oracle_embodiment_mpc,1,20,1.000000,0.000000,0.082531,0.010152,0.000000,0.000000,0.034182,0.009678,0.891303,0.033041,0.000000,0.000000,0.343769,0.000000,0.000000
nominal,oracle_embodiment_mpc,2,20,0.900000,0.134896,0.099727,0.011005,0.000000,0.000000,0.044252,0.012346,0.863787,0.035452,0.000000,0.000000,0.355868,0.000000,0.000000
nominal,oracle_embodiment_mpc,3,20,0.800000,0.179862,0.096106,0.010011,0.000000,0.000000,0.051405,0.009990,0.851049,0.031331,0.000000,0.000000,0.372381,0.000000,0.000000
nominal,oracle_embodiment_mpc,4,20,0.800000,0.179862,0.099490,0.008111,0.000000,0.000000,0.043796,0.013252,0.865319,0.040813,0.000000,0.000000,0.310441,0.000000,0.000000
nominal,oracle_embodiment_mpc,5,20,0.900000,0.134896,0.098317,0.012286,0.000000,0.000000,0.042974,0.011612,0.873327,0.033240,0.000000,0.000000,0.350775,0.000000,0.000000
nominal,oracle_embodiment_mpc,6,20,0.850000,0.160559,0.091485,0.012907,0.000000,0.000000,0.032946,0.012889,0.900726,0.039883,0.000000,0.000000,0.316406,0.000000,0.000000
nominal,oracle_embodiment_mpc,7,20,0.850000,0.160559,0.101642,0.011929,0.000000,0.000000,0.042452,0.013552,0.876170,0.039338,0.000000,0.000000,0.355577,0.000000,0.000000
nominal,random_shooting,0,20,0.100000,0.134896,0.290588,0.048595,0.188252,0.046737,0.226316,0.045534,0.301849,0.136376,0.000000,0.000000,0.358651,0.000000,0.000000
nominal,random_shooting,1,20,0.100000,0.134896,0.294550,0.042261,0.212019,0.043414,0.220828,0.045483,0.302242,0.121606,0.000000,0.000000,0.399064,0.000000,0.000000
nominal,random_shooting,2,20,0.000000,0.000000,0.307699,0.047805,0.207972,0.046416,0.258918,0.044199,0.193947,0.127901,0.000000,0.000000,0.381295,0.000000,0.000000
nominal,random_shooting,3,20,0.100000,0.134896,0.305337,0.057263,0.209232,0.057171,0.246304,0.056406,0.291552,0.161158,0.000000,0.000000,0.497924,0.000000,0.000000
nominal,random_shooting,4,20,0.050000,0.098000,0.299901,0.062617,0.200412,0.063412,0.228997,0.058151,0.298975,0.178279,0.000000,0.000000,0.377240,0.000000,0.000000
nominal,random_shooting,5,20,0.100000,0.134896,0.320715,0.074850,0.222398,0.072046,0.239348,0.062085,0.294429,0.163929,0.050000,0.098000,0.366455,0.000000,0.000000
nominal,random_shooting,6,20,0.100000,0.134896,0.300164,0.051334,0.208679,0.053645,0.237994,0.051518,0.284685,0.157161,0.000000,0.000000,0.396062,0.000000,0.000000
nominal,random_shooting,7,20,0.050000,0.098000,0.312011,0.054627,0.210368,0.051883,0.259435,0.053079,0.247755,0.145444,0.000000,0.000000,0.352552,0.000000,0.000000
nominal,raw_force_scalar,0,20,0.050000,0.098000,0.227114,0.041320,0.124777,0.037595,0.155400,0.027401,0.517646,0.082527,0.050000,0.098000,0.260434,0.000000,0.000000
nominal,raw_force_scalar,1,20,0.150000,0.160559,0.209161,0.036065,0.126630,0.031246,0.153630,0.028744,0.511216,0.089658,0.000000,0.000000,0.306406,0.000000,0.000000
nominal,raw_force_scalar,2,20,0.200000,0.179862,0.200881,0.034789,0.101154,0.030358,0.130291,0.028077,0.595191,0.079854,0.000000,0.000000,0.348135,0.000000,0.000000
nominal,raw_force_scalar,3,20,0.300000,0.206058,0.189030,0.042816,0.092924,0.038741,0.119174,0.029551,0.665262,0.074091,0.050000,0.098000,0.335385,0.000000,0.000000
nominal,raw_force_scalar,4,20,0.250000,0.194706,0.183237,0.029562,0.083747,0.025183,0.113672,0.020679,0.640351,0.075265,0.000000,0.000000,0.304171,0.000000,0.000000
nominal,raw_force_scalar,5,20,0.150000,0.160559,0.186290,0.029537,0.087973,0.029709,0.130774,0.025573,0.597788,0.087295,0.000000,0.000000,0.372403,0.000000,0.000000
nominal,raw_force_scalar,6,20,0.100000,0.134896,0.213460,0.036877,0.121975,0.031927,0.148199,0.030632,0.546685,0.099814,0.050000,0.098000,0.248979,0.000000,0.000000
nominal,raw_force_scalar,7,20,0.150000,0.160559,0.216375,0.030705,0.114732,0.031508,0.150563,0.026962,0.559582,0.076638,0.000000,0.000000,0.328414,0.000000,0.000000
nominal,rc_fev_no_online,0,20,0.750000,0.194706,0.110078,0.011227,0.007742,0.005562,0.046730,0.015742,0.852398,0.048712,0.000000,0.000000,0.312400,0.100824,0.528626
nominal,rc_fev_no_online,1,20,0.850000,0.160559,0.104190,0.012093,0.021659,0.008405,0.051603,0.011019,0.833837,0.038640,0.000000,0.000000,0.312323,0.105160,0.534037
nominal,rc_fev_no_online,2,20,0.850000,0.160559,0.116478,0.013278,0.016751,0.009443,0.044673,0.011418,0.859592,0.038045,0.000000,0.000000,0.378562,0.100870,0.528911
nominal,rc_fev_no_online,3,20,0.650000,0.214472,0.114246,0.009956,0.018140,0.006579,0.067288,0.012387,0.807212,0.035141,0.000000,0.000000,0.348583,0.101675,0.529860
nominal,rc_fev_no_online,4,20,0.700000,0.206058,0.113728,0.011116,0.014238,0.006427,0.057138,0.015708,0.818617,0.051108,0.000000,0.000000,0.310962,0.103474,0.531862
nominal,rc_fev_no_online,5,20,0.600000,0.220285,0.120573,0.026550,0.022256,0.021812,0.061349,0.014399,0.826485,0.035698,0.050000,0.098000,0.338967,0.108106,0.537162
nominal,rc_fev_no_online,6,20,0.700000,0.206058,0.103975,0.014036,0.012490,0.008165,0.053901,0.016032,0.837930,0.051075,0.000000,0.000000,0.264223,0.103396,0.531726
nominal,rc_fev_no_online,7,20,0.800000,0.179862,0.109583,0.012844,0.007940,0.007058,0.053691,0.018366,0.842911,0.053249,0.000000,0.000000,0.310619,0.102286,0.530444
nominal,rc_fev_v5,0,20,0.700000,0.206058,0.111483,0.012152,0.009147,0.005841,0.052226,0.017390,0.837156,0.051789,0.000000,0.000000,0.311451,0.104870,0.454153
nominal,rc_fev_v5,1,20,0.850000,0.160559,0.102962,0.011836,0.020431,0.008661,0.052640,0.011221,0.829863,0.040124,0.000000,0.000000,0.317398,0.107527,0.457688
nominal,rc_fev_v5,2,20,0.850000,0.160559,0.116169,0.013401,0.016441,0.009518,0.042278,0.011819,0.868630,0.038432,0.000000,0.000000,0.369204,0.106681,0.456637
nominal,rc_fev_v5,3,20,0.650000,0.214472,0.114246,0.009956,0.018140,0.006579,0.067288,0.012387,0.807212,0.035141,0.000000,0.000000,0.348583,0.104205,0.453661
nominal,rc_fev_v5,4,20,0.650000,0.214472,0.112400,0.011264,0.012910,0.006599,0.056351,0.016523,0.822859,0.052751,0.000000,0.000000,0.302872,0.106772,0.456566
nominal,rc_fev_v5,5,20,0.600000,0.220285,0.120573,0.026550,0.022256,0.021812,0.061349,0.014399,0.826485,0.035698,0.050000,0.098000,0.338967,0.108559,0.458553
nominal,rc_fev_v5,6,20,0.700000,0.206058,0.107632,0.013804,0.016147,0.008834,0.057033,0.016085,0.826374,0.052951,0.000000,0.000000,0.250579,0.106402,0.456202
nominal,rc_fev_v5,7,20,0.800000,0.179862,0.109583,0.012844,0.007940,0.007058,0.053691,0.018366,0.842911,0.053249,0.000000,0.000000,0.310619,0.104789,0.454102
nominal,robust_domain_randomized_mpc,0,20,0.750000,0.194706,0.112897,0.012334,0.010561,0.007255,0.048372,0.015547,0.848212,0.047803,0.000000,0.000000,0.309100,0.000000,0.000000
nominal,robust_domain_randomized_mpc,1,20,0.850000,0.160559,0.106254,0.014777,0.023723,0.012056,0.050048,0.010482,0.841716,0.034327,0.000000,0.000000,0.312159,0.000000,0.000000
nominal,robust_domain_randomized_mpc,2,20,0.800000,0.179862,0.117247,0.013492,0.017520,0.009703,0.050238,0.014181,0.843894,0.043805,0.000000,0.000000,0.371386,0.000000,0.000000
nominal,robust_domain_randomized_mpc,3,20,0.550000,0.223700,0.116298,0.011274,0.020192,0.006695,0.074426,0.015053,0.787190,0.041379,0.000000,0.000000,0.360825,0.000000,0.000000
nominal,robust_domain_randomized_mpc,4,20,0.650000,0.214472,0.115021,0.011456,0.015532,0.006347,0.060167,0.015441,0.810769,0.049502,0.000000,0.000000,0.312404,0.000000,0.000000
nominal,robust_domain_randomized_mpc,5,20,0.600000,0.220285,0.122635,0.026782,0.024319,0.021566,0.062128,0.014753,0.824142,0.037142,0.050000,0.098000,0.349053,0.000000,0.000000
nominal,robust_domain_randomized_mpc,6,20,0.800000,0.179862,0.103814,0.014066,0.012329,0.008560,0.046641,0.014586,0.861878,0.044100,0.000000,0.000000,0.286196,0.000000,0.000000
nominal,robust_domain_randomized_mpc,7,20,0.750000,0.194706,0.109403,0.012716,0.007761,0.007081,0.057843,0.019746,0.832410,0.055513,0.000000,0.000000,0.311932,0.000000,0.000000
nominal,source_action_transfer,0,20,0.750000,0.194706,0.120856,0.012914,0.018520,0.008125,0.047083,0.016283,0.851630,0.052035,0.000000,0.000000,0.349621,0.000000,0.000000
nominal,source_action_transfer,1,20,0.800000,0.179862,0.104559,0.012968,0.022028,0.008310,0.044748,0.015679,0.860166,0.049590,0.000000,0.000000,0.350854,0.000000,0.000000
nominal,source_action_transfer,2,20,0.750000,0.194706,0.119204,0.010600,0.019477,0.008913,0.056701,0.018088,0.823985,0.053944,0.000000,0.000000,0.390664,0.000000,0.000000
nominal,source_action_transfer,3,20,0.650000,0.214472,0.117582,0.013273,0.021476,0.007370,0.065826,0.018253,0.813395,0.047175,0.000000,0.000000,0.349533,0.000000,0.000000
nominal,source_action_transfer,4,20,0.700000,0.206058,0.116828,0.006408,0.017339,0.006495,0.047610,0.015712,0.848613,0.051238,0.000000,0.000000,0.329681,0.000000,0.000000
nominal,source_action_transfer,5,20,0.900000,0.134896,0.114628,0.009550,0.016311,0.008320,0.037307,0.013544,0.885800,0.046660,0.000000,0.000000,0.347726,0.000000,0.000000
nominal,source_action_transfer,6,20,0.550000,0.223700,0.115505,0.017008,0.024020,0.011035,0.066682,0.020590,0.797013,0.065566,0.000000,0.000000,0.258654,0.000000,0.000000
nominal,source_action_transfer,7,20,0.650000,0.214472,0.123156,0.010400,0.021514,0.008996,0.058751,0.020914,0.822176,0.065772,0.000000,0.000000,0.352731,0.000000,0.000000
