uid,title,abstract,year,venue,authors,doi,arxiv_id,url,source,query,query_role,family,advisor_seed,citation_count,matched_terms,retrieved_at,relevance_score,hostile_score
arxiv:2511.01177v2,Scaling Cross-Embodiment World Models for Dexterous Manipulation,"Cross-embodiment learning seeks to build generalist robots that operate across diverse morphologies, but differences in action spaces and kinematics hinder data sharing and policy transfer. This raises a central question: Is there any invariance that allows actions to transfer across embodiments? We conjecture that environment dynamics are embodiment-invariant, and that world models capturing these dynamics can provide a unified interface across embodiments. To learn such a unified world model, the crucial step is to design state and action representations that abstract away embodiment-specific details while preserving control relevance. To this end, we represent different embodiments (e.g., human hands and robot hands) as sets of 3D particles and define actions as particle displacements, creating a shared representation for heterogeneous data and control problems. A graph-based world mo",2025,arXiv,Zihao He; Bo Ai; Tongzhou Mu; Yulin Liu; Weikang Wan; Jiawei Fu; Yilun Du; Henrik I. Christensen; Hao Su,,2511.01177v2,http://arxiv.org/abs/2511.01177v2,arxiv,robot world models manipulation,concept,world_models,,,robot world model; dexterous manipulation; robot hand; generalization; deployment,2026-06-12T14:45:03Z,23.900,26.900
arxiv:2412.15166v1,Human-Humanoid Robots Cross-Embodiment Behavior-Skill Transfer Using Decomposed Adversarial Learning from Demonstration,"Humanoid robots are envisioned as embodied intelligent agents capable of performing a wide range of human-level loco-manipulation tasks, particularly in scenarios requiring strenuous and repetitive labor. However, learning these skills is challenging due to the high degrees of freedom of humanoid robots, and collecting sufficient training data for humanoid is a laborious process. Given the rapid introduction of new humanoid platforms, a cross-embodiment framework that allows generalizable skill transfer is becoming increasingly critical. To address this, we propose a transferable framework that reduces the data bottleneck by using a unified digital human model as a common prototype and bypassing the need for re-training on every new robot platform. The model learns behavior primitives from human demonstrations through adversarial imitation, and the complex robot structures are decomposed",2024,arXiv,Junjia Liu; Zhuo Li; Minghao Yu; Zhipeng Dong; Sylvain Calinon; Darwin Caldwell; Fei Chen,,2412.15166v1,http://arxiv.org/abs/2412.15166v1,arxiv,EBM transformer robotics embodied agent,concept,architecture_x_embodiment,,,EBM transformer robotics; humanoid robot; embodied agent; human demonstration; generalization,2026-06-12T15:07:36Z,22.000,23.000
arxiv:2605.23733v1,Any2Any: Efficient Cross-Embodiment Transfer for Humanoid Whole-Body Tracking,"Whole-body tracking (WBT) models have become a key foundation for humanoid robots, enabling them to imitate diverse motions with high fidelity. Training such models from scratch requires large-scale data and computation, making rapid deployment on new humanoid platforms costly. This raises a natural question: Can pretrained WBT models transfer across embodiments with minimal adaptation? To answer this question, we propose Any2Any, a paradigm that efficiently transfers an existing WBT specialist to a new humanoid embodiment with only a small amount of data and compute. Any2Any first performs kinematic alignment between source and target humanoids, aligning their input and output spaces so that the pretrained source policy can be meaningfully reused on the target embodiment.Any2Any then performs dynamics adaptation by applying lightweight parameter-efficient fine-tuning (PEFT) components t",2026,arXiv,Ming Yang; Tao Yu; Feng Li; Hua Chen,,2605.23733v1,http://arxiv.org/abs/2605.23733v1,arxiv,whole body manipulation humanoid,concept,humanoid,,,humanoid robot; cross embodiment transfer; deployment,2026-06-12T14:45:03Z,21.850,22.850
doi:10.1109/tii.2023.3280320,Dynamic Motion Primitives-Based Trajectory Learning for Physical Human–Robot Interaction Force Control,,2024,IEEE Transactions on Industrial Informatics,Xueyan Xing; Kamran Maqsood; Chao Zeng; Chenguang Yang; Shuai Yuan; Yanan Li,10.1109/tii.2023.3280320,,https://doi.org/10.1109/tii.2023.3280320,crossref,trajectory transformer robot control,concept,transformers,,23,trajectory transformer; force control; human robot interaction,2026-06-12T15:07:36Z,19.989,19.989
doi:10.15607/rss.2024.xx.069,MIRAGE: Cross-Embodiment Zero-Shot Policy Transfer with Cross-Painting,,2024,Robotics: Science and Systems XX,Lawrence Chen; Karthik Dharmarajan; Kush Hari; Chenfeng Xu; Quan Vuong; Ken Goldberg,10.15607/rss.2024.xx.069,,https://doi.org/10.15607/rss.2024.xx.069,crossref,score based policy robotics,concept,diffusion,,18,,2026-06-12T15:07:36Z,19.872,19.872
doi:10.48550/arxiv.2406.01968,Cross-Embodiment Robot Manipulation Skill Transfer using Latent Space Alignment,"This paper focuses on transferring control policies between robot manipulators with different morphology. While reinforcement learning (RL) methods have shown successful results in robot manipulation tasks, transferring a trained policy from simulation to a real robot or deploying it on a robot with different states, actions, or kinematics is challenging. To achieve cross-embodiment policy transfer, our key insight is to project the state and action spaces of the source and target robots to a common latent space representation. We first introduce encoders and decoders to associate the states and actions of the source robot with a latent space. The encoders, decoders, and a latent space control policy are trained simultaneously using loss functions measuring task performance, latent dynamics consistency, and encoder-decoder ability to reconstruct the original states and actions. To transf",2024,arXiv (Cornell University),Tianyu Wang; Dwait Bhatt; Xiaolong Wang; Nikolay Atanasov,10.48550/arxiv.2406.01968,,https://doi.org/10.48550/arxiv.2406.01968,openalex,energy based transformer robot policy,concept,ebm_transformer,,1,energy based transformer robot policy; robot manipulation; cross embodiment transfer,2026-06-12T18:05:07Z,19.847,19.847
doi:10.1109/mra.2025.3527283,"Human–Humanoid Robots’ Cross-Embodiment Behavior-Skill Transfer Using Decomposed Adversarial Learning From Demonstration: HOTU, a Human–Humanoid Robots’ Skill Transfer Framework",,2025,IEEE Robotics & Automation Magazine,Junjia Liu; Zhuo Li; Minghao Yu; Zhipeng Dong; Sylvain Calinon; Darwin Caldwell; Fei Chen,10.1109/mra.2025.3527283,,https://doi.org/10.1109/mra.2025.3527283,crossref,learning robot manipulation from human video,concept,human_data,,6,robot manipulation; humanoid robot,2026-06-12T15:07:36Z,19.573,19.573
doi:10.1109/lra.2024.3360013,Transferability in the Automatic Off-Line Design of Robot Swarms: From Sim-to-Real to Embodiment and Design-Method Transfer Across Different Platforms,,2024,IEEE Robotics and Automation Letters,Miquel Kegeleirs; David Garzón Ramos; Ken Hasselmann; Lorenzo Garattoni; Gianpiero Francesca; Mauro Birattari,10.1109/lra.2024.3360013,,https://doi.org/10.1109/lra.2024.3360013,crossref,sim to real robot manipulation,concept,sim2real,,9,robot manipulation,2026-06-12T14:45:03Z,19.551,20.551
arxiv:2402.19249v3,Mirage: Cross-Embodiment Zero-Shot Policy Transfer with Cross-Painting,"The ability to reuse collected data and transfer trained policies between robots could alleviate the burden of additional data collection and training. While existing approaches such as pretraining plus finetuning and co-training show promise, they do not generalize to robots unseen in training. Focusing on common robot arms with similar workspaces and 2-jaw grippers, we investigate the feasibility of zero-shot transfer. Through simulation studies on 8 manipulation tasks, we find that state-based Cartesian control policies can successfully zero-shot transfer to a target robot after accounting for forward dynamics. To address robot visual disparities for vision-based policies, we introduce Mirage, which uses ""cross-painting""--masking out the unseen target robot and inpainting the seen source robot--during execution in real time so that it appears to the policy as if the trained source rob",2024,arXiv,Lawrence Yunliang Chen; Kush Hari; Karthik Dharmarajan; Chenfeng Xu; Quan Vuong; Ken Goldberg,,2402.19249v3,http://arxiv.org/abs/2402.19249v3,arxiv,recurrent robot policy,concept,architecture,,,recurrent robot policy,2026-06-12T15:07:36Z,19.300,19.300
arxiv:2605.11564v1,RIO: Flexible Real-Time Robot I/O for Cross-Embodiment Robot Learning,"Despite recent efforts to collect multi-task, multi-embodiment datasets, to design recipes for training Vision-Language-Action models (VLAs), and to showcase these models on different robot platforms, generalist cross-embodiment robot capabilities remains a largely elusive ideal. Progress is limited by fragmented infrastructure: most robot code is highly specific to the exact setup the user decided on, which adds major overhead when attempting to reuse, recycle, or share artifacts between users. We present RIO (Robot I/O), an open source Python framework that provides flexible, lightweight components for robot control, teleoperation, data formatting, sensor configuration, and policy deployment across diverse hardware platforms and morphologies. RIO provides abstractions that enable users to make any choice and to switch between them, with minimal reconfiguration effort. We validate RIO o",2026,arXiv,Pablo Ortega-Kral; Eliot Xing; Arthur Bucker; Vernon Luk; Junseo Kim; Owen Kwon; Angchen Xie; Nikhil Sobanbabu; Yifu Yuan; Megan Lee; Deepam Ameria; Bhaswanth Ayapilla; Jaycie Bussell; Guanya Shi; Jonathan Francis; Jean Oh,,2605.11564v1,http://arxiv.org/abs/2605.11564v1,arxiv,EBM transformer robotics embodied agent,concept,architecture_x_embodiment,,,EBM transformer robotics; vision language action model; embodied agent; teleoperation; deployment,2026-06-12T15:07:36Z,19.200,20.200
doi:10.1609/aaai.v29i1.9631,Unsupervised Cross-Domain Transfer in Policy Gradient Reinforcement Learning via Manifold Alignment,"The success of applying policy gradient reinforcement learning (RL) to difficult control tasks hinges crucially on the ability to determine a sensible initialization for the policy. Transfer learning methods tackle this problem by reusing knowledge gleaned from solving other related tasks. In the case of multiple task domains, these algorithms require an inter-task mapping to facilitate knowledge transfer across domains. However, there are currently no general methods to learn an inter-task mapping without requiring either background knowledge that is not typically present in RL settings, or an expensive analysis of an exponential number of inter-task mappings in the size of the state and action spaces. This paper introduces an autonomous framework that uses unsupervised manifold alignment to learn inter-task mappings and effectively transfer samples between different task domains. Empir",2015,Proceedings of the AAAI Conference on Artificial Intelligence,Haitham Bou Ammar; Eric Eaton; Paul Ruvolo; Matthew E. Taylor,10.1609/aaai.v29i1.9631,,https://doi.org/10.1609/aaai.v29i1.9631,openalex,energy based model robot learning,concept,ebm,,101,,2026-06-12T18:05:07Z,19.012,19.012
doi:10.3390/s25185630,Human–Robot Variable-Impedance Skill Transfer Learning Based on Dynamic Movement Primitives and a Vision System,"To enhance robotic adaptability in dynamic environments, this study proposes a multimodal framework for skill transfer. The framework integrates vision-based kinesthetic teaching with surface electromyography (sEMG) signals to estimate human impedance. We establish a Cartesian-space model of upper-limb stiffness, linearly mapping sEMG signals to end-point stiffness. For flexible task execution, dynamic movement primitives (DMPs) generalize learned skills across varying scenarios. An adaptive admittance controller, incorporating sEMG-modulated stiffness, is developed and validated on a UR5 robot. Experiments involving elastic-band stretching demonstrate that the system successfully transfers human impedance characteristics to the robot, enhancing stability, environmental adaptability, and safety during physical interaction.",2025,Sensors,Honghui Zhang; Fang Peng; Miaozhe Cai,10.3390/s25185630,,https://doi.org/10.3390/s25185630,crossref,energy based model robot learning,concept,ebm,,,,2026-06-12T15:07:36Z,19.000,19.000
doi:10.1109/icra57147.2024.10611110,Cross Domain Policy Transfer with Effect Cycle-Consistency,,2024,2024 IEEE International Conference on Robotics and Automation (ICRA),Ruiqi Zhu; Tianhong Dai; Oya Celiktutan,10.1109/icra57147.2024.10611110,,https://doi.org/10.1109/icra57147.2024.10611110,crossref,score based policy robotics,concept,diffusion,,2,,2026-06-12T15:07:36Z,18.949,18.949
arxiv:2512.13100v1,OXE-AugE: A Large-Scale Robot Augmentation of OXE for Scaling Cross-Embodiment Policy Learning,"Large and diverse datasets are needed for training generalist robot policies that have potential to control a variety of robot embodiments -- robot arm and gripper combinations -- across diverse tasks and environments. As re-collecting demonstrations and retraining for each new hardware platform are prohibitively costly, we show that existing robot data can be augmented for transfer and generalization. The Open X-Embodiment (OXE) dataset, which aggregates demonstrations from over 60 robot datasets, has been widely used as the foundation for training generalist policies. However, it is highly imbalanced: the top four robot types account for over 85\% of its real data, which risks overfitting to robot-scene combinations. We present AugE-Toolkit, a scalable robot augmentation pipeline, and OXE-AugE, a high-quality open-source dataset that augments OXE with 9 different robot embodiments. OXE",2025,arXiv,Guanhua Ji; Harsha Polavaram; Lawrence Yunliang Chen; Sandeep Bajamahal; Zehan Ma; Simeon Adebola; Chenfeng Xu; Ken Goldberg,,2512.13100v1,http://arxiv.org/abs/2512.13100v1,arxiv,retrieval augmented robot policy,concept,architecture,,,retrieval augmented robot policy; generalization; distribution shift,2026-06-12T15:07:36Z,18.850,20.850
doi:10.1109/tetc.2013.2274044,A Cross-Domain Recommendation Model for Cyber-Physical Systems,"Cyber-physical systems (CPS) are often characterized as smart systems, which intelligently interact with other systems across information and physical interfaces. An increased dependence on CPS led to the collection of a vast amount of human-centric data, which brings the information overload problem across multiple domains. Recommender systems in CPS, which always provide information recommendations for users based on historical ratings collected from a single domain only, suffer from the data sparsity problem. Recently, several recommendation models have been proposed to transfer knowledge across multiple domains to alleviate the sparsity problem, which typically assumes that multiple domains share a latent common rating pattern. However, real-world related domains do not necessarily share such a rating pattern, and diversity across domains might outweigh the advantages of such common ",2013,IEEE Transactions on Emerging Topics in Computing,Sheng Gao; Hao Luo; Da Chen; Shantao Li; Patrick Gallinari; Zhanyu Ma; Jun Guo,10.1109/tetc.2013.2274044,,https://doi.org/10.1109/tetc.2013.2274044,openalex,energy based model robot learning,concept,ebm,,44,,2026-06-12T18:26:24Z,18.603,19.603
doi:10.1002/aisy.202100047,Interactive Force Control Based on Multimodal Robot Skin for Physical Human−Robot Collaboration,"This work proposes and realizes a control architecture that can support the deployment of a large‐scale robot skin in a Human‐Robot Collaboration scenario. It is shown, how whole‐body tactile feedback can extend the capabilities of robots during dynamic interactions by providing information about multiple contacts across the robot's surface. Specifically, an uncalibrated skin system is used to implement stable force control while simultaneously handling the multi‐contact interactions of a user. The system formulates control tasks for force control, tactile guidance, collision avoidance, and compliance, and fuses them with a multi‐priority redundancy resolution strategy. The approach is evaluated on an omnidirectional mobile‐manipulator with dual arms covered with robot skin. Results are assessed under dynamic conditions, showing that multi‐modal tactile information enables robust force c",2022,Advanced Intelligent Systems,Simon Armleder; Emmanuel Dean-Leon; Florian Bergner; Gordon Cheng,10.1002/aisy.202100047,,https://doi.org/10.1002/aisy.202100047,crossref,hybrid systems robot control manipulation,anti_myopia,control,,25,force control; hybrid systems; deployment,2026-06-12T15:07:36Z,17.929,21.929
doi:10.1145/3240508.3240578,Emotion Recognition in Speech using Cross-Modal Transfer in the Wild,"Obtaining large, human labelled speech datasets to train models for emotion recognition is a notoriously challenging task, hindered by annotation cost and label ambiguity. In this work, we consider the task of learning embeddings for speech classification without access to any form of labelled audio. We base our approach on a simple hypothesis: that the emotional content of speech correlates with the facial expression of the speaker. By exploiting this relationship, we show that annotations of expression can be transferred from the visual domain (faces) to the speech domain (voices) through cross-modal distillation. We make the following contributions: (i) we develop a strong teacher network for facial emotion recognition that achieves the state of the art on a standard benchmark; (ii) we use the teacher to train a student, tabula rasa, to learn representations (embeddings) for speech em",2018,,Samuel Albanie; Arsha Nagrani; Andrea Vedaldi; Andrew Zisserman,10.1145/3240508.3240578,,https://doi.org/10.1145/3240508.3240578,openalex,energy based model robot learning,concept,ebm,,293,benchmark,2026-06-12T18:26:24Z,17.792,18.792
doi:10.3389/fpsyg.2021.625713,Robot Authority in Human-Robot Teaming: Effects of Human-Likeness and Physical Embodiment on Compliance,"The anticipated social capabilities of robots may allow them to serve in authority roles as part of human-machine teams. To date, it is unclear if, and to what extent, human team members will comply with requests from their robotic teammates, and how such compliance compares to requests from human teammates. This research examined how the human-likeness and physical embodiment of a robot affect compliance to a robot's request to perseverate utilizing a novel task paradigm. Across a set of two studies, participants performed a visual search task while receiving ambiguous performance feedback. Compliance was evaluated when the participant requested to stop the task and the coach urged the participant to keep practicing multiple times. In the first study, the coach was either physically co-located with the participant or located remotely via a live-video. Coach type varied in human-likeness",2021,Frontiers in Psychology,Kerstin S. Haring; Kelly Satterfield; Chad C. Tossell; Ewart J. de Visser; Joseph Lyons; Vincent Mancuso; Victor Finomore; Gregory J. Funke,10.3389/fpsyg.2021.625713,,https://doi.org/10.3389/fpsyg.2021.625713,openalex,energy based model robot learning,concept,ebm,,38,,2026-06-12T18:05:07Z,17.732,17.732
doi:10.1109/tse.2021.3116768,Transfer Learning Across Variants and Versions: The Case of Linux Kernel Size,"With large scale and complex configurable systems, it is hard for users to choose the right combination of options (i.e., configurations) in order to obtain the wanted trade-off between functionality and performance goals such as speed or size. Machine learning can help in relating these goals to the configurable system options, and thus, predict the effect of options on the outcome, typically after a costly training step. However, many configurable systems evolve at such a rapid pace that it is impractical to retrain a new model from scratch for each new version. In this paper, we propose a new method to enable transfer learning of binary size predictions among versions of the same configurable system. Taking the extreme case of the Linux kernel with its $\approx 14,500$ configuration options, we first investigate how binary size predictions of kernel size degrade over successive versio",2021,IEEE Transactions on Software Engineering,Hugo Martin; Mathieu Acher; Juliana Alves Pereira; Luc Lesoil; Jean‐Marc Jezéquél; Djamel Eddine Khelladi,10.1109/tse.2021.3116768,,https://doi.org/10.1109/tse.2021.3116768,openalex,energy based model robot learning,concept,ebm,,62,,2026-06-12T18:26:24Z,17.622,17.622
doi:10.1007/s10514-021-10030-9,User intent estimation during robot learning using physical human robot interaction primitives,"Abstract As robotic systems transition from traditional setups to collaborative work spaces, the prevalence of physical Human Robot Interaction has risen in both industrial and domestic environments. A popular representation for robot behavior is movement primitives which learn, imitate, and generalize from expert demonstrations. While there are existing works in context-aware movement primitives, they are usually limited to contact-free human robot interactions. This paper presents physical Human Robot Interaction Primitives (pHRIP), which utilize only the interaction forces between the human user and robot to estimate user intent and generate the appropriate robot response during physical human robot interactions. The efficacy of pHRIP is evaluated through multiple experiments based on target-directed reaching and obstacle avoidance tasks using a real seven degree of freedom robot arm.",2022,Autonomous Robots,Yujun Lai; Gavin Paul; Yunduan Cui; Takamitsu Matsubara,10.1007/s10514-021-10030-9,,https://doi.org/10.1007/s10514-021-10030-9,crossref,energy based model robot learning,concept,ebm,,13,human robot interaction,2026-06-12T15:07:36Z,17.370,17.370
doi:10.2139/ssrn.6915199,CM-VLA: Camera-Space-Guided Mixture-of-Experts Policy for Few-shot Cross-Embodiment Transfer,"Vision-language-action models (VLAs) adapt pre-trained vision-language models (VLMs) to robotic manipulation through large-scale, high-quality robot demonstrations, thereby narrowing the gap between perception and action. Unlike vision or language data, cross-embodiment demonstrations are inherently heterogeneous. Even under the same end-effector delta control, substantial discrepancies remain in sensor configurations, proprioceptive statistics, and execution dynamics. This heterogeneity limites VLA&apos;s generalization to new embodiment and typically requires extensive fine-tuning cost to achieve strong performance. Despite recent progress in latent and unified action modeling, it remains unclear how to reduce the adaptation cost induced by embodiment heterogeneity while preserving transferable action semantics. To address this challenge, we propose CM-VLA, a camera-space-guided Mixtur",,,Bo Liu; Liming Zhang; Yuhan Wang; Yong Liu,10.2139/ssrn.6915199,,https://doi.org/10.2139/ssrn.6915199,crossref,mixture of experts robot policy,concept,architecture,,,vision language action model; mixture of experts robot policy; cross embodiment transfer; generalization,2026-06-12T14:45:03Z,17.300,18.300
doi:10.1016/j.cosust.2019.09.006,Integrated approaches to understanding and reducing drought impact on food security across scales,"Understanding the cross-scale linkages between drought and food security is vital to developing tools to reduce drought impacts and support decision making. This study reviews how drought hazards transfer to food insecurity through changes in physical processes and socio-environmental systems across a wide range of spatial and temporal scales. We propose a multi-scale, integrated framework leveraging modeling advances (e.g. drought and crop monitoring, water-food-energy nexus, decision making) and increased data availability (e.g. satellite remote sensing, food trade) through the lens of the coupled human–natural system to support multidisciplinary approaches and avoid potential policy spillover effects. We discuss current scale-dependent challenges in tackling drought-induced food security whilst minimizing water use conflicts and environmental impacts.",2019,Current Opinion in Environmental Sustainability,Xiaogang He; Lyndon Estes; Megan Konar; Di Tian; Daniela Anghileri; Kathy Baylis; Tom Evans; Justin Sheffield,10.1016/j.cosust.2019.09.006,,https://doi.org/10.1016/j.cosust.2019.09.006,openalex,energy based policy robotics,concept,ebm,,124,,2026-06-12T18:43:24Z,17.264,17.264
doi:10.1115/1.4046068,A Comparative Study on the Effect of Mechanical Compliance for a Safe Physical Human–Robot Interaction,"Abstract In this paper, we study the effects of mechanical compliance on safety in physical human–robot interaction (pHRI). More specifically, we compare the effect of joint compliance and link compliance on the impact force assuming a contact occurred between a robot and a human head. We first establish pHRI system models that are composed of robot dynamics, an impact contact model, and head dynamics. These models are validated by Simscape simulation. By comparing impact results with a robotic arm made of a compliant link (CL) and compliant joint (CJ), we conclude that the CL design produces a smaller maximum impact force given the same lateral stiffness as well as other physical and geometric parameters. Furthermore, we compare the variable stiffness joint (VSJ) with the variable stiffness link (VSL) for various actuation parameters and design parameters. While decreasing stiffness of ",2020,Journal of Mechanical Design,Yu She; Siyang Song; Hai‐Jun Su; Junmin Wang,10.1115/1.4046068,,https://doi.org/10.1115/1.4046068,openalex,robotics,concept,openalex_bulk_robotics,,18,safety constraint; human robot interaction,2026-06-12T18:57:17Z,17.172,17.172
doi:10.1016/j.knosys.2024.112293,Customer service chatbot enhancement with attention-based transfer learning,"Customer service is an important and expensive aspect of business, often being the largest department in most companies. With growing societal acceptance and increasing cost efficiency due to mass production, service robots are beginning to cross from the industrial domain to the social domain. Currently, customer service robots tend to be digital and emulate social interactions through on-screen text, but state-of-the-art research points towards physical robots soon providing customer service in person. This article explores the feasibility of Transfer Learning different customer service domains to improve chatbot models. In our proposed approach, transfer learning-based chatbot models are initially assigned to learn one domain from an initial random weight distribution. Each model is then tasked with learning another domain by transferring knowledge from the previous domains. To evalua",2024,Knowledge-Based Systems,Jordan J. Bird; Ahmad Lotfi,10.1016/j.knosys.2024.112293,,https://doi.org/10.1016/j.knosys.2024.112293,openalex,transformer energy based model robotics,concept,ebm_transformer,,11,energy based model robotics; humanoid robot; deployment,2026-06-12T18:05:07Z,17.092,18.092
doi:10.1109/cacre50138.2020.9230324,Reducing Caregiver’s Physical Strain in Manual Patient Transfer with Robot Support,"Moving or transferring patients in care beds is a physically demanding task for caregivers. High biomechanical stress is one of the main reasons why nurses suffer from back pain and other musculoskeletal conditions. Intuitively usable, multipurpose care equipment is needed, that demonstrably reduces physical strain for caregivers in everyday care. In our novel approach, we mounted a multifunctional, sensitive, industrial robot arm on a care bed, to support a simulated, manual transfer act. In crucial transfer phases, the remotely controlled robot supports the caregiver. We show that the reduction of physical load can be quantified with ground reaction force measurement and surface electromyography, based on an exemplary participant of a case study. In particular phases of the transfer, 78.57 % less vertical force is applied on this participant’s soles and the average electrical signal of",2020,"2020 5th International Conference on Automation, Control and Robotics Engineering (CACRE)",Conrad Fifelski-von Bohlen; Anna Brinkmann; Christian Kowalski; Ole Meyer; Sandra Hellmers; Andreas Hein,10.1109/cacre50138.2020.9230324,,https://doi.org/10.1109/cacre50138.2020.9230324,openalex,robotics,concept,openalex_bulk_robotics,,15,industrial robot,2026-06-12T18:57:17Z,17.086,17.086
doi:10.1145/3236024.3236074,Learning to sample: exploiting similarities across environments to learn performance models for configurable systems,"Most software systems provide options that allow users to tailor the system in terms of functionality and qualities. The increased flexibility raises challenges for understanding the configuration space and the effects of options and their interactions on performance and other non-functional properties. To identify how options and interactions affect the performance of a system, several sampling and learning strategies have been recently proposed. However, existing approaches usually assume a fixed environment (hardware, workload, software release) such that learning has to be repeated once the environment changes. Repeating learning and measurement for each environment is expensive and often practically infeasible. Instead, we pursue a strategy that transfers knowledge across environments but sidesteps heavyweight and expensive transfer-learning strategies. Based on empirical insights a",2018,,Pooyan Jamshidi; Miguel Velez; Christian Kästner; Norbert Siegmund,10.1145/3236024.3236074,,https://doi.org/10.1145/3236024.3236074,openalex,energy based model robot learning,concept,ebm,,68,benchmark,2026-06-12T18:05:07Z,17.067,18.067
doi:10.1109/lra.2021.3128233,Effect of Robot Embodiment on Satisfaction With Recommendations in Shopping Malls,"Recent developments in conversational technologies have attracted researchers to study their applications in recommending items through conversations. It is considered that physical robots, rather than virtual ones, are effective in situations in which robots talk about items near participants. However, in real situations, robots may be required to recommend items that are present but invisible in the scene of the communication. In this study, we conducted a field experiment in a shopping mall to investigate the effects of robot embodiment on recommendation tasks. The robots recommended a dish after talking to participants about their food preferences. We developed a conversational recommendation system and implemented it using physical and virtual robots. The field experiment was conducted in a shopping mall; the visitors were encouraged to participate. The experiment lasted a total of ",2021,IEEE Robotics and Automation Letters,Kazuki Sakai; Yutaka Nakamura; Yuichiro Yoshikawa; Hiroshi Ishiguro,10.1109/lra.2021.3128233,,https://doi.org/10.1109/lra.2021.3128233,openalex,robotics,concept,openalex_bulk_robotics,,19,,2026-06-12T18:57:17Z,17.048,17.048
doi:10.1007/s12369-022-00917-7,A Cross-Cultural Comparison on Implicit and Explicit Attitudes Towards Artificial Agents,"Abstract Historically, there has been a great deal of confusion in the literature regarding cross-cultural differences in attitudes towards artificial agents and preferences for their physical appearance. Previous studies have almost exclusively assessed attitudes using self-report measures (i.e., questionnaires). In the present study, we sought to expand our knowledge on the influence of cultural background on explicit and implicit attitudes towards robots and avatars. Using the Negative Attitudes Towards Robots Scale and the Implicit Association Test in a Japanese and Dutch sample, we investigated the effect of culture and robots’ body types on explicit and implicit attitudes across two experiments (total n = 669). Partly overlapping with our hypothesis, we found that Japanese individuals had a more positive explicit attitude towards robots compared to Dutch individuals, but no evidenc",2023,International Journal of Social Robotics,Fabiola Diana; Misako Kawahara; Isabella Saccardi; Ruud Hortensius; Akihiro Tanaka; Mariska E. Kret,10.1007/s12369-022-00917-7,,https://doi.org/10.1007/s12369-022-00917-7,crossref,robotics,concept,crossref_bulk_robotics,,17,,2026-06-12T19:29:26Z,17.045,18.045
doi:10.1109/tcds.2020.2968056,A Framework of Hybrid Force/Motion Skills Learning for Robots,"Human factors and human-centered design philosophy are highly desired in today's robotics applications such as human-robot interaction (HRI). Several studies showed that endowing robots of human-like interaction skills can not only make them more likeable but also improve their performance. In particular, skill transfer by imitation learning can increase the usability and acceptability of robots by users without computer programming skills. In fact, besides positional information, muscle stiffness of the human arm and contact force with the environment also play important roles in understanding and generating human-like manipulation behaviors for robots, e.g., in physical HRI and teleoperation. To this end, we present a novel robot learning framework based on dynamic movement primitives (DMPs), taking into consideration both the positional and contact force profiles for human-robot skill",2020,IEEE Transactions on Cognitive and Developmental Systems,Ning Wang; Chuize Chen; Alessandro Di Nuovo,10.1109/tcds.2020.2968056,,https://doi.org/10.1109/tcds.2020.2968056,openalex,robotics,concept,openalex_bulk_robotics,,53,robot manipulation; imitation learning; teleoperation; human robot interaction; generalization,2026-06-12T18:57:17Z,17.044,18.044
doi:10.20944/preprints202507.0153.v1,Human-Robot Variable Impedance Skill Transfer Learning Based on Dynamic Movement Primitives and Vision System,"To enhance robotic adaptability in dynamic environments, this study proposes a multimodal framework for skill transfer. The framework integrates vision-based kinesthetic teaching with surface electromyography (sEMG) signals to estimate human impedance. We establish a Cartesian-space model of upper-limb stiffness, linearly mapping sEMG signals to endpoint stiffness. For flexible task execution, dynamic movement primitives (DMPs) generalize learned skills across varying scenarios. An adaptive admittance controller, incorporating sEMG-modulated stiffness, is developed and validated on a UR5 robot. Experiments involving elastic band stretching demonstrate that the system successfully transfers human impedance characteristics to the robot, enhancing stability, environmental adaptability, and safety during physical interaction.",,,Honghui Zhang; Fang Peng; Miaozhe Cai,10.20944/preprints202507.0153.v1,,https://doi.org/10.20944/preprints202507.0153.v1,crossref,energy based model robot learning,concept,ebm,,,,2026-06-12T15:07:36Z,17.000,17.000
doi:10.3390/lubricants13120545,Physics-Informed Transfer Learning for Predicting Engine Oil Degradation and RUL Across Heterogeneous Heavy-Duty Equipment Fleets,"Predicting the Remaining Useful Life (RUL) of engine oil is critical for proactive maintenance and fleet reliability. However, irregular and noisy single-point sampling presents challenges for conventional prognostic models. To address this, a hierarchical physics-informed transfer learning (TL) framework is proposed that reconstructs nonlinear degradation trajectories directly from non-time-series data. The method uniquely integrates Arrhenius-type oxidation kinetics and thermochemical laws within a multi-level TL architecture, coupling fleet-level generalization with engine-specific adaptation. Unlike conventional approaches, this framework embeds physical priors directly into the transfer process, ensuring thermodynamically consistent predictions across different equipment. An integrated uncertainty quantification module provides calibrated confidence intervals for RUL estimation. Val",2025,Lubricants,Mohamed G. A. Nassef; Omar Wael; Youssef H. Elkady; Habiba Elshazly; Jahy Ossama; Sherwet Amin; Dina ElGayar; Florian Pape; Islam Ali,10.3390/lubricants13120545,,https://doi.org/10.3390/lubricants13120545,crossref,physics informed robot learning,concept,architecture,,1,physics informed robot learning; generalization,2026-06-12T15:07:36Z,16.997,18.997
doi:10.3390/electronics13193898,Learn Then Adapt: A Novel Test-Time Adaptation Method for Cross-Domain Fault Diagnosis of Rolling Bearings,"Cross-domain fault diagnosis enhances the generalization capability of diagnostic models across different operating conditions and machines. Current studies tackle the domain shift problem by adapting the model during training with data from the target domain or multiple source domains. However, a more realistic and less explored scenario is automatically adapting a trained (developed) model at test time (deployment period) using limited normal-condition data. To bridge this research gap, we propose a novel test-time adaptation framework to rapidly and effectively adapt the trained model, which only requires mini-batch test data (normal condition). Specifically, we first transform input signals to informative signal embedding and mitigate its noise with a reconstruction loss. Then, we decompose the signal embedding to the domain-related healthy component and the domain-invariant faulty c",2024,Electronics,Wei Li; Yan Chen; Jiazhu Li; Jiajin Wen; Jian Chen,10.3390/electronics13193898,,https://doi.org/10.3390/electronics13193898,crossref,test time adaptation robot policy,concept,adaptation,,4,test time adaptation; generalization; deployment,2026-06-12T14:45:03Z,16.905,18.905
doi:10.31221/osf.io/v2ncb,Predictive model on the effect of restrictor on transfer function parameters on pneumatic control system,"Mathematical model was developed to monitor and predict the influence ofrestrictor or the characteristics of the functional parameters of the transferfunction for pneumatic control system. The force acting from bellow is directlyproportional to the effective cross-sectional area of the base which yieldedextension of the bellow in both horizontal and vertical as well as its extensionrate is dependent on the influence of the restrictor. The pneumatic controllerrepresents the main force control operator in many industrial applications,where it’s static and dynamic characteristics play an important role in the overallbehavior of the control system, the total differential expression obtained in termsof restrictor pressure change per unit change in time was presented. The generalsolution equation established was resolved using the mathematical concept oflaplace transformation as well as applic",,,Chem Int,10.31221/osf.io/v2ncb,,https://doi.org/10.31221/osf.io/v2ncb,crossref,model predictive control robot learning,anti_myopia,control,,,force control; model predictive control,2026-06-12T15:07:36Z,16.900,20.900
arxiv:2509.11865v1,Tenma: Robust Cross-Embodiment Robot Manipulation with Diffusion Transformer,"Scaling Transformer policies and diffusion models has advanced robotic manipulation, yet combining these techniques in lightweight, cross-embodiment learning settings remains challenging. We study design choices that most affect stability and performance for diffusion-transformer policies trained on heterogeneous, multimodal robot data, and introduce Tenma, a lightweight diffusion-transformer for bi-manual arm control. Tenma integrates multiview RGB, proprioception, and language via a cross-embodiment normalizer that maps disparate state/action spaces into a shared latent space; a Joint State-Time encoder for temporally aligned observation learning with inference speed boosts; and a diffusion action decoder optimized for training stability and learning capacity. Across benchmarks and under matched compute, Tenma achieves an average success rate of 88.95% in-distribution and maintains str",2025,arXiv,Travis Davies; Yiqi Huang; Yunxin Liu; Xiang Chen; Huxian Liu; Luhui Hu,,2509.11865v1,http://arxiv.org/abs/2509.11865v1,arxiv,diffusion policy robot manipulation,concept,diffusion,,,diffusion policy; robot manipulation; proprioception; imitation learning; benchmark; generalization,2026-06-12T14:45:03Z,16.850,19.850
arxiv:2508.19002v1,HuBE: Cross-Embodiment Human-like Behavior Execution for Humanoid Robots,"Achieving both behavioral similarity and appropriateness in human-like motion generation for humanoid robot remains an open challenge, further compounded by the lack of cross-embodiment adaptability. To address this problem, we propose HuBE, a bi-level closed-loop framework that integrates robot state, goal poses, and contextual situations to generate human-like behaviors, ensuring both behavioral similarity and appropriateness, and eliminating structural mismatches between motion generation and execution. To support this framework, we construct HPose, a context-enriched dataset featuring fine-grained situational annotations. Furthermore, we introduce a bone scaling-based data augmentation strategy that ensures millimeter-level compatibility across heterogeneous humanoid robots. Comprehensive evaluations on multiple commercial platforms demonstrate that HuBE significantly improves motion",2025,arXiv,Shipeng Lyu; Fangyuan Wang; Weiwei Lin; Luhao Zhu; David Navarro-Alarcon; Guodong Guo,,2508.19002v1,http://arxiv.org/abs/2508.19002v1,arxiv,humanoid robot foundation model,concept,humanoid,,,robot foundation model; humanoid robot,2026-06-12T14:45:03Z,16.850,18.850
arxiv:2503.08622v1,Cross-Embodiment Robotic Manipulation Synthesis via Guided Demonstrations through CycleVAE and Human Behavior Transformer,"Cross-embodiment robotic manipulation synthesis for complicated tasks is challenging, partially due to the scarcity of paired cross-embodiment datasets and the impediment of designing intricate controllers. Inspired by robotic learning via guided human expert demonstration, we here propose a novel cross-embodiment robotic manipulation algorithm via CycleVAE and human behavior transformer. First, we utilize unsupervised CycleVAE together with a bidirectional subspace alignment algorithm to align latent motion sequences between cross-embodiments. Second, we propose a casual human behavior transformer design to learn the intrinsic motion dynamics of human expert demonstrations. During the test case, we leverage the proposed transformer for the human expert demonstration generation, which will be aligned using CycleVAE for the final human-robotic manipulation synthesis. We validated our prop",2025,arXiv,Apan Dastider; Hao Fang; Mingjie Lin,,2503.08622v1,http://arxiv.org/abs/2503.08622v1,arxiv,EBM transformer robotics dexterous manipulation,concept,architecture_x_embodiment,,,EBM transformer robotics; dexterous manipulation; motion planning,2026-06-12T15:07:36Z,16.850,17.850
arxiv:2506.02514v1,To Embody or Not: The Effect Of Embodiment On User Perception Of LLM-based Conversational Agents,"Embodiment in conversational agents (CAs) refers to the physical or visual representation of these agents, which can significantly influence user perception and interaction. Limited work has been done examining the effect of embodiment on the perception of CAs utilizing modern large language models (LLMs) in non-hierarchical cooperative tasks, a common use case of CAs as more powerful models become widely available for general use. To bridge this research gap, we conducted a mixed-methods within-subjects study on how users perceive LLM-based CAs in cooperative tasks when embodied and non-embodied. The results show that the non-embodied agent received significantly better quantitative appraisals for competence than the embodied agent, and in qualitative feedback, many participants believed that the embodied CA was more sycophantic than the non-embodied CA. Building on prior work on users'",2025,arXiv,Kyra Wang; Boon-Kiat Quek; Jessica Goh; Dorien Herremans,,2506.02514v1,http://arxiv.org/abs/2506.02514v1,arxiv,Gaussian splatting robot perception embodied agent,concept,architecture_x_embodiment,,,Gaussian splatting robot perception; embodied agent,2026-06-12T15:07:36Z,16.850,16.850
doi:10.1108/ir-11-2018-0233,Effect of depositing torch angle on the first layer of wire arc additive manufacture using cold metal transfer (CMT),"Purpose This paper aims to mainly report the impact of torch angle on the dynamic behavior of the weld pool which is recorded and monitored in real time with the aid of a high-speed camera system. The influence of depositing torch angle on the fluctuation behavior of weld pool and the quality of weld formation are compared and analyzed. Design/methodology/approach The FANUC controlled robotic manufacturing system comprised a Fronius cold metal transfer (CMT) Advanced 4000R power source, FANUC robot, water cooling system, wire feeding system and a gas shielding system. An infrared laser was used to illuminate the weld pool for high-speed imaging at 1,000 frames per second with CR600X2 high-speed camera. The high-speed camera was set up a 35 Â° angle with the deposition direction to investigate the weld pool flow patterns derived from high-speed video and the effect of torch angles on the ",2019,Industrial Robot: the international journal of robotics research and application,Chuanchu Su; Xizhang Chen,10.1108/ir-11-2018-0233,,https://doi.org/10.1108/ir-11-2018-0233,crossref,EBM transformer robotics industrial robot,concept,architecture_x_embodiment,,27,EBM transformer robotics; industrial robot,2026-06-12T15:07:36Z,16.766,16.766
doi:10.1177/0735633120951871,Troubleshooting to Learn via Scaffolds: Effect on Students’ Ability and Cognitive Load in a Robotics Course,"Studies have indicated the importance of scaffolding in the problem-solving process, as well as the potential of integrating learning content into the troubleshooting tasks. However, few have explored in depth the learning process during troubleshooting via scaffolds while also taking students' cognitive load into account. To address this issue, four kinds of scaffolds (with/without process information plus with/without solution) were set up during three learning phases (Introductory, Mastery, Applicable) in a robotics course. A total of 171 seventh graders participated in the course and learned by troubleshooting with different scaffolds. An experiment with 4 × 3 mixed design was employed to evaluate students' troubleshooting performance (higher-order ability), cognitive load and programming skill (lower-order ability). Across the three learning phases, the scaffold with process informa",2020,Journal of Educational Computing Research,Baichang Zhong; Qiuju Si,10.1177/0735633120951871,,https://doi.org/10.1177/0735633120951871,openalex,robotics,concept,openalex_bulk_robotics,,28,,2026-06-12T18:57:17Z,16.684,16.684
arxiv:2407.16912v1,Cross-Domain Policy Transfer by Representation Alignment via Multi-Domain Behavioral Cloning,"Transferring learned skills across diverse situations remains a fundamental challenge for autonomous agents, particularly when agents are not allowed to interact with an exact target setup. While prior approaches have predominantly focused on learning domain translation, they often struggle with handling significant domain gaps or out-of-distribution tasks. In this paper, we present a simple approach for cross-domain policy transfer that learns a shared latent representation across domains and a common abstract policy on top of it. Our approach leverages multi-domain behavioral cloning on unaligned trajectories of proxy tasks and employs maximum mean discrepancy (MMD) as a regularization term to encourage cross-domain alignment. The MMD regularization better preserves structures of latent state distributions than commonly used domain-discriminative distribution matching, leading to highe",2024,arXiv,Hayato Watahiki; Ryo Iwase; Ryosuke Unno; Yoshimasa Tsuruoka,,2407.16912v1,http://arxiv.org/abs/2407.16912v1,arxiv,diffusion policy,concept,architecture,,,diffusion policy; out of distribution; ablation,2026-06-12T14:45:03Z,16.650,18.650
doi:10.71443/9789349552982-06,Transfer Learning and Domain Adaptation Techniques in Deep Reinforcement Learning for Cross-Domain Tasks,"This book chapter explores the emerging synergy between Transfer Learning and Domain Adaptation techniques in Deep Reinforcement Learning (DRL), with a focus on their application to cross-domain tasks. As DRL continues to revolutionize various fields, the challenge of transferring learned knowledge across different domains remains a critical obstacle. This chapter delves into the theoretical foundations of transfer learning and domain adaptation, highlighting their significance in enhancing the generalization capabilities of DRL agents. It presents advanced methodologies for applying these techniques in complex real-world applications, including robotics, autonomous driving, and video game AI. The chapter examines hybrid models that integrate both approaches to improve performance in unfamiliar environments, offering insights into their potential and limitations. By addressing existing c",2025,Deep Reinforcement Learning Applications in Autonomous Systems and Decision Making,J Jayaganesh; Vanathi M,10.71443/9789349552982-06,,https://doi.org/10.71443/9789349552982-06,crossref,online adaptation robot learning,concept,adaptation,,,online adaptation; limitation; generalization,2026-06-12T15:07:36Z,16.650,19.650
doi:10.70102/afts.2026.1835.221,CROSS DOMAIN LATENT SPACE ALIGNMENT FOR ZERO SHOT KNOWLEDGE TRANSFER IN LARGE SCALE NEURO SYMBOLIC FOUNDATION MODELS,"The large-scale adoption of neuro-symbolic foundation models poses a critical challenge: zero-shot knowledge transfer is hindered by mismatches in latent distributions, modality heterogeneity, and discrepancies between symbolic and neural representations. In the following paper, a Cross-Domain Latent Space Alignment (CDLSA) framework will be proposed to support strong zero-shot generalisation across structurally different domains without task-specific fine-tuning. Its fundamental issue is the discrepancy between high-dimensional neural representations and structured symbolic representations that, under most circumstances, results in performance drops of 25-35 % when tested on unseen domains. The presented methodology combines contrastive latent projection, probabilistic regularisation of the manifold, and symbolic encoding of constraints into a single optimisation goal. The architecture ",2026,Archives for Technical Sciences,Alijon Anvarov; Jonibek Berdikulov; Azizjon Begaliev; Zulxumor Djurayeva; Khaydar Kamilov; Soniya Islyamova; Guzal Ergasheva,10.70102/afts.2026.1835.221,,https://doi.org/10.70102/afts.2026.1835.221,crossref,neuro symbolic robot planning,concept,architecture,,,neuro symbolic robot planning; robustness,2026-06-12T15:07:36Z,16.650,17.650
doi:10.1145/3743692,Adapting a Teachable Robot’s Dialog Responses Using Reinforcement Learning: Cross-Cultural User Study Exploring Effect on Engagement,"Teachable robots in education have the ability to increase student engagement and learning through personalised interactions and the use of social behaviours, such as speech, gaze and emotional expressions. Adaptation of these behaviours is motivated by an interest in tailoring the learning experience to an individual user and improving user outcomes. This work proposes an adaptive response-selection algorithm for a teachable robot which aims to increase user task engagement. A Q-learning algorithm learns an individualised policy and is rewarded based on the user’s paraphrasing behaviour and response time when teaching the robot. A user study is conducted across two user groups, recruited from Australia and Japan. This study evaluates the performance of the adaptive approach for response selection against a non-adaptive method and explores the differences in response and perception of th",2025,ACM Transactions on Human-Robot Interaction,Rachel Love; Philip R. Cohen; Gentiane Venture; Dana Kulić,10.1145/3743692,,https://doi.org/10.1145/3743692,crossref,learning robot manipulation from human video,concept,human_data,,3,robot manipulation,2026-06-12T15:07:36Z,16.643,16.643
doi:10.3390/electronics12071686,Transformer-Based User Alignment Model across Social Networks,"Cross-social network user identification refers to finding users with the same identity in multiple social networks, which is widely used in the cross-network recommendation, link prediction, personality recommendation, and data mining. At present, the traditional method is to obtain network structure information from neighboring nodes through graph convolution, and embed social networks into the low-dimensional vector space. However, as the network depth increases, the effect of the model will decrease. Therefore, in order to better obtain the network embedding representation, a Transformer-based user alignment model (TUAM) across social networks is proposed. This model converts the node information and network structure information from the graph data form into sequence data through a specific encoding method. Then, it inputs the data to the proposed model to learn the low-dimensional ",2023,Electronics,Tianliang Lei; Lixin Ji; Gengrun Wang; Shuxin Liu; Lan Wu; Fei Pan,10.3390/electronics12071686,,https://doi.org/10.3390/electronics12071686,crossref,transformer energy based model robotics,concept,ebm_transformer,,7,energy based model robotics,2026-06-12T15:07:36Z,16.640,16.640
arxiv:2604.07993v2,HEX: Humanoid-Aligned Experts for Cross-Embodiment Whole-Body Manipulation,"Humans achieve complex manipulation through coordinated whole-body control, whereas most Vision-Language-Action (VLA) models treat robot body parts largely independently, making high-DoF humanoid control challenging and often unstable. We present HEX, a state-centric framework for coordinated manipulation on full-sized bipedal humanoid robots. HEX introduces a humanoid-aligned universal state representation for scalable learning across heterogeneous embodiments, and incorporates a Mixture-of-Experts Unified Proprioceptive Predictor to model whole-body coordination and temporal motion dynamics from large-scale multi-embodiment trajectory data. To efficiently capture temporal visual context, HEX uses lightweight history tokens to summarize past observations, avoiding repeated encoding of historical images during inference. It further employs a residual-gated fusion mechanism with a flow-ma",2026,arXiv,Shuanghao Bai; Meng Li; Xinyuan Lv; Jiawei Wang; Xinhua Wang; Fei Liao; Chengkai Hou; Langzhe Gu; Wanqi Zhou; Kun Wu; Ziluo Ding; Zhiyuan Xu; Lei Sun; Shanghang Zhang; Zhengping Che; Jian Tang; Badong Chen,,2604.07993v2,http://arxiv.org/abs/2604.07993v2,arxiv,whole body manipulation humanoid,concept,humanoid,,,humanoid robot; generalization; long horizon,2026-06-12T14:45:03Z,16.500,17.500
doi:10.1080/10400435.2024.2409289,Electrocardiogram and respiration recordings show a reduction in the physical burden on professional caregivers when performing care tasks with a transfer support robot,,2025,Assistive Technology,Kenji Kato; Yasunari Hashimoto; Keita Aimoto; Masaki Kamiya; Koki Kawamura; Tatsuya Yoshimi; Izumi Kondo,10.1080/10400435.2024.2409289,,https://doi.org/10.1080/10400435.2024.2409289,crossref,EBM transformer robotics assistive robot,concept,architecture_x_embodiment,,5,EBM transformer robotics; assistive robot,2026-06-12T15:07:36Z,16.496,16.496
doi:10.11591/ijeecs.v17.i2.pp615-628,Implicit force control approach for Safe physical Robot-to-Human object handover,"This research focuses on the development of the conceptual frameworks of human-human interaction applied for a robotic behaviour-based approach for safe physical human-robot interaction. The control has been constructed based on understanding the dynamic and kinematic behavioural characteristics of how two humans pass an object to each other. This has enabled a KR-16-KUKA robot to naturally interact with a human so as to facilitate the dexterous transfer of an object in an effective manner. Implicit force control based on Proportional Integral and Fuzzy Logic Control which allows the robot end effector’s trajectory to be moderated based on the applied force in real-time was adopted. The experimental results have confirmed that the quantitative performance of the force-controlled robot is close to that of the human and can be considered acceptable for human-robot interaction. Furthermore,",2020,Indonesian Journal of Electrical Engineering and Computer Science,Paramin Neranon,10.11591/ijeecs.v17.i2.pp615-628,,https://doi.org/10.11591/ijeecs.v17.i2.pp615-628,crossref,object centric robot world model,concept,object_centric,,3,robot world model; force control; human robot interaction,2026-06-12T15:07:36Z,16.343,16.343
arxiv:2404.07988v2,QuasiSim: Parameterized Quasi-Physical Simulators for Dexterous Manipulations Transfer,"We explore the dexterous manipulation transfer problem by designing simulators. The task wishes to transfer human manipulations to dexterous robot hand simulations and is inherently difficult due to its intricate, highly-constrained, and discontinuous dynamics and the need to control a dexterous hand with a DoF to accurately replicate human manipulations. Previous approaches that optimize in high-fidelity black-box simulators or a modified one with relaxed constraints only demonstrate limited capabilities or are restricted by insufficient simulation fidelity. We introduce parameterized quasi-physical simulators and a physics curriculum to overcome these limitations. The key ideas are 1) balancing between fidelity and optimizability of the simulation via a curriculum of parameterized simulators, and 2) solving the problem in each of the simulators from the curriculum, with properties rang",2024,arXiv,Xueyi Liu; Kangbo Lyu; Jieqiong Zhang; Tao Du; Li Yi,,2404.07988v2,http://arxiv.org/abs/2404.07988v2,arxiv,Gaussian splatting robot perception dexterous manipulation,concept,architecture_x_embodiment,,,Gaussian splatting robot perception; dexterous manipulation; robot hand; limitation,2026-06-12T15:07:36Z,16.300,17.300
doi:10.1080/18824889.2025.2497622,Muscle knot state measurement using multi-axis kneading reaction force in physical massage robot system,,2025,"SICE Journal of Control, Measurement, and System Integration",Naoya Harada; Ryosuke Tasaki,10.1080/18824889.2025.2497622,,https://doi.org/10.1080/18824889.2025.2497622,crossref,Gaussian splatting robot perception multi robot system,concept,architecture_x_embodiment,,3,Gaussian splatting robot perception; multi robot system,2026-06-12T15:07:36Z,16.293,16.293
arxiv:2510.03342v3,"Gemini Robotics 1.5: Pushing the Frontier of Generalist Robots with Advanced Embodied Reasoning, Thinking, and Motion Transfer","General-purpose robots need a deep understanding of the physical world, advanced reasoning, and general and dexterous control. This report introduces the latest generation of the Gemini Robotics model family: Gemini Robotics 1.5, a multi-embodiment Vision-Language-Action (VLA) model, and Gemini Robotics-ER 1.5, a state-of-the-art Embodied Reasoning (ER) model. We are bringing together three major innovations. First, Gemini Robotics 1.5 features a novel architecture and a Motion Transfer (MT) mechanism, which enables it to learn from heterogeneous, multi-embodiment robot data and makes the VLA more general. Second, Gemini Robotics 1.5 interleaves actions with a multi-level internal reasoning process in natural language. This enables the robot to ""think before acting"" and notably improves its ability to decompose and execute complex, multi-step tasks, and also makes the robot's behavior mo",2025,arXiv,Gemini Robotics Team; Abbas Abdolmaleki; Saminda Abeyruwan; Joshua Ainslie; Jean-Baptiste Alayrac; Montserrat Gonzalez Arenas; Ashwin Balakrishna; Nathan Batchelor; Alex Bewley; Jeff Bingham; Michael Bloesch; Konstantinos Bousmalis; Philemon Brakel; Anthony Brohan; Thomas Buschmann; Arunkumar Byravan; Serkan Cabi; Ken Caluwaerts; Federico Casarini; Christine Chan,,2510.03342v3,http://arxiv.org/abs/2510.03342v3,arxiv,energy based policy robotics,concept,ebm,,,,2026-06-12T14:45:03Z,16.200,16.200
doi:10.1186/s12984-024-01372-3,Effect of task-oriented training assisted by force feedback hand rehabilitation robot on finger grasping function in stroke patients with hemiplegia: a randomised controlled trial,"BACKGROUND: Over 80% of patients with stroke experience finger grasping dysfunction, affecting independence in activities of daily living and quality of life. In routine training, task-oriented training is usually used for functional hand training, which may improve finger grasping performance after stroke, while augmented therapy may lead to a better treatment outcome. As a new technology-supported training, the hand rehabilitation robot provides opportunities to improve the therapeutic effect by increasing the training intensity. However, most hand rehabilitation robots commonly applied in clinics are based on a passive training mode and lack the sensory feedback function of fingers, which is not conducive to patients completing more accurate grasping movements. A force feedback hand rehabilitation robot can compensate for these defects. However, its clinical efficacy in patients with ",2024,Journal of NeuroEngineering and Rehabilitation,Yinghua Li; Yawen Lian; Xiaowei Chen; Hong Zhang; Guoxing Xu; Haoyang Duan; Xixi Xie; Zhenlan Li,10.1186/s12984-024-01372-3,,https://doi.org/10.1186/s12984-024-01372-3,openalex,robotics,concept,openalex_bulk_robotics,,50,,2026-06-12T18:57:17Z,16.116,16.116
doi:10.1109/tro.2024.3462932,A Compact 2-DOF Cross-Scale Piezoelectric Robotic Manipulator With Adjustable Force for Biological Delicate Puncture,"Robotic micromanipulation technology plays a fundamental supporting role in biomedical engineering field. However, it is still a challenge for robotic manipulators to meet the puncture performance requirements for complex cells and curved vessels with different sizes, because they are difficult to achieve a comprehensive characteristic of multi-DOF, long stroke, high displacement resolution, large puncture force, and high force resolution for limitations of structures, driving elements, and actuation methods. To addresses this challenge, this article proposes the conceptual design of a piezoelectric robotic manipulator (PERM) driven by a single piezoelectric actuator. A configuration design idea and a new actuation method are elaborated to achieve 2-DOF cross-scale manipulation and adjustable puncture force. Theoretical analyses and simulations are carried out to investigate the influenc",2024,IEEE Transactions on Robotics,Xiang Gao; Jie Deng; Weiyi Wang; Qingbing Chang; Jianhua Sun; Junkao Liu; Shijing Zhang; Yingxiang Liu,10.1109/tro.2024.3462932,,https://doi.org/10.1109/tro.2024.3462932,openalex,robotics,concept,openalex_bulk_robotics,,48,limitation,2026-06-12T18:57:17Z,16.096,17.096
doi:10.1109/hsi55341.2022.9869510,Physical Human-Robot Interaction (pHRI) through Admittance Control of Dynamic Movement Primitives in Sit-to-Stand Assistance Robot,,2022,2022 15th International Conference on Human System Interaction (HSI),Bibhu Sharma; Branesh M. Pillai; Jackrit Suthakorn,10.1109/hsi55341.2022.9869510,,https://doi.org/10.1109/hsi55341.2022.9869510,crossref,Gaussian splatting robot perception multi robot system,concept,architecture_x_embodiment,,7,Gaussian splatting robot perception; multi robot system; human robot interaction,2026-06-12T15:07:36Z,16.040,16.040
doi:10.3390/robotics9020045,Learning Sequential Force Interaction Skills,"Learning skills from kinesthetic demonstrations is a promising way of minimizing the gap between human manipulation abilities and those of robots. We propose an approach to learn sequential force interaction skills from such demonstrations. The demonstrations are decomposed into a set of movement primitives by inferring the underlying sequential structure of the task. The decomposition is based on a novel probability distribution which we call Directional Normal Distribution. The distribution allows infering the movement primitive’s composition, i.e., its coordinate frames, control variables and target coordinates from the demonstrations. In addition, it permits determining an appropriate number of movement primitives for a task via model selection. After finding the task’s composition, the system learns to sequence the resulting movement primitives in order to be able to reproduce the t",2020,Robotics,Simon Manschitz; Michael Gienger; Jens Kober; Jan Peters,10.3390/robotics9020045,,https://doi.org/10.3390/robotics9020045,crossref,EBM transformer robotics tool use robotics,concept,architecture_x_embodiment,,13,EBM transformer robotics; tool use robotics,2026-06-12T15:07:36Z,15.970,15.970
arxiv:2410.01702v4,"$\mathcal{D(R,O)}$ Grasp: A Unified Representation of Robot and Object Interaction for Cross-Embodiment Dexterous Grasping","Dexterous grasping is a fundamental yet challenging skill in robotic manipulation, requiring precise interaction between robotic hands and objects. In this paper, we present $\mathcal{D(R,O)}$ Grasp, a novel framework that models the interaction between the robotic hand in its grasping pose and the object, enabling broad generalization across various robot hands and object geometries. Our model takes the robot hand's description and object point cloud as inputs and efficiently predicts kinematically valid and stable grasps, demonstrating strong adaptability to diverse robot embodiments and object geometries. Extensive experiments conducted in both simulated and real-world environments validate the effectiveness of our approach, with significant improvements in success rate, grasp diversity, and inference speed across multiple robotic hands. Our method achieves an average success rate of ",2024,arXiv,Zhenyu Wei; Zhixuan Xu; Jingxiang Guo; Yiwen Hou; Chongkai Gao; Zhehao Cai; Jiayu Luo; Lin Shao,,2410.01702v4,http://arxiv.org/abs/2410.01702v4,arxiv,EBM transformer robotics dexterous manipulation,concept,architecture_x_embodiment,,,EBM transformer robotics; dexterous manipulation; robot hand; generalization,2026-06-12T15:07:36Z,15.950,17.950
doi:10.1016/j.jmatprotec.2022.117531,Deep transfer learning of additive manufacturing mechanisms across materials in metal-based laser powder bed fusion process,"The defective regimes in metal-based Laser Powder Bed Fusion (LPBF) processes can be minimized by deploying in-situ monitoring strategies comprising Machine learning (ML) algorithms and sensing techniques. So far, algorithms trained for monitoring a particular material type cannot be re-used to monitor another material in Additive Manufacturing (AM). This is a topic rarely researched in AM. Inspired by the idea of transfer learning in ML, we demonstrate the knowledge learned by the two native Deep Learning (DL) networks, namely VGG and ResNets, on four LPBF process mechanisms such as balling, Lack of Fusion (LoF) pores, conduction mode, and keyhole pores in stainless steel (316L) can be transferred to bronze (CuSn8). In this work, the spectrograms computed using Wavelet Transforms (WT) on Acoustic Emissions (AE) during the LBPF process of stainless steel and bronze are used for training ",2022,Journal of Materials Processing Technology,Vigneashwara Pandiyan; Rita Drissi-Daoudi; Sergey Shevchik; Giulio Masinelli; Tri Le‐Quang; Roland E. Logé; Kilian Wasmer,10.1016/j.jmatprotec.2022.117531,,https://doi.org/10.1016/j.jmatprotec.2022.117531,openalex,energy based model robot learning,concept,ebm,,136,,2026-06-12T18:05:07Z,15.860,15.860
arxiv:2509.10952v1,ImMimic: Cross-Domain Imitation from Human Videos via Mapping and Interpolation,"Learning robot manipulation from abundant human videos offers a scalable alternative to costly robot-specific data collection. However, domain gaps across visual, morphological, and physical aspects hinder direct imitation. To effectively bridge the domain gap, we propose ImMimic, an embodiment-agnostic co-training framework that leverages both human videos and a small amount of teleoperated robot demonstrations. ImMimic uses Dynamic Time Warping (DTW) with either action- or visual-based mapping to map retargeted human hand poses to robot joints, followed by MixUp interpolation between paired human and robot trajectories. Our key insights are (1) retargeted human hand trajectories provide informative action labels, and (2) interpolation over the mapped data creates intermediate domains that facilitate smooth domain adaptation during co-training. Evaluations on four real-world manipulatio",2025,arXiv,Yangcen Liu; Woo Chul Shin; Yunhai Han; Zhenyang Chen; Harish Ravichandar; Danfei Xu,,2509.10952v1,http://arxiv.org/abs/2509.10952v1,arxiv,learning robot manipulation from human video,concept,human_data,,,robot manipulation,2026-06-12T14:45:03Z,15.850,17.850
arxiv:2509.04441v2,DEXOP: A Device for Robotic Transfer of Dexterous Human Manipulation,"We introduce perioperation, a paradigm for robotic data collection that sensorizes and records human manipulation while maximizing the transferability of the data to real robots. We implement this paradigm in DEXOP, a passive hand exoskeleton designed to maximize human ability to collect rich sensory (vision + tactile) data for diverse dexterous manipulation tasks in natural environments. DEXOP mechanically connects human fingers to robot fingers, providing users with direct contact feedback (via proprioception) and mirrors the human hand pose to the passive robot hand to maximize the transfer of demonstrated skills to the robot. The force feedback and pose mirroring make task demonstrations more natural for humans compared to teleoperation, increasing both speed and accuracy. We evaluate DEXOP across a range of dexterous, contact-rich tasks, demonstrating its ability to collect high-qua",2025,arXiv,Hao-Shu Fang; Branden Romero; Yichen Xie; Arthur Hu; Bo-Ruei Huang; Juan Alvarez; Matthew Kim; Gabriel Margolis; Kavya Anbarasu; Masayoshi Tomizuka; Edward Adelson; Pulkit Agrawal,,2509.04441v2,http://arxiv.org/abs/2509.04441v2,arxiv,EBM transformer robotics dexterous manipulation,concept,architecture_x_embodiment,,,EBM transformer robotics; dexterous manipulation; robot hand; proprioception; teleoperation,2026-06-12T15:07:36Z,15.850,15.850
doi:10.3390/fi12110205,Failure Mode and Effect Analysis for Cyber-Physical Systems,"Cyber-Physical Systems (CPS) are a prominent component of the modern digital transformation, which combines the dynamics of the physical processes with those of software and networks. Critical infrastructures have built-in CPS, and assessing its risk is crucial to avoid significant losses, both economic and social. As CPS are increasingly attached to the world’s main industries, these systems’ criticality depends not only on software efficiency and availability but also on cyber-security awareness. Given this, and because Failure Mode and Effect Analysis (FMEA) is one of the most effective methods to assess critical infrastructures’ risk, in this paper, we show how this method performs in the analysis of CPS threats, also exposing the main drawbacks concerning CPS risk assessment. We first propose a risk prevention analysis to the Communications-Based Train Control (CBTC) system, which i",2020,Future Internet,João Oliveira; Gonçalo Carvalho; Bruno Cabral; Jorge Bernardino,10.3390/fi12110205,,https://doi.org/10.3390/fi12110205,crossref,robot foundation model failure mode,hostile,failure,,21,robot foundation model; failure mode,2026-06-12T15:07:36Z,15.846,19.846
doi:10.1007/s12369-020-00649-6,How Physical Presence Overrides Emotional (Coping) Effects in HRI: Testing the Transfer of Emotions and Emotional Coping in Interaction with a Humanoid Social Robot,"Abstract The increasing pressure on healthcare systems calls for innovative solutions, such as social robots. However, healthcare situations often are highly emotional while little is known about how people’s prior emotional state may affect the perception and acceptance of such robots. Following appraisal theories of emotion, the appraisal of coping potential related to one’s emotions was found to be important in acting as mediator between emotional state and perceptions of a robot (Spekman et al. in Comput Hum Behav 85:308–318, 2018. 10.1016/j.chb.2018.03.043 ; in Belief in emotional coping ability affects what you see in a robot, not the emotions as such, Dissertation, Vrije Universiteit Amsterdam, Amsterdam, 2018), though this has not yet been tested in relation to actual emotional coping nor in an actual encounter with a robot. Hence, the current study focused on how actual emotiona",2021,International Journal of Social Robotics,Marloes L. C. Spekman; Elly A. Konijn; Johan F. Hoorn,10.1007/s12369-020-00649-6,,https://doi.org/10.1007/s12369-020-00649-6,crossref,EBM transformer robotics humanoid robot,concept,architecture_x_embodiment,,7,EBM transformer robotics; humanoid robot,2026-06-12T15:07:36Z,15.840,15.840
doi:10.1108/ir-10-2020-0232,The effect of preload force on damping in tendon-driven manipulator,"Purpose The purpose of this paper is to study the preload range of tendon-driven manipulator and the relationship between preload and damping. The flexible joint manipulator (FJM) with joint flexibility is safer than traditional rigid manipulators. A FJM having an elastic tendon is called an elastic tendon-driven manipulator (ETDM) and has the advantages of being driven by a cable and having a more flexible joint. However, the elastic tendon introduces greater residual vibration, which makes the control of the manipulator more difficult. Accurate dynamic modeling is effective in solving this problem. Design/methodology/approach The present paper derives the relationship between the preload of the ETDM and the friction moment through the analysis of the forces of cables and pulleys. A dynamic model dominated by Coulomb damping is established. Findings The linear relationship between a dec",2021,Industrial Robot: the international journal of robotics research and application,Yudong Zhang; Leiying He; Chuanyu Wu,10.1108/ir-10-2020-0232,,https://doi.org/10.1108/ir-10-2020-0232,crossref,EBM transformer robotics industrial robot,concept,architecture_x_embodiment,,7,EBM transformer robotics; industrial robot,2026-06-12T15:07:36Z,15.840,15.840
doi:10.1109/lra.2019.2928770,Predictive Optimization of Assistive Force in Admittance Control-Based Physical Interaction for Robotic Gait Assistance,,2019,IEEE Robotics and Automation Letters,Shunki Itadera; Emmanuel Dean-Leon; Jun Nakanishi; Yasuhisa Hasegawa; Gordon Cheng,10.1109/lra.2019.2928770,,https://doi.org/10.1109/lra.2019.2928770,crossref,EBM transformer robotics assistive robot,concept,architecture_x_embodiment,,14,EBM transformer robotics; assistive robot,2026-06-12T15:07:36Z,15.754,15.754
doi:10.1109/icra48891.2023.10160662,Cross-domain Transfer Learning and State Inference for Soft Robots via a Semi-supervised Sequential Variational Bayes Framework,"Recently, data-driven models such as deep neural networks have shown to be promising tools for modelling and state inference in soft robots. However, voluminous amounts of data are necessary for deep models to perform effectively, which requires exhaustive and quality data collection, particularly of state labels. Consequently, obtaining labelled state data for soft robotic systems is challenged for various reasons, including difficulty in the sensorization of soft robots and the inconvenience of collecting data in unstructured environments. To address this challenge, in this paper, we propose a semi-supervised sequential variational Bayes (DSVB) framework for transfer learning and state inference in soft robots with missing state labels on certain robot configurations. Considering that soft robots may exhibit distinct dynamics under different robot configurations, a feature space transf",2023,arXiv,Shageenderan Sapai; Junn Yong Loo; Ze Yang Ding; Chee Pin Tan; Raphael CW Phan; Vishnu Monn Baskaran; Surya Girinatha Nurzaman,10.1109/icra48891.2023.10160662,2303.01693v4,http://arxiv.org/abs/2303.01693v4,arxiv,EBM transformer robotics soft robot manipulation,concept,architecture_x_embodiment,,,EBM transformer robotics; robot manipulation; soft robot manipulation,2026-06-12T15:07:36Z,15.750,15.750
doi:10.1109/tsmc.2022.3229213,MARL Sim2real Transfer: Merging Physical Reality With Digital Virtuality in Metaverse,"Metaverse is an artificial virtual world mapped from and interacting with the real world. In metaverse, digital entities coexist with their physical counterparts. Powered by deep learning, metaverse is inevitably becoming more intelligent in the interactions between reality and virtuality. However, it is confronted with a nontrivial problem known as sim2real transfer when deep learning techniques try to bridge the reality gap between the physical world and simulations. In this article, we use multiagent deep reinforcement learning (MARL) to implement collective intelligence for digital entities as well as their physical counterparts. To model the immersive environments in metaverse, we define a nonstationary variant of Markov games and propose a recurrent MARL solution to it. Based on the solution, MARL sim2real transfer that bridges real and virtual multiple unmanned aerial vehicle (mul",2022,IEEE Transactions on Systems Man and Cybernetics Systems,Haoran Shi; Guanjun Liu; Kaiwen Zhang; Ziyuan Zhou; Jiacun Wang,10.1109/tsmc.2022.3229213,,https://doi.org/10.1109/tsmc.2022.3229213,openalex,energy based policy robotics,concept,ebm,,51,domain randomization; generalization,2026-06-12T18:43:24Z,15.726,17.726
doi:10.1186/1750-1164-4-3,Robotics versus laparoscopy - an experimental study of the transfer effect in maiden users,"BACKGROUND: Robot-assisted laparoscopy (RL) is used in a wide range of operative interventions, but the advantage of this technique over conventional laparoscopy (CL) remains unclear. Studies comparing RL and CL are scarce. The present study was performed to test the hypothesis that maiden users master surgical tasks quicker with the robot-assisted laparoscopy technique than with the conventional laparoscopy technique. METHODS: 20 subjects, with no prior surgical experience, performed three different surgical tasks in a standardized experimental setting, repeated four times with each of the RL and CL techniques. Speed and accuracy were measured. A cross-over technique was used to eliminate gender bias and the experience gained by carrying out the first part of the study. RESULTS: The task ""tie a knot"" was performed faster with the RL technique than with CL. Furthermore, shorter operating",2010,Annals of Surgical Innovation and Research,Magnus Anderberg; Johan Larsson; Christina Clementson Kockum; Einar Arnbjörnsson,10.1186/1750-1164-4-3,,https://doi.org/10.1186/1750-1164-4-3,openalex,robotics,concept,openalex_bulk_robotics,,30,,2026-06-12T18:57:17Z,15.717,15.717
doi:10.1016/j.aei.2024.102568,Interpretable modulated differentiable STFT and physics-informed balanced spectrum metric for freight train wheelset bearing cross-machine transfer fault diagnosis under speed fluctuations,,2024,Advanced Engineering Informatics,Chao He; Hongmei Shi; Ruixin Li; Jianbo Li; ZuJun Yu,10.1016/j.aei.2024.102568,,https://doi.org/10.1016/j.aei.2024.102568,crossref,differentiable physics robot learning,concept,architecture,,96,differentiable physics robot learning,2026-06-12T15:07:36Z,15.687,15.687
doi:10.1088/1361-6501/ae5f3c,Uncertainty alignment guided mixture of experts for cross-domain rotating machinery fault diagnosis,"Abstract Unsupervised domain adaptation (UDA) has emerged as a crucial technique in intelligent machinery fault diagnosis, primarily to address the performance degradation caused by variable operating conditions without the need for expensive target domain labeling. However, the efficacy of UDA is often compromised by the significant physical discrepancies between domains common in industrial environments. These variations result in drastic shifts in signal patterns, creating ambiguous samples that possess low transferability. Conventional UDA approaches enforce indiscriminate alignment across the entire distribution, forcing the matching of these outliers, inevitably leading to negative transfer and misdiagnosis. In order to overcome these issues, an entropy-driven uncertainty alignment guided mixture of experts (EMoEs) is proposed for fault diagnosis of machinery under variable operati",2026,Measurement Science and Technology,Juntao Wang; Caiming Zhong; Yu Tian,10.1088/1361-6501/ae5f3c,,https://doi.org/10.1088/1361-6501/ae5f3c,crossref,mixture of experts robot policy,concept,architecture,,,mixture of experts robot policy; generalization; robustness,2026-06-12T15:07:36Z,15.650,19.650
doi:10.5220/0006415900240033,Using Physical Modeling and RGB-D Registration for Contact Force Sensing on Deformable Objects,,2017,"Proceedings of the 14th International Conference on Informatics in Control, Automation and Robotics",Antoine Petit; Fanny Ficuciello; Giuseppe Andrea Fontanelli; Luigi Villani; Bruno Siciliano,10.5220/0006415900240033,,https://doi.org/10.5220/0006415900240033,crossref,EBM transformer robotics deformable object manipulation,concept,architecture_x_embodiment,,24,EBM transformer robotics; deformable object manipulation,2026-06-12T15:07:36Z,15.609,15.609
doi:10.1126/scirobotics.aea1995,"Demonstrate once, execute on many: Kinematic intelligence for cross-robot skill transfer","Teaching robots new skills should be as natural as showing rather than programming. Learning from demonstration (LfD) moves toward this goal by allowing users to guide a robot or sketch a desired motion, enabling learning without writing a line of code. However, most LfD methods remain tied to the robot they were trained on. Changes in morphology, different link lengths, joint orientations, or limits often break the learned behavior, making retraining unavoidable. Here, we introduce a framework that endows robots with kinematic intelligence: an internal understanding of their own joint limits, singularities, and connectivity. Instead of correcting for these constraints after learning, we embedded them directly into the control policy from the outset. The approach takes one or multiple demonstrations, extracts a globally stable dynamical system, and produces behaviors that remain valid ac",2026,Science Robotics,Sthithpragya Gupta; Durgesh Haribhau Salunkhe; Aude Billard,10.1126/scirobotics.aea1995,,https://doi.org/10.1126/scirobotics.aea1995,crossref,EBM transformer robotics assistive robot,concept,architecture_x_embodiment,,,EBM transformer robotics; assistive robot,2026-06-12T15:07:36Z,15.600,15.600
doi:10.1109/tase.2018.2886376,Learning Physical Human–Robot Interaction With Coupled Cooperative Primitives for a Lower Exoskeleton,"Human-powered lower exoskeletons have received considerable interests from both academia and industry over the past decades, and encountered increasing applications in human locomotion assistance and strength augmentation. One of the most important aspects in those applications is to achieve robust control of lower exoskeletons, which, in the first place, requires the proactive modeling of human movement trajectories through physical human-robot interaction (pHRI). As a powerful representative tool for motion trajectories, dynamic movement primitives (DMP) have been used to model human movement trajectories. However, canonical DMP only offers a general representation of human movement trajectory and may neglects the interactive term, therefore it cannot be directly applied to lower exoskeletons which need to track human joint trajectories online, because different pilots have different t",2019,IEEE Transactions on Automation Science and Engineering,Rui Huang; Hong Cheng; Jing Qiu; Jianwei Zhang,10.1109/tase.2018.2886376,,https://doi.org/10.1109/tase.2018.2886376,openalex,robotics,concept,openalex_bulk_robotics,,127,human robot interaction,2026-06-12T18:57:17Z,15.576,15.576
doi:10.3390/mi12101141,A 3D-Printed Fin Ray Effect Inspired Soft Robotic Gripper with Force Feedback,"Soft robotic grippers are able to carry out many tasks that traditional rigid-bodied grippers cannot perform but often have many limitations in terms of control and feedback. In this study, a Fin Ray effect inspired soft robotic gripper is proposed with its whole body directly 3D printed using soft material without the need of assembly. As a result, the soft gripper has a light weight, simple structure, is enabled with high compliance and conformability, and is able to grasp objects with arbitrary geometry. A force sensor is embedded in the inner side of the gripper, which allows the contact force required to grip the object to be measured in order to guarantee successful grasping and to provide the most suitable gripping force. In addition, it enables control and data monitoring of the gripper's operating state at all times. Characterization and grasping demonstration of the gripper are",2021,Micromachines,Yang Yang; Kaixiang Jin; Honghui Zhu; Gongfei Song; Haojian Lu; Long Kang,10.3390/mi12101141,,https://doi.org/10.3390/mi12101141,openalex,robotics,concept,openalex_bulk_robotics,,54,limitation,2026-06-12T18:57:17Z,15.554,16.554
doi:10.1177/02783649231201196,Dynamic movement primitives in robotics: A tutorial survey,"Biological systems, including human beings, have the innate ability to perform complex tasks in a versatile and agile manner. Researchers in sensorimotor control have aimed to comprehend and formally define this innate characteristic. The idea, supported by several experimental findings, that biological systems are able to combine and adapt basic units of motion into complex tasks finally leads to the formulation of the motor primitives’ theory. In this respect, Dynamic Movement Primitives (DMPs) represent an elegant mathematical formulation of the motor primitives as stable dynamical systems and are well suited to generate motor commands for artificial systems like robots. In the last decades, DMPs have inspired researchers in different robotic fields including imitation and reinforcement learning, optimal control, physical interaction, and human–robot co-working, resulting in a conside",2023,The International Journal of Robotics Research,Matteo Saveriano; Fares J Abu-Dakka; Aljaž Kramberger; Luka Peternel,10.1177/02783649231201196,,https://doi.org/10.1177/02783649231201196,crossref,EBM transformer robotics tool use robotics,concept,architecture_x_embodiment,,200,EBM transformer robotics; tool use robotics; limitation,2026-06-12T15:07:36Z,15.552,17.552
doi:10.3390/s25134164,Fault Detection of Cyber-Physical Systems Using a Transfer Learning Method Based on Pre-Trained Transformers,"As industries become increasingly dependent on cyber-physical systems (CPSs), failures within these systems can cause significant operational disruptions, underscoring the critical need for effective Prognostics and Health Management (PHM). The large volume of data generated by CPSs has made deep learning (DL) methods an attractive solution; however, imbalanced datasets and the limited availability of fault-labeled data continue to hinder their effective deployment in real-world applications. To address these challenges, this paper proposes a transfer learning approach using a pre-trained transformer architecture to enhance fault detection performance in CPSs. A streamlined transformer model is first pre-trained on a large-scale source dataset and then fine-tuned end-to-end on a smaller dataset with a differing data distribution. This approach enables the transfer of diagnostic knowledge",2025,Sensors,Pooya Sajjadi; Fateme Dinmohammadi; Mahmood Shafiee,10.3390/s25134164,,https://doi.org/10.3390/s25134164,openalex,transformer energy based model robotics,concept,ebm_transformer,,10,energy based model robotics; deployment,2026-06-12T18:05:07Z,15.549,18.549
doi:10.3390/electronics13071391,Using Ensemble Learning for Anomaly Detection in Cyber–Physical Systems,"The swift embrace of Industry 4.0 paradigms has led to the growing convergence of Information Technology (IT) networks and Operational Technology (OT) networks. Traditionally isolated on air-gapped and fully trusted networks, OT networks are now becoming more interconnected with IT networks due to the advancement and applications of IoT. This expanded attack surface has led to vulnerabilities in Cyber–Physical Systems (CPSs), resulting in increasingly frequent compromises with substantial economic and life safety repercussions. The existing methods for the anomaly detection of security threats typically use simple threshold-based strategies or apply Machine Learning (ML) algorithms to historical data for the prediction of future anomalies. However, due to the high levels of heterogeneity across different CPS environments, minimizing the opportunities for transfer learning, and the scarci",2024,Electronics,Nicholas Jeffrey; Qing Tan; José R. Villar,10.3390/electronics13071391,,https://doi.org/10.3390/electronics13071391,openalex,energy based model robot learning,concept,ebm,,53,,2026-06-12T18:05:07Z,15.494,15.494
doi:10.1109/ase.2017.8115661,Transfer learning for performance modeling of configurable systems: An exploratory analysis,"Modern software systems provide many configuration options which significantly influence their non-functional properties. To understand and predict the effect of configuration options, several sampling and learning strategies have been proposed, albeit often with significant cost to cover the highly dimensional configuration space. Recently, transfer learning has been applied to reduce the effort of constructing performance models by transferring knowledge about performance behavior across environments. While this line of research is promising to learn more accurate models at a lower cost, it is unclear why and when transfer learning works for performance modeling. To shed light on when it is beneficial to apply transfer learning, we conducted an empirical study on four popular software systems, varying software configurations and environmental conditions, such as hardware, workload, and",2017,,Pooyan Jamshidi; Norbert Siegmund; Miguel Velez; Christian Kästner; Akshay Patel; Yuvraj Agarwal,10.1109/ase.2017.8115661,,https://doi.org/10.1109/ase.2017.8115661,openalex,energy based model robot learning,concept,ebm,,7,,2026-06-12T18:26:24Z,15.490,15.490
doi:10.1177/0278364913482015,Dynamic contact force/torque observer: Sensor fusion for improved interaction control,"The potential areas of application for robots have gradually extended beyond the classical industrial settings in large-scale enterprizes: nowadays, the integration of robots into daily life has become a central development in robotics. Here, one major challenge is the physical interaction with unknown and/or changing environments. Such an interaction requires knowledge of the exchanged contact forces and torques. To this end, robotic systems are typically equipped with force/torque sensors at the wrist. By using force control schemes that rely on measurements from these sensors, conventional manipulation tasks are successfully executed. In particular, for dynamic manipulation tasks, however, the problem arises that the inertial forces/torques of the end effector have a non-negligible effect on the measurements of the wrist sensor. This degrades the performance of the interaction control",2013,The International Journal of Robotics Research,Georg Bätz; Bernhard Weber; Michael Scheint; Dirk Wollherr; Martin Buss,10.1177/0278364913482015,,https://doi.org/10.1177/0278364913482015,crossref,EBM transformer robotics contact rich manipulation,concept,architecture_x_embodiment,,36,EBM transformer robotics; contact rich manipulation; force control,2026-06-12T15:07:36Z,15.455,16.455
doi:10.1002/rcs.187,Adapter for contact force sensing of the da Vinci ® robot,"Abstract Background At present, the da Vinci ® surgical robot system does not provide haptic feedback. One of the authors has proposed a contact‐force sensing method called the ‘overcoat method’, in which the instrument/driver is supported by force sensors. In the da Vinci robot, the instrument jaws are powered by a wire‐pulley mechanism; thus, in order to apply the overcoat method to the da Vinci system, we must transfer the power through a frame that is supported by force sensors. Methods The authors have attempted to add a force‐sensor function to the Sterile Adapter ® of the da Vinci system. In developing a sensorized adapter, a new configuration of force sensors and a new axial‐force‐free (AFF) joint have been devised in order to obtain an independent ‘axial force effect’ from the drive torque fed from the da Vinci robot arm. Results The force‐sensing errors of the present system ha",2008,The International Journal of Medical Robotics and Computer Assisted Surgery,Shigeyuki Shimachi; Surakij Hirunyanitiwatna; Yasunori Fujiwara; Akira Hashimoto; Yoshinori Hakozaki,10.1002/rcs.187,,https://doi.org/10.1002/rcs.187,crossref,EBM transformer robotics contact rich manipulation,concept,architecture_x_embodiment,,36,EBM transformer robotics; contact rich manipulation; surgical robot,2026-06-12T15:07:36Z,15.455,15.455
doi:10.1039/d5cs00146c,Cross-disciplinary perspectives on the potential for artificial intelligence across chemistry,"We offer ten diverse perspectives exploring the transformative potential of artificial intelligence (AI) in chemistry, highlighting many of the challenges we face, and offering potential strategies to address them.",2025,Chemical Society Reviews,Austin M. Mroz; Annabel R. Basford; Friedrich Hastedt; Isuru Shavindra Jayasekera; Irea Mosquera‐Lois; Ruby Sedgwick; Pedro J. Ballester; Joshua D. Bocarsly; Ehecatl Antonio del Rio‐Chanona; Matthew L. Evans; Jarvist M. Frost; Alex M. Ganose; Rebecca L. Greenaway; King Kuok Hii; Yingzhen Li; Ruth Misener; Aron Walsh; Dandan Zhang; Kim E. Jelfs,10.1039/d5cs00146c,,https://doi.org/10.1039/d5cs00146c,openalex,energy based transformer robot policy,concept,ebm_transformer,,36,energy based transformer robot policy,2026-06-12T18:05:07Z,15.455,15.455
doi:10.1109/tase.2017.2743000,Interface Design of a Physical Human–Robot Interaction System for Human Impedance Adaptive Skill Transfer,"It has been established that the transfer of human adaptive impedance is of great significance for physical human-robot interaction (pHRI). By processing the electromyography (EMG) signals collected from human muscles, the limb impedance could be extracted and transferred to robots. The existing impedance transfer interfaces rely only on visual feedback and, thus, may be insufficient for skill transfer in a sophisticated environment. In this paper, physical haptic feedback mechanism is introduced to result in muscle activity that would generate EMG signals in a natural manner, in order to achieve intuitive human impedance transfer through a designed coupling interface. Relevant processing methods are integrated into the system, including the spectral collaborative representation-based classifications method used for hand motion recognition; fast smooth envelop and dimensionality reductio",2017,IEEE Transactions on Automation Science and Engineering,Chenguang Yang; Chao Zeng; Peidong Liang; Zhijun Li; Ruifeng Li; Chun‐Yi Su,10.1109/tase.2017.2743000,,https://doi.org/10.1109/tase.2017.2743000,openalex,robotics,concept,openalex_bulk_robotics,,220,skill learning; human robot interaction,2026-06-12T18:57:17Z,15.449,15.449
doi:10.1109/tnsre.2024.3358491,Cross-Subject Motor Imagery Decoding by Transfer Learning of Tactile ERD,"For Brain-Computer Interface (BCI) based on motor imagery (MI), the MI task is abstract and spontaneous, presenting challenges in measurement and control and resulting in a lower signal-to-noise ratio. The quality of the collected MI data significantly impacts the cross-subject calibration results. To address this challenge, we introduce a novel cross-subject calibration method based on passive tactile afferent stimulation, in which data induced by tactile stimulation is utilized to calibrate transfer learning models for cross-subject decoding. During the experiments, tactile stimulation was applied to either the left or right hand, with subjects only required to sense tactile stimulation. Data from these tactile tasks were used to train or fine-tune models and subsequently applied to decode pure MI data. We evaluated BCI performance using both the classical Common Spatial Pattern (CSP) ",2024,IEEE Transactions on Neural Systems and Rehabilitation Engineering,Yucun Zhong; Lin Yao; Gang Pan; Yueming Wang,10.1109/tnsre.2024.3358491,,https://doi.org/10.1109/tnsre.2024.3358491,openalex,energy based model robot learning,concept,ebm,,12,,2026-06-12T18:26:24Z,15.432,16.432
doi:10.14801/jkiit.2024.22.11.101,A Study on the Relationship between Digital Literacy and Transfer-Assistive Robot Acceptance among Care Workers : The Mediating Effect of the Care Robot Use Self-Efficacy,,2024,The Journal of Korean Institute of Information Technology,Hee-Jeong Yoon; Jung-Wan Lee; Hye-Ri Shin; Young-Sun Kim,10.14801/jkiit.2024.22.11.101,,https://doi.org/10.14801/jkiit.2024.22.11.101,crossref,Gaussian splatting robot perception assistive robot,concept,architecture_x_embodiment,,,Gaussian splatting robot perception; assistive robot,2026-06-12T15:07:36Z,15.400,15.400
arxiv:2110.01364v1,Robot-Assisted Surgical Training Over Several Days in a Virtual Surgical Environment with Divergent and Convergent Force Fields,"Surgical procedures require a high level of technical skill to ensure efficiency and patient safety. Due to the direct effect of surgeon skill on patient outcomes, the development of cost-effective and realistic training methods is imperative to accelerate skill acquisition. Teleoperated robotic devices allow for intuitive ergonomic control, but the learning curve for these systems remains steep. Recent studies in motor learning have shown that visual or physical exaggeration of errors helps trainees to learn to perform tasks faster and more accurately. In this study, we extended the work from two previous studies to investigate the performance of subjects in different force field training conditions, including convergent (assistive), divergent (resistive), and no force field (null).",2021,arXiv,Yousi A. Oquendo; Zonghe Chua; Margaret M. Coad; Ilana Nisky; Anthony M. Jarc; Sherry M. Wren; Thomas S. Lendvay; Allison M. Okamura,,2110.01364v1,http://arxiv.org/abs/2110.01364v1,arxiv,energy based policy robotics,concept,ebm,,,,2026-06-12T14:45:03Z,15.400,15.400
doi:10.1016/j.apenergy.2024.123080,Towards a fossil-free urban transport system: An intelligent cross-type transferable energy management framework based on deep transfer reinforcement learning,,2024,Applied Energy,Ruchen Huang; Hongwen He; Qicong Su,10.1016/j.apenergy.2024.123080,,https://doi.org/10.1016/j.apenergy.2024.123080,crossref,energy based model robot learning,concept,ebm,,53,,2026-06-12T17:50:07Z,15.394,15.394
doi:10.1080/19397038.2019.1592261,Diffusion mechanism and effect of mass transfer limitation during the adsorption of CO 2 by polyaspartamide in a packed-bed unit,,2020,International Journal of Sustainable Engineering,Kelvin O. Yoro; Mutiu K. Amosa; Patrick T. Sekoai; Jean Mulopo; Michael O. Daramola,10.1080/19397038.2019.1592261,,https://doi.org/10.1080/19397038.2019.1592261,crossref,diffusion policy limitation,anti_myopia,anti_thesis,,79,diffusion policy; limitation; diffusion policy limitation,2026-06-12T15:07:36Z,15.391,19.391
doi:10.1007/s40747-020-00250-4,Cross corpus multi-lingual speech emotion recognition using ensemble learning,"Abstract Receiving an accurate emotional response from robots has been a challenging task for researchers for the past few years. With the advancements in technology, robots like service robots interact with users of different cultural and lingual backgrounds. The traditional approach towards speech emotion recognition cannot be utilized to enable the robot and give an efficient and emotional response. The conventional approach towards speech emotion recognition uses the same corpus for both training and testing of classifiers to detect accurate emotions, but this approach cannot be generalized for multi-lingual environments, which is a requirement for robots used by people all across the globe. In this paper, a series of experiments are conducted to highlight an ensemble learning effect using a majority voting technique for cross-corpus, multi-lingual speech emotion recognition system. ",2021,Complex & Intelligent Systems,Wisha Zehra; Abdul Rehman Javed; Zunera Jalil; Habib Ullah Khan; Thippa Reddy Gadekallu,10.1007/s40747-020-00250-4,,https://doi.org/10.1007/s40747-020-00250-4,openalex,energy based model robot learning,concept,ebm,,138,,2026-06-12T18:05:07Z,15.367,15.367
doi:10.1007/s00426-021-01570-x,Physical fatigue and its effect on road crossing decisions: an examination of the embodied perception perspective,,2022,Psychological Research,Robyn Sullivan; Arne Nieuwenhuys,10.1007/s00426-021-01570-x,,https://doi.org/10.1007/s00426-021-01570-x,crossref,Gaussian splatting robot perception embodied agent,concept,architecture_x_embodiment,,1,Gaussian splatting robot perception; embodied agent,2026-06-12T15:07:36Z,15.347,15.347
doi:10.1109/cira.2005.1554255,An Approach for Programming Robots by Demonstration: Generalization Across Different Initial Configurations of Manipulated Objects,"Imitation is a powerful learning tool that can be used by a robotic agent to socially learn new skills and tasks. One of the fundamental problems in imitation is the correspondence problem, how to map between the actions, states and effects of the model and imitator agents, when the embodiment of the agents is dissimilar. In our approach, the matching depends on different metrics and granularity. Focusing on object manipulation and arrangement demonstrated by a human, this paper presents Jabberwocky, a system that uses different metrics and granularity to produce action command sequences that when executed by an imitating agent can achieve corresponding effects (manipulandum absolute/relative position, displacement, rotation and orientation). Based on a single demonstration of an object manipulation task by a human and using a combination of effect metrics, the system is shown to produce",2005,,Aris Alissandrakis; Chrystopher L. Nehaniv; Kerstin Dautenhahn; J. Saunders,10.1109/cira.2005.1554255,,https://doi.org/10.1109/cira.2005.1554255,openalex,robotics,concept,openalex_bulk_robotics,,25,generalization,2026-06-12T18:57:17Z,15.329,16.329
doi:10.1109/access.2020.2979074,Cross-Domain MLP and CNN Transfer Learning for Biological Signal Processing: EEG and EMG,"In this work, we show the success of unsupervised transfer learning between Electroencephalographic (brainwave) classification and Electromyographic (muscular wave) domains with both MLP and CNN methods. To achieve this, signals are measured from both the brain and forearm muscles and EMG data is gathered from a 4-class gesture classification experiment via the Myo Armband, and a 3-class mental state EEG dataset is acquired via the Muse EEG Headband. A hyperheuristic multi-objective evolutionary search method is used to find the best network hyperparameters. We then use this optimised topology of deep neural network to classify both EMG and EEG signals, attaining results of 84.76% and 62.37% accuracy, respectively. Next, when pre-trained weights from the EMG classification model are used for initial distribution rather than random weight initialisation for EEG classification, 93.82%(+29.",2020,IEEE Access,Jordan J. Bird; Jhonatan Kobylarz; Diego R. Faria; Anikó Ekárt; Eduardo Parente Ribeiro,10.1109/access.2020.2979074,,https://doi.org/10.1109/access.2020.2979074,openalex,energy based model robot learning,concept,ebm,,102,,2026-06-12T18:05:07Z,15.317,15.317
doi:10.1186/s12984-019-0587-8,Learning and transfer of complex motor skills in virtual reality: a perspective review,"The development of more effective rehabilitative interventions requires a better understanding of how humans learn and transfer motor skills in real-world contexts. Presently, clinicians design interventions to promote skill learning by relying on evidence from experimental paradigms involving simple tasks, such as reaching for a target. While these tasks facilitate stringent hypothesis testing in laboratory settings, the results may not shed light on performance of more complex real-world skills. In this perspective, we argue that virtual environments (VEs) are flexible, novel platforms to evaluate learning and transfer of complex skills without sacrificing experimental control. Specifically, VEs use models of real-life tasks that afford controlled experimental manipulations to measure and guide behavior with a precision that exceeds the capabilities of physical environments. This paper",2019,Journal of NeuroEngineering and Rehabilitation,Danielle Levac; Meghan E. Huber; Dagmar Sternad,10.1186/s12984-019-0587-8,,https://doi.org/10.1186/s12984-019-0587-8,openalex,energy based model robot learning,concept,ebm,,272,skill learning,2026-06-12T18:05:07Z,15.305,16.305
doi:10.3389/frobt.2026.1798227,Automated capture and transfer of human facial expressions to humanoid robots for realistic patient simulation,"Realistic reproduction of human facial expressions is essential for realistic interactions between humans and humanoid robots. This work presents a data-driven framework for transferring human facial expressions to a humanoid robot and a virtual avatar, aiming to enhance emotional expressiveness and assess its applicability in psychiatric training scenarios. The proposed approach enables cross-domain facial expression mapping while accounting for mechanical constraints of robotic actuation. A user study (n = 40) evaluated emotion recognition across three stimulus categories: human faces (H), unconstrained virtual avatars (A) and humanoid robots with limited facial actuation (R). Participants identified emotions from static images and from dynamic expression sequences, presented with and without speech. Perceived realism and uncanny valley effects were assessed using an eight-item questio",2026,Frontiers in Robotics and AI,Patricia Schwarz; Sebastian Spanknebel; Diana Immel; Rene Hurlemann; Andreas Hein; Sandra Hellmers,10.3389/frobt.2026.1798227,,https://doi.org/10.3389/frobt.2026.1798227,crossref,EBM transformer robotics humanoid robot,concept,architecture_x_embodiment,,,EBM transformer robotics; humanoid robot; limitation,2026-06-12T15:07:36Z,15.300,16.300
doi:10.1186/s13677-023-00564-x,Security strategy for autonomous vehicle cyber-physical systems using transfer learning,"Abstract Cyber-physical systems (CPSs) are emergent systems that enable effective real-time communication and collaboration (C&C) of physical components such as control systems, sensors, actuators, and the surrounding environment through a cyber communication infrastructure. As such, autonomous vehicles (AVs) are one of the fields that have significantly adopted the CPS approach to improving people's lives in smart cities by reducing energy consumption and air pollution. Therefore, autonomous vehicle-cyber physical systems (AV-CPSs) have attracted enormous investments from major corporations and are projected to be widely used. However, AV-CPS is vulnerable to cyber and physical threat vectors due to the deep integration of information technology (IT), including cloud computing, with the communication process. Cloud computing is critical in providing the scalable infrastructure required ",2023,Journal of Cloud Computing Advances Systems and Applications,Abdulaziz A. Alsulami; Qasem Abu Al‐Haija; Badraddin Alturki; Ali Alqahtani; Raed Alsini,10.1186/s13677-023-00564-x,,https://doi.org/10.1186/s13677-023-00564-x,openalex,energy based model robot learning,concept,ebm,,28,,2026-06-12T18:26:24Z,15.284,15.284
doi:10.1155/2021/9916492,The Effect of Applying Robot‐Assisted Task‐Oriented Training Using Human‐Robot Collaborative Interaction Force Control Technology on Upper Limb Function in Stroke Patients: Preliminary Findings,"Stroke is one of the leading causes of death and the primary cause of acquired disability worldwide. Many stroke survivors have difficulty using their upper limbs, which have important functional roles in the performance of daily life activities. Consequently, the independence and quality of life of most stroke patients are reduced. Robot-assisted therapy is an effective intervention for improving the upper limb function of individuals with stroke. Human-robot collaborative interaction force control technology is critical for improving the flexibility and followability of the robot's motion, thereby improving rehabilitation training outcomes. However, there are few reports on the effect of robot-assisted rehabilitative training on upper limb function. We applied this technology using a robot to assist patients with task-oriented training. Posttreatment changes in Fugl-Meyer and modified ",2021,BioMed Research International,Qingming Qu; Yingnan Lin; Zhijie He; Jianghong Fu; Fei Zou; Zewu Jiang; Fengxian Guo; Jie Jia,10.1155/2021/9916492,,https://doi.org/10.1155/2021/9916492,openalex,robotics,concept,openalex_bulk_robotics,,31,force control,2026-06-12T18:57:17Z,15.283,15.283
doi:10.1038/s44172-023-00089-w,Lab2Field transfer of a robotic raspberry harvester enabled by a soft sensorized physical twin,"Abstract Robotic fruit harvesting requires dexterity to handle delicate crops and development relying upon field testing possible only during the harvesting season. Here we focus on raspberry crops, and explore how the research methodology of harvesting robots can be accelerated through soft robotic technologies. We propose and demonstrate a physical twin of the harvesting environment: a sensorized physical simulator of a raspberry plant with tunable properties, used to train a robotic harvester in the laboratory regardless of season. The sensors on the twin allow for direct comparison with human demonstrations, used to tune the robot controllers. In early field demonstrations, an 80% harvesting success rate was achieved without any modifications on the lab trained robot.",2023,Communications Engineering,Kai Junge; Catarina Pires; Josie Hughes,10.1038/s44172-023-00089-w,,https://doi.org/10.1038/s44172-023-00089-w,openalex,robotics,concept,openalex_bulk_robotics,,26,human demonstration,2026-06-12T18:57:17Z,15.248,15.248
doi:10.1007/s12369-010-0056-9,A Cross-cultural Study: Effect of Robot Appearance and Task,,2010,International Journal of Social Robotics,Dingjun Li; P. L. Patrick Rau; Ye Li,10.1007/s12369-010-0056-9,,https://doi.org/10.1007/s12369-010-0056-9,crossref,task and motion planning robotics,anti_myopia,classic,,429,motion planning; task and motion planning,2026-06-12T15:07:36Z,15.200,19.200
doi:10.1016/j.neucom.2022.11.076,A trajectory and force dual-incremental robot skill learning and generalization framework using improved dynamical movement primitives and adaptive neural network control,,2023,Neurocomputing,Zhenyu Lu; Ning Wang; Qinchuan Li; Chenguang Yang,10.1016/j.neucom.2022.11.076,,https://doi.org/10.1016/j.neucom.2022.11.076,crossref,control barrier functions robot learning,anti_myopia,control,,15,control barrier function; skill learning; generalization,2026-06-12T15:07:36Z,15.186,19.186
doi:10.1109/naps52732.2021.9654717,Risk-based Classical Failure Mode and Effect Analysis (FMEA) of Microgrid Cyber-physical Energy Systems,,2021,2021 North American Power Symposium (NAPS),Shravan Kumar Akula; Hossein Salehfar,10.1109/naps52732.2021.9654717,,https://doi.org/10.1109/naps52732.2021.9654717,crossref,robot foundation model failure mode,hostile,failure,,15,robot foundation model; failure mode,2026-06-12T15:07:36Z,15.186,20.186
doi:10.1109/toh.2021.3071626,Adaptive Human Force Scaling via Admittance Control for Physical Human-Robot Interaction,"The goal of this article is to design an admittance controller for a robot to adaptively change its contribution to a collaborative manipulation task executed with a human partner to improve the task performance. This has been achieved by adaptive scaling of human force based on her/his movement intention while paying attention to the requirements of different task phases. In our approach, movement intentions of human are estimated from measured human force and velocity of manipulated object, and converted to a quantitative value using a fuzzy logic scheme. This value is then utilized as a variable gain in an admittance controller to adaptively adjust the contribution of robot to the task without changing the admittance time constant. We demonstrate the benefits of the proposed approach by a pHRI experiment utilizing Fitts' reaching movement task. The results of the experiment show that ",2021,IEEE Transactions on Haptics,Yahya M. Hamad; Yusuf Aydın; Çağatay Başdoğan,10.1109/toh.2021.3071626,,https://doi.org/10.1109/toh.2021.3071626,openalex,energy based model robot learning,concept,ebm,,50,human robot interaction,2026-06-12T18:05:07Z,15.166,16.166
doi:10.1109/tmech.2022.3178303,Efficient Jacobian-Based Inverse Kinematics With Sim-to-Real Transfer of Soft Robots by Learning,"This article presents an efficient learning-based method to solve the inverse kinematic (IK) problem on soft robots with highly nonlinear deformation. The major challenge of efficiently computing IK for such robots is due to the lack of analytical formulation for either forward or inverse kinematics. To address this challenge, we employ neural networks to learn both the mapping function of forward kinematics and also the Jacobian of this function. As a result, Jacobian-based iteration can be applied to solve the IK problem. A sim-to-real training transfer strategy is conducted to make this approach more practical. We first generate a large number of samples in a simulation environment for learning both the kinematic and the Jacobian networks of a soft robot design. Thereafter, a sim-to-real layer of differentiable neurons is employed to map the results of simulation to the physical hardw",2022,IEEE/ASME Transactions on Mechatronics,Guoxin Fang; Yingjun Tian; Zhi-Xin Yang; Jo M. P. Geraedts; Charlie C. L. Wang,10.1109/tmech.2022.3178303,,https://doi.org/10.1109/tmech.2022.3178303,openalex,robotics,concept,openalex_bulk_robotics,,61,sim to real transfer,2026-06-12T18:57:17Z,15.164,16.164
doi:10.1126/scirobotics.adn4008,Intrinsic sense of touch for intuitive physical human-robot interaction,"The sense of touch is a property that allows humans to interact delicately with their physical environment. This article reports on a technological advancement in intuitive human-robot interaction that enables an intrinsic robotic sense of touch without the use of artificial skin or tactile instrumentation. On the basis of high-resolution joint-force-torque sensing in a redundant arrangement, we were able to let the robot sensitively feel the surrounding environment and accurately localize touch trajectories in space and time that were applied on its surface by a human. Through an intertwined combination of manifold learning techniques and artificial neural networks, the robot identified and interpreted those touch trajectories as machine-readable letters, symbols, or numbers. This opens up unexplored opportunities in terms of intuitive and flexible interaction between human and robot. F",2024,Science Robotics,Maged Iskandar; Alin Albu-Schäffer; Alexander Dietrich,10.1126/scirobotics.adn4008,,https://doi.org/10.1126/scirobotics.adn4008,crossref,EBM transformer robotics assistive robot,concept,architecture_x_embodiment,,58,EBM transformer robotics; assistive robot; human robot interaction,2026-06-12T15:07:36Z,15.139,15.139
doi:10.1016/j.mechmachtheory.2023.105472,Design optimization of soft robotic fingers biologically inspired by the fin ray effect with intrinsic force sensing,,2023,Mechanism and Machine Theory,Jiaqiang Yao; Yuefa Fang; Xin Yang; Peiyi Wang; Luquan Li,10.1016/j.mechmachtheory.2023.105472,,https://doi.org/10.1016/j.mechmachtheory.2023.105472,openalex,robotics,concept,openalex_bulk_robotics,,42,,2026-06-12T18:57:17Z,15.131,15.131
doi:10.1177/105971239500300301,Learning to Learn: Real-Time Features and a Connectionist Model,"Two experiments used classical conditioning to examine transfer of response features specific to the warning interval between a conditioned stimulus (CS) and an unconditioned stimulus (US). Rabbits were given initial training with a stimulus (CSA) in one modality (tone) at a designated interval (e.g., 200 ms). In a second stage, the conditioned response (CR) to CSA was extinguished. Finally, training was shifted to a new stimulus (CSB) in another modality (light) at a new interval (e.g., 400 ms). Compared to rest controls, there was an enhanced rate of CR acquisition to CSB and a tendency for early CRs to CSB to reflect the CSA-US interval. However, the extinction procedure and the change in CS-US interval together reduced these two aspects of transfer across stimulus modalities. The findings are discussed in terms of their implications for theories of cross-modal transfer. A layered net",1995,Adaptive Behavior,E. James Kehoe; Amanda J. Horne; Michaela Macrae,10.1177/105971239500300301,,https://doi.org/10.1177/105971239500300301,crossref,adaptive world action model,concept,architecture,,18,world action model; adaptive world action model,2026-06-12T15:07:36Z,15.122,16.122
doi:10.1061/jccee5.cpeng-5138,Robot-Assisted Immersive Kinematic Experience Transfer for Welding Training,"Human motor skills are critical for executing a variety range of tasks in construction. Traditional hands-on training is resource and labor intensive, whereas virtual training, such as video demonstrations, cannot provide trainees with egocentric kinesthetic or proprioceptive experience such as muscular engagement. It is important to develop remote training methods that can provide rich sensory feedback and leverage the trainee’s proprioception. This paper proposes a novel remote motor skill training system that can transfer experts’ kinematic and kinesthetic experience, including both positional and force experience, to novice trainees by using virtual reality (VR) and a robot arm without the physical presence of the experts. The system uses VR to simulate virtual operation scenarios and interactions to provide an immersive operation experience. The robotic system records experts’ kinem",2023,Journal of Computing in Civil Engineering,Yang Ye; Tianyu Zhou; Jing Du,10.1061/jccee5.cpeng-5138,,https://doi.org/10.1061/jccee5.cpeng-5138,openalex,robotics,concept,openalex_bulk_robotics,,37,proprioception,2026-06-12T18:57:17Z,15.119,15.119
doi:10.1007/s00521-021-05747-8,Composite dynamic movement primitives based on neural networks for human–robot skill transfer,"Abstract In this paper, composite dynamic movement primitives (DMPs) based on radial basis function neural networks (RBFNNs) are investigated for robots’ skill learning from human demonstrations. The composite DMPs could encode the position and orientation manipulation skills simultaneously for human-to-robot skills transfer. As the robot manipulator is expected to perform tasks in unstructured and uncertain environments, it requires the manipulator to own the adaptive ability to adjust its behaviours to new situations and environments. Since the DMPs can adapt to uncertainties and perturbation, and spatial and temporal scaling, it has been successfully employed for various tasks, such as trajectory planning and obstacle avoidance. However, the existing skill model mainly focuses on position or orientation modelling separately; it is a common constraint in terms of position and orientati",2021,Neural Computing and Applications,Weiyong Si; Ning Wang; Chenguang Yang,10.1007/s00521-021-05747-8,,https://doi.org/10.1007/s00521-021-05747-8,openalex,robotics,concept,openalex_bulk_robotics,,22,skill learning; human demonstration,2026-06-12T18:57:17Z,15.118,16.118
doi:10.1017/s0263574722001230,Zero-shot sim-to-real transfer of reinforcement learning framework for robotics manipulation with demonstration and force feedback,"Abstract In the field of robot reinforcement learning (RL), the reality gap has always been a problem that restricts the robustness and generalization of algorithms. We propose Simulation Twin (SimTwin) : a deep RL framework that can help directly transfer the model from simulation to reality without any real-world training. SimTwin consists of a RL module and an adaptive correct module. We train the policy using the soft actor-critic algorithm only in a simulator with demonstration and domain randomization. In the adaptive correct module, we design and train a neural network to simulate the human error correction process using force feedback. Subsequently, we combine the above two modules through digital twin to control real-world robots, correct simulator parameters by comparing the difference between simulator and reality automatically, and then generalize the correct action through t",2023,Robotica,Yuanpei Chen; Chao Zeng; Zhiping Wang; Peng Lu; Chenguang Yang,10.1017/s0263574722001230,,https://doi.org/10.1017/s0263574722001230,crossref,sim to real robot manipulation,concept,sim2real,,10,robot manipulation; sim to real transfer; domain randomization; generalization; robustness,2026-06-12T14:45:03Z,15.099,19.099
doi:10.3389/frobt.2021.645424,Robotic Ultrasound Scanning With Real-Time Image-Based Force Adjustment: Quick Response for Enabling Physical Distancing During the COVID-19 Pandemic,"During an ultrasound (US) scan, the sonographer is in close contact with the patient, which puts them at risk of COVID-19 transmission. In this paper, we propose a robot-assisted system that automatically scans tissue, increasing sonographer/patient distance and decreasing contact duration between them. This method is developed as a quick response to the COVID-19 pandemic. It considers the preferences of the sonographers in terms of how US scanning is done and can be trained quickly for different applications. Our proposed system automatically scans the tissue using a dexterous robot arm that holds US probe. The system assesses the quality of the acquired US images in real-time. This US image feedback will be used to automatically adjust the US probe contact force based on the quality of the image frame. The quality assessment algorithm is based on three US image features: correlation, c",2021,Frontiers in Robotics and AI,Mojtaba Akbari; Jay Carriere; Tyler Meyer; Ron S. Sloboda; Siraj Husain; Nawaid Usmani; Mahdi Tavakoli,10.3389/frobt.2021.645424,,https://doi.org/10.3389/frobt.2021.645424,openalex,robotics,concept,openalex_bulk_robotics,,41,,2026-06-12T18:57:17Z,15.069,15.069
doi:10.1016/j.enbuild.2021.110860,Reinforcement learning of occupant behavior model for cross-building transfer learning to various HVAC control systems,,2021,Energy and Buildings,Zhipeng Deng; Qingyan Chen,10.1016/j.enbuild.2021.110860,,https://doi.org/10.1016/j.enbuild.2021.110860,crossref,energy based model robot learning,concept,ebm,,92,,2026-06-12T15:07:36Z,15.066,15.066
doi:10.1142/s2424905x17400050,Investigation of the Effect of Weighting between sEMG and Interaction Force in Intention Extraction for the Control of an Upper-Limb Assistive Device,We investigated the effect of the weighting between surface electromyography (sEMG) and interaction force for user intention extraction for the control of an upper-limb assistive device. A point-to-point vertical arm lifting task was performed by two age-segregated cohorts including 10 young subjects and 10 elderly subjects. The performance in terms of muscular effort and repeatability was analyzed. The elderly and young group showed age-dependent differences in terms of muscular effort with distinct sEMG weights.,2017,Journal of Medical Robotics Research,Sangjoon J. Kim; Hyosang Lee; Jung Kim,10.1142/s2424905x17400050,,https://doi.org/10.1142/s2424905x17400050,crossref,EBM transformer robotics assistive robot,concept,architecture_x_embodiment,,1,EBM transformer robotics; assistive robot,2026-06-12T15:07:36Z,15.047,15.047
doi:10.1123/mcj.10.4.359,Force Coordination in Static Bimanual Manipulation: Effect of Handedness,"The purpose of this study was to explore the effects of handedness on coordination of grip (G) and load (L) forces in static bimanual manipulation tasks. Participants ( N = 10) exerted various L profiles against an externally fixed hand-held device based on presumably open-loop and closed-loop neural control mechanisms, (i.e., mediated and not mediated, respectively, by sensory feedback). Average G/L ratio and the coupling of G and L (i.e., stability of the G/L ratio and correlation between G and L) were separately assessed in each hand. The results revealed a lower average G/L ratio in the non-dominant hand suggesting a more economical grip, while the indices of G and L coupling were similar in two hands. The dominant and non-dominant hand failed to reveal relative advantages in the tasks predominantly based on open- and closed-loop control mechanisms, respectively. We conclude that, du",2006,Motor Control,Leanna Ferrand; Slobodan Jaric,10.1123/mcj.10.4.359,,https://doi.org/10.1123/mcj.10.4.359,crossref,EBM transformer robotics bimanual manipulation,concept,architecture_x_embodiment,,17,EBM transformer robotics; bimanual manipulation,2026-06-12T15:07:36Z,15.045,15.045
doi:10.1103/physreva.84.015802,Magnus force effect in optical manipulation,,2011,Physical Review A,Gabriella Cipparrone; Raul Josue Hernandez; Pasquale Pagliusi; Clementina Provenzano,10.1103/physreva.84.015802,,https://doi.org/10.1103/physreva.84.015802,crossref,physical reasoning robotics manipulation,concept,physical_reasoning,,16,,2026-06-12T15:07:36Z,15.017,15.017
doi:10.1016/j.enconman.2024.118398,Improving cross-site generalisability of vision-based solar forecasting models with physics-informed transfer learning,,2024,Energy Conversion and Management,Quentin Paletta; Yuhao Nie; Yves-Marie Saint-Drenan; Bertrand Le Saux,10.1016/j.enconman.2024.118398,,https://doi.org/10.1016/j.enconman.2024.118398,crossref,physics informed robot learning,concept,architecture,,24,physics informed robot learning,2026-06-12T15:07:36Z,15.009,15.009
doi:10.1002/mrm.29748,Bloch simulator–driven deep recurrent neural network for magnetization transfer contrast MR fingerprinting and CEST imaging,"Purpose To develop a unified deep‐learning framework by combining an ultrafast Bloch simulator and a semisolid macromolecular magnetization transfer contrast (MTC) MR fingerprinting (MRF) reconstruction for estimation of MTC effects. Methods The Bloch simulator and MRF reconstruction architectures were designed with recurrent neural networks and convolutional neural networks, evaluated with numerical phantoms with known ground truths and cross‐linked bovine serum albumin phantoms, and demonstrated in the brain of healthy volunteers at 3 T. In addition, the inherent magnetization‐transfer ratio asymmetry effect was evaluated in MTC‐MRF, CEST, and relayed nuclear Overhauser enhancement imaging. A test–retest study was performed to evaluate the repeatability of MTC parameters, CEST, and relayed nuclear Overhauser enhancement signals estimated by the unified deep‐learning framework. Results ",2023,Magnetic Resonance in Medicine,Munendra Singh; Shanshan Jiang; Yuguo Li; Peter van Zijl; Jinyuan Zhou; Hye‐Young Heo,10.1002/mrm.29748,,https://doi.org/10.1002/mrm.29748,crossref,neural simulator robotics,concept,architecture,,32,neural simulator robotics; robustness,2026-06-12T15:07:36Z,14.998,15.998
doi:10.15607/rss.2024.xx.093,Pushing the Limits of Cross-Embodiment Learning for Manipulation and Navigation,,2024,Robotics: Science and Systems XX,Jonathan Yang; Catherine Glossop; Arjun Bhorkar; Dhruv Shah; Quan Vuong; Chelsea Finn; Dorsa Sadigh; Sergey Levine,10.15607/rss.2024.xx.093,,https://doi.org/10.15607/rss.2024.xx.093,crossref,contact rich manipulation learning,concept,contact,,23,contact rich manipulation,2026-06-12T15:07:36Z,14.989,14.989
doi:10.1109/tcyb.2022.3158029,Modified Dynamic Movement Primitives: Robot Trajectory Planning and Force Control Under Curved Surface Constraints,,2023,IEEE Transactions on Cybernetics,Liang Han; Han Yuan; Wenfu Xu; Yunzhi Huang,10.1109/tcyb.2022.3158029,,https://doi.org/10.1109/tcyb.2022.3158029,crossref,trajectory transformer robot control,concept,transformers,,33,trajectory transformer; force control,2026-06-12T15:07:36Z,14.963,14.963
doi:10.1016/j.engappai.2025.110956,Physics-informed dual guidance method using physical envelope harmonic distribution and transfer learning for few-shot gear fault classification,,2025,Engineering Applications of Artificial Intelligence,Kun Yue; Liming Wang; Xiaoxi Ding; Wennian Yu; Zaigang Chen; Wenbin Huang,10.1016/j.engappai.2025.110956,,https://doi.org/10.1016/j.engappai.2025.110956,crossref,physics informed robot learning,concept,architecture,,14,physics informed robot learning,2026-06-12T15:07:36Z,14.954,14.954
doi:10.1126/scirobotics.adn3802,Surmounting the ceiling effect of motor expertise by novel sensory experience with a hand exoskeleton,"For trained individuals such as athletes and musicians, learning often plateaus after extensive training, known as the “ceiling effect.” One bottleneck to overcome it is having no prior physical experience with the skill to be learned. Here, we challenge this issue by exposing expert pianists to fast and complex finger movements that cannot be performed voluntarily, using a hand exoskeleton robot that can move individual fingers quickly and independently. Although the skill of moving the fingers quickly plateaued through weeks of piano practice, passive exposure to otherwise impossible complex finger movements generated by the exoskeleton robot at a speed faster than the pianists’ fastest one enabled them to play faster. Neither a training for fast but simple finger movements nor one for slow but complex movements with the exoskeleton enhanced the overtrained motor skill. The exoskeleton",2025,Science Robotics,Shinichi Furuya; Takanori Oku; Hayato Nishioka; Masato Hirano,10.1126/scirobotics.adn3802,,https://doi.org/10.1126/scirobotics.adn3802,crossref,EBM transformer robotics robot hand,concept,architecture_x_embodiment,,26,EBM transformer robotics; robot hand,2026-06-12T15:07:36Z,14.948,14.948
doi:10.1145/3610977.3634975,Feel the Bite: Robot-Assisted Inside-Mouth Bite Transfer using Robust Mouth Perception and Physical Interaction-Aware Control,,2024,Proceedings of the 2024 ACM/IEEE International Conference on Human-Robot Interaction,Rajat Kumar Jenamani; Daniel Stabile; Ziang Liu; Abrar Anwar; Katherine Dimitropoulou; Tapomayukh Bhattacharjee,10.1145/3610977.3634975,,https://doi.org/10.1145/3610977.3634975,crossref,Gaussian splatting robot perception,concept,architecture,,21,Gaussian splatting robot perception,2026-06-12T15:07:36Z,14.946,14.946
doi:10.1109/icra46639.2022.9811651,Real2Sim2Real: Self-Supervised Learning of Physical Single-Step Dynamic Actions for Planar Robot Casting,"This paper introduces the task of Planar Robot Casting (PRC): where one planar motion of a robot arm holding one end of a cable causes the other end to slide across the plane toward a desired target. PRC allows the cable to reach points beyond the robot workspace and has applications for cable management in homes, warehouses, and factories. To efficiently learn a PRC policy for a given cable, we propose Real2Sim2Real, a self-supervised framework that automatically collects physical trajectory examples to tune parameters of a dynamics simulator using Differential Evolution, generates many simulated examples, and then learns a policy using a weighted combination of simulated and physical data. We evaluate Real2Sim2Real with three simulators, Isaac Gym-segmented, Isaac Gym-hybrid, and PyBullet, two function approximators, Gaussian Processes and Neural Networks (NNs), and three cables with d",2022,2022 International Conference on Robotics and Automation (ICRA),Vincent Lim; Huang Huang; Lawrence Yunliang Chen; Jonathan Wang; Jeffrey Ichnowski; Daniel Seita; Michael Laskey; Ken Goldberg,10.1109/icra46639.2022.9811651,,https://doi.org/10.1109/icra46639.2022.9811651,openalex,robotics,concept,openalex_bulk_robotics,,39,self supervised learning,2026-06-12T18:57:17Z,14.944,14.944
doi:10.1109/access.2022.3202941,"Three-Dimension Digital Twin Reference Architecture Model for Functionality, Dependability, and Life Cycle Development Across Industries","The Digital Twin concept promises numerous applications across industries and its physical twin’s entire life cycle. Although numerous architectures have been proposed to develop and describe the setup of Digital Twin applications, current Digital Twin architectures do not address the versatile cross-industry character of the Digital Twin concept, its safety, security, and privacy aspects, and are often use case-specific and inflexible. We propose a three-dimensional Digital Twin reference architecture model for application across industries, considering functionality, dependability, and life cycle aspects. Our model provides practitioners a common platform to develop and discuss Digital Twin applications of different complexities and dependability aspects along varying life cycles and independent of the industry. Its applicability is validated and showcased by examples from the fields o",2022,IEEE Access,Sebastian Richard Newrzella; David W. Franklin; Sultan Haider,10.1109/access.2022.3202941,,https://doi.org/10.1109/access.2022.3202941,openalex,energy based model robot learning,concept,ebm,,38,limitation,2026-06-12T18:26:24Z,14.932,15.932
doi:10.1109/cvpr.2015.7298860,Learning a non-linear knowledge transfer model for cross-view action recognition,,2015,2015 IEEE Conference on Computer Vision and Pattern Recognition (CVPR),Hossein Rahmani; Ajmal Mian,10.1109/cvpr.2015.7298860,,https://doi.org/10.1109/cvpr.2015.7298860,crossref,vision language action model limitation robotics,hostile,failure,,102,vision language action model; limitation,2026-06-12T15:07:36Z,14.917,19.917
doi:10.1049/cit2.12331,Transfer force perception skills to robot‐assisted laminectomy via imitation learning from human demonstrations,"Abstract A comparative study of two force perception skill learning approaches for robot‐assisted spinal surgery, the impedance model method and the imitation learning (IL) method, is presented. The impedance model method develops separate models for the surgeon and patient, incorporating spring‐damper and bone‐grinding models. Expert surgeons' feature parameters are collected and mapped using support vector regression and image navigation techniques. The imitation learning approach utilises long short‐term memory networks (LSTM) and addresses accurate data labelling challenges with custom models. Experimental results demonstrate skill recognition rates of 63.61%–74.62% for the impedance model approach, relying on manual feature extraction. Conversely, the imitation learning approach achieves a force perception recognition rate of 91.06%, outperforming the impedance model on curved bone ",2024,CAAI Transactions on Intelligence Technology,Meng Li; Xiaozhi Qi; Xiaoguang Han; Ying Hu; Bing Li; Yu Zhao; Jianwei Zhang,10.1049/cit2.12331,,https://doi.org/10.1049/cit2.12331,crossref,learning robot manipulation from human video,concept,human_data,,9,robot manipulation; skill learning; imitation learning; human demonstration,2026-06-12T15:07:36Z,14.901,14.901
doi:10.1016/j.robot.2021.103872,Domain adversarial transfer for cross-domain and task-constrained grasp pose detection,,2021,Robotics and Autonomous Systems,Xingshuo Jing; Kun Qian; Xin Xu; Jishen Bai; Bo Zhou,10.1016/j.robot.2021.103872,,https://doi.org/10.1016/j.robot.2021.103872,crossref,task and motion planning robotics,anti_myopia,classic,,19,motion planning; task and motion planning,2026-06-12T15:07:36Z,14.898,18.898
doi:10.1109/tase.2024.3370139,A Dynamic Movement Primitives-Based Tool Use Skill Learning and Transfer Framework for Robot Manipulation,,2025,IEEE Transactions on Automation Science and Engineering,Zhenyu Lu; Ning Wang; Chenguang Yang,10.1109/tase.2024.3370139,,https://doi.org/10.1109/tase.2024.3370139,crossref,robot world models manipulation,concept,world_models,,12,robot world model; robot manipulation; skill learning,2026-06-12T15:07:36Z,14.882,14.882
doi:10.1109/lra.2022.3154469,Human-Robot Variable Impedance Skills Transfer Learning Based on Dynamic Movement Primitives,,2022,IEEE Robotics and Automation Letters,Xinbo Yu; Peisen Liu; Wei He; Yu Liu; Qi Chen; Liang Ding,10.1109/lra.2022.3154469,,https://doi.org/10.1109/lra.2022.3154469,crossref,energy based model robot learning,concept,ebm,,42,,2026-06-12T15:07:36Z,14.881,14.881
doi:10.1177/0278364920946815,"Geometry-aware manipulability learning, tracking, and transfer","Body posture influences human and robot performance in manipulation tasks, as appropriate poses facilitate motion or the exertion of force along different axes. In robotics, manipulability ellipsoids arise as a powerful descriptor to analyze, control, and design the robot dexterity as a function of the articulatory joint configuration. This descriptor can be designed according to different task requirements, such as tracking a desired position or applying a specific force. In this context, this article presents a novel manipulability transfer framework, a method that allows robots to learn and reproduce manipulability ellipsoids from expert demonstrations. The proposed learning scheme is built on a tensor-based formulation of a Gaussian mixture model that takes into account that manipulability ellipsoids lie on the manifold of symmetric positive-definite matrices. Learning is coupled wit",2021,The International Journal of Robotics Research,Noémie Jaquier; Leonel Rozo; Darwin G Caldwell; Sylvain Calinon,10.1177/0278364920946815,,https://doi.org/10.1177/0278364920946815,crossref,robotics,concept,crossref_bulk_robotics,,57,,2026-06-12T19:29:26Z,14.880,14.880
doi:10.20965/jrm.2025.p0895,Variable-Sensitivity Force Sensor Utilizing Modified Cross-Sectional Shape,"Force sensors require different measurement ranges and sensitivities depending on the operating environment. Therefore, we developed a force sensor with both variable sensitivity and measurement range based on structural modification induced by simple bending. In our previous study, we changed the distance between the force application point and the detection area. However, it was necessary to change the position and direction of the measured force. Therefore, in the present study, we changed the cross-sectional shape of the sensor. First, we introduce the theoretical basis for the proposed force sensor. We then describe prototype sensors and the experimental methods used to determine their performance. We fabricated the prototypes by attaching a strain gauge to one side of shape-memory polymer plates, which can be deformed at temperatures above the glass transition temperature (T g ) by",2025,Journal of Robotics and Mechatronics,Kazuto Takashima; Shunsuke Tsuji; Kengo Ota,10.20965/jrm.2025.p0895,,https://doi.org/10.20965/jrm.2025.p0895,crossref,robotics,concept,crossref_bulk_robotics,,2,,2026-06-12T19:29:26Z,14.849,14.849
doi:10.1109/roman.2013.6628441,What makes people empathize with an emotional robot?: The impact of agency and physical embodiment on human empathy for a robot,"As empathy is important for the emotional interaction between a human and a robot, the design factors which induce human empathy toward robots need to be explored. Human empathy toward a robot can be affected by the presence of a robot. Thus, we focused on the levels of agency and the physical embodiment of a robot, which are influential factors pertaining to social presence, by executing two experiments. In the first experiment, in a 2 (levels of agency: mediated vs. simulated) between-participants experiment, participants interacted with either a mediated robot which delivers the emotional state of a remote user or a simulated robot which expresses its own emotion. Participants empathized more with the mediated robot than with the simulated robot, demonstrating that the proper form of an emotional robot is as a mediator during emotional interaction between people. In the second study, ",2013,,Sonya S. Kwak; Yunkyung Kim; Eunho Kim; Christine Shin; Kwangsu Cho,10.1109/roman.2013.6628441,,https://doi.org/10.1109/roman.2013.6628441,openalex,robotics,concept,openalex_bulk_robotics,,142,human robot interaction,2026-06-12T18:57:17Z,14.831,14.831
doi:10.1299/jsmermd.2021.1p2-a14,Evaluation of assistive effect of the semi-crouching assist device based on posture and assistive force information during agricultural work.,,2021,The Proceedings of JSME annual Conference on Robotics and Mechatronics (Robomec),Naoki SAITO; Takashi MIURA; Daisuke FURUKAWA; Toshiyuki SATOH; Norihiko SAGA,10.1299/jsmermd.2021.1p2-a14,,https://doi.org/10.1299/jsmermd.2021.1p2-a14,crossref,EBM transformer robotics assistive robot,concept,architecture_x_embodiment,,,EBM transformer robotics; assistive robot,2026-06-12T15:07:36Z,14.800,15.800
doi:10.1016/j.knosys.2025.113694,SPMFormer: Simplified Physical Model-based transformer with cross-space loss for underwater image enhancement,,2025,Knowledge-Based Systems,Zhuohao Li; Qichao Chen; Jianming Miao,10.1016/j.knosys.2025.113694,,https://doi.org/10.1016/j.knosys.2025.113694,crossref,transformer energy based model robotics,concept,ebm_transformer,,10,energy based model robotics,2026-06-12T15:07:36Z,14.799,14.799
doi:10.3233/idt-240169,Utilization of transformer model in multimodal data fusion learning: Cross-modal knowledge transfer in the new generation learning space,"In response to the difficulties in integrating multimodal data and insufficient model generalization ability in traditional cross-modal knowledge transfer, this article used the Transformer model to explore it in the new generation learning space. Firstly, the article analyzed the processing methods of data and models in cross-modal knowledge transfer, and explored the application of Transformer models in the learning space. This model used natural language processing to represent and extract textual features, Mel Frequency Cepstral Coefficients (MFCCs) to represent and extract audio features, and Faster R-CNN (Faster Region-based Convolutional Neural Network) to represent and extract image features. The article also discussed the implementation process of the Transformer model functionality. The experiment used data from four datasets, including Quora Question Pairs, to test the perform",2024,Intelligent Decision Technologies,Qing Ma,10.3233/idt-240169,,https://doi.org/10.3233/idt-240169,crossref,decision transformer robotics,concept,architecture,,3,decision transformer robotics; generalization,2026-06-12T14:45:03Z,14.793,15.793
doi:10.3389/fncom.2019.00053,Multi-method Fusion of Cross-Subject Emotion Recognition Based on High-Dimensional EEG Features,"Emotion recognition using electroencephalogram (EEG) signals has attracted significant research attention. However, it is difficult to improve the emotional recognition effect across subjects. In response to this difficulty, in this study, multiple features were extracted for the formation of high-dimensional features. Based on the high-dimensional features, an effective method for cross-subject emotion recognition was then developed, which integrated the significance test/sequential backward selection and the support vector machine (ST-SBSSVM). The effectiveness of the ST-SBSSVM was validated on a dataset for emotion analysis using physiological signals (DEAP) and the SJTU Emotion EEG Dataset (SEED). With respect to high-dimensional features, the ST-SBSSVM average improved the accuracy of cross-subject emotion recognition by 12.4% on the DEAP and 26.5% on the SEED when compared with com",2019,Frontiers in Computational Neuroscience,Fu Yang; Xingcong Zhao; Wenge Jiang; Pengfei Gao; Guangyuan Liu,10.3389/fncom.2019.00053,,https://doi.org/10.3389/fncom.2019.00053,openalex,energy based model robot learning,concept,ebm,,95,,2026-06-12T18:26:24Z,14.782,14.782
doi:10.1109/lra.2022.3233261,Policy Optimization to Learn Adaptive Motion Primitives in Path Planning With Dynamic Obstacles,,2023,IEEE Robotics and Automation Letters,Brian Angulo; Aleksandr Panov; Konstantin Yakovlev,10.1109/lra.2022.3233261,,https://doi.org/10.1109/lra.2022.3233261,crossref,mixture of experts robot policy,concept,architecture,,22,mixture of experts robot policy,2026-06-12T15:07:36Z,14.768,14.768
doi:10.1126/scirobotics.abn1944,Fully body visual self-modeling of robot morphologies,"Internal computational models of physical bodies are fundamental to the ability of robots and animals alike to plan and control their actions. These “self-models” allow robots to consider outcomes of multiple possible future actions without trying them out in physical reality. Recent progress in fully data-driven self-modeling has enabled machines to learn their own forward kinematics directly from task-agnostic interaction data. However, forward kinematic models can only predict limited aspects of the morphology, such as the position of end effectors or velocity of joints and masses. A key challenge is to model the entire morphology and kinematics without prior knowledge of what aspects of the morphology will be relevant to future tasks. Here, we propose that instead of directly modeling forward kinematics, a more useful form of self-modeling is one that could answer space occupancy que",2022,Science Robotics,Boyuan Chen; Robert Kwiatkowski; Carl Vondrick; Hod Lipson,10.1126/scirobotics.abn1944,,https://doi.org/10.1126/scirobotics.abn1944,crossref,recurrent robot policy,concept,architecture,,61,recurrent robot policy; motion planning,2026-06-12T15:07:36Z,14.764,15.764
doi:10.1016/j.aei.2024.102836,A fast transfer reinforcement learning model for transferring force-based human speed adjustment skills to robots for collaborative assembly posture alignment,,2024,Advanced Engineering Informatics,Hanlei Sun; Tie Zhang; Jianda Han; Hubo Chu,10.1016/j.aei.2024.102836,,https://doi.org/10.1016/j.aei.2024.102836,crossref,model based reinforcement learning robotics,concept,architecture,,14,model based reinforcement learning robotics,2026-06-12T15:07:36Z,14.754,14.754
doi:10.1109/lra.2025.3535182,LEGATO: Cross-Embodiment Imitation Using a Grasping Tool,,2025,IEEE Robotics and Automation Letters,Mingyo Seo; H. Andy Park; Shenli Yuan; Yuke Zhu; Luis Sentis,10.1109/lra.2025.3535182,,https://doi.org/10.1109/lra.2025.3535182,crossref,Gaussian splatting robot perception tool use robotics,concept,architecture_x_embodiment,,9,Gaussian splatting robot perception; tool use robotics,2026-06-12T15:07:36Z,14.751,14.751
doi:10.1016/j.jobe.2025.113341,Transfer learning for cross-building forecasting of building energy and indoor air temperature in model predictive control applications,,2025,Journal of Building Engineering,Hongwen Dou; Kun Zhang,10.1016/j.jobe.2025.113341,,https://doi.org/10.1016/j.jobe.2025.113341,crossref,model predictive control robot learning,anti_myopia,control,,2,model predictive control,2026-06-12T15:07:36Z,14.749,18.749
doi:10.18653/v1/2024.alvr-1.13,Improving Vision-Language Cross-Lingual Transfer with Scheduled Unfreezing,,2024,Proceedings of the 3rd Workshop on Advances in Language and Vision Research (ALVR),Max Reinhardt; Gregor Geigle; Radu Timofte; Goran Glavaš,10.18653/v1/2024.alvr-1.13,,https://doi.org/10.18653/v1/2024.alvr-1.13,crossref,vision language action model limitation robotics,hostile,failure,,1,vision language action model; limitation,2026-06-12T15:07:36Z,14.747,19.747
doi:10.1016/j.jobe.2024.109424,Fault diagnosis for cross-building energy systems based on transfer learning and model interpretation,,2024,Journal of Building Engineering,Liang Chen; Guannan Li; Jiangyan Liu; Lamei Liu; Chunzhi Zhang; Jiajia Gao; Chengliang Xu; Xi Fang; Zhanpeng Yao,10.1016/j.jobe.2024.109424,,https://doi.org/10.1016/j.jobe.2024.109424,crossref,energy based model robot learning,concept,ebm,,13,,2026-06-12T17:50:07Z,14.720,14.720
doi:10.3390/s19224925,Magnetic-based Soft Tactile Sensors with Deformable Continuous Force Transfer Medium for Resolving Contact Locations in Robotic Grasping and Manipulation,"The resolution of contact location is important in many applications in robotics and automation. This is generally done by using an array of contact or tactile receptors, which increases cost and complexity as the required resolution or area is increased. Tactile sensors have also been developed using a continuous deformable medium between the contact and the receptors, which allows few receptors to interpolate the information among them, avoiding the weakness highlighted in the former approach. The latter is generally used to measure contact force intensity or magnitude but rarely used to identify the contact locations. This paper presents a systematic design and characterisation procedure for magnetic-based soft tactile sensors (utilizing the latter approach with the deformable contact medium) with the goal of locating the contact force location. This systematic procedure provides cond",2019,Sensors,Alireza Mohammadi; Yangmengfei Xu; Ying Tan; Peter Choong; Denny Oetomo,10.3390/s19224925,,https://doi.org/10.3390/s19224925,crossref,contact rich manipulation learning,concept,contact,,50,contact rich manipulation,2026-06-12T15:07:36Z,14.716,14.716
doi:10.1016/j.rcim.2017.05.011,Design of a force-controlled end-effector with low-inertia effect for robotic polishing using macro-mini robot approach,,2017,Robotics and Computer-Integrated Manufacturing,Abdelkhalick Mohammad; Jie Hong; Danwei Wang,10.1016/j.rcim.2017.05.011,,https://doi.org/10.1016/j.rcim.2017.05.011,openalex,robotics,concept,openalex_bulk_robotics,,201,force control,2026-06-12T18:57:17Z,14.704,14.704
doi:10.1561/9781680835472,Embodiment in Socially Interactive Robots,"Socially interactive robots provide entertainment, information, and/or assistance; this last category is typically encompassed by socially assistive robotics. In all cases, such robots can achieve their primary functions without performing functional physical work. This monograph reviews the existing work that explores the role of physical embodiment in socially interactive robots. This class consists of robots that are not only capable of engaging in social interaction with humans, but are using primarily their social capabilities to perform their desired functions. This monograph explores the embodiment hypothesis that physical embodiment has a measurable effect on performance and perception of social interactions in socially interactive robotics. It presents a thorough review of existing work and analyzes existing results and approaches to embodiment to determine the current state of ",2019,"now publishers, Inc. eBooks",Eric Deng; Bilge Mutlu; Maja J. Matarić,10.1561/9781680835472,,https://doi.org/10.1561/9781680835472,openalex,robotics,concept,openalex_bulk_robotics,,81,assistive robot,2026-06-12T18:57:17Z,14.703,14.703
doi:10.1115/dscc2016-9920,Hysteresis Compensation for Ground Contact Force Measurement With Shoe-Embedded Air Pressure Sensors,"This paper reviews the design of smart shoes, a wearable device that measures ground contact forces (GCFs) for gait analysis. Smart shoes utilize four coils of silicone tubes adhered directly underneath the shoe insole at key points of interest. Air pressure sensors connect to each tube coil to measure pressure changes caused by compression. This paper presents static and dynamic calibration performed on each sensing coil to establish a model of internal pressure and the GCF. Based on the model, a phase lead filter is designed to account for the hysteresis effect and visco-elastic properties of the silicone tube in order to provide accurate GCF measurements. To design this filter, the air bladder is modeled using a standard linear solid (SLS) model. The prediction error minimization (PEM) algorithm is then implemented to identify the continuous-time transfer function of this SLS model, w",2016,"Volume 1: Advances in Control Design Methods, Nonlinear and Optimal Control, Robotics, and Wind Energy Systems; Aerospace Applications; Assistive and Rehabilitation Robotics; Assistive Robotics; Battery and Oil and Gas Systems; Bioengineering Applications; Biomedical and Neural Systems Modeling, Diagnostics and Healthcare; Control and Monitoring of Vibratory Systems; Diagnostics and Detection; Energy Harvesting; Estimation and Identification; Fuel Cells/Energy Storage; Intelligent Transportation",Prudhvi Tej Chinimilli; Sean Wolfgang Wachtel; Panagiotis Polygerinos; Wenlong Zhang,10.1115/dscc2016-9920,,https://doi.org/10.1115/dscc2016-9920,crossref,EBM transformer robotics assistive robot,concept,architecture_x_embodiment,,10,EBM transformer robotics; assistive robot; hysteresis,2026-06-12T15:07:36Z,14.699,15.699
doi:10.1080/01691864.2025.2469695,Physical therapy massage robot system with human motion tracking and finger-pressing force control,,2025,Advanced Robotics,Naoya Harada; Michiteru Kitazaki; Ryosuke Tasaki,10.1080/01691864.2025.2469695,,https://doi.org/10.1080/01691864.2025.2469695,crossref,physical reasoning robotics manipulation,concept,physical_reasoning,,8,force control,2026-06-12T15:07:36Z,14.699,14.699
doi:10.1109/icra40945.2020.9196593,Arm-hand motion-force coordination for physical interactions with non-flat surfaces using dynamical systems: Toward compliant robotic massage,,2020,2020 IEEE International Conference on Robotics and Automation (ICRA),Mahdi Khoramshahi; Gustav Henriks; Aileen Naef; Seyed Sina Mirrazavi Salehian; Joonyoung Kim; Aude Billard,10.1109/icra40945.2020.9196593,,https://doi.org/10.1109/icra40945.2020.9196593,crossref,hybrid dynamical systems robotics,anti_myopia,anti_thesis,,19,hybrid dynamical systems robotics,2026-06-12T15:07:36Z,14.698,17.698
doi:10.1016/j.engfailanal.2023.107573,Study on cross-scale temperature effect and damage failure evolution constitutive model of phthalazine ether sulfone ketone,,2023,Engineering Failure Analysis,Tianqi Zhu; Liangliang Shen; Xin Zhou; Chenglong Xiao; Gang Zhao; Xigao Jian; Jian Xu; Zhiying Ren,10.1016/j.engfailanal.2023.107573,,https://doi.org/10.1016/j.engfailanal.2023.107573,crossref,robot world model failure,anti_myopia,anti_thesis,,5,robot world model; robot world model failure,2026-06-12T15:07:36Z,14.696,18.696
doi:10.1080/01691864.2015.1120240,A method of vertical and horizontal force estimation by using air-filled material and camera for soft physical human-robot interaction: fundamental experiments,,2016,Advanced Robotics,Suwoong Lee; Soono Kwon; Youngwoo Kim; Kangwon Lee,10.1080/01691864.2015.1120240,,https://doi.org/10.1080/01691864.2015.1120240,crossref,EBM transformer robotics soft robot manipulation,concept,architecture_x_embodiment,,5,EBM transformer robotics; robot manipulation; soft robot manipulation; human robot interaction,2026-06-12T15:07:36Z,14.696,14.696
doi:10.18653/v1/2022.emnlp-main.400,Toward the Limitation of Code-Switching in Cross-Lingual Transfer,,2022,Proceedings of the 2022 Conference on Empirical Methods in Natural Language Processing,Yukun Feng; Feng Li; Philipp Koehn,10.18653/v1/2022.emnlp-main.400,,https://doi.org/10.18653/v1/2022.emnlp-main.400,crossref,vision language action model limitation robotics,hostile,failure,,3,vision language action model; limitation,2026-06-12T15:07:36Z,14.693,19.693
doi:10.1371/journal.pone.0292341,An interpretable machine learning model of cross-sectional U.S. county-level obesity prevalence using explainable artificial intelligence,"BACKGROUND: There is considerable geographic heterogeneity in obesity prevalence across counties in the United States. Machine learning algorithms accurately predict geographic variation in obesity prevalence, but the models are often uninterpretable and viewed as a black-box. OBJECTIVE: The goal of this study is to extract knowledge from machine learning models for county-level variation in obesity prevalence. METHODS: This study shows the application of explainable artificial intelligence methods to machine learning models of cross-sectional obesity prevalence data collected from 3,142 counties in the United States. County-level features from 7 broad categories: health outcomes, health behaviors, clinical care, social and economic factors, physical environment, demographics, and severe housing conditions. Explainable methods applied to random forest prediction models include feature im",2023,PLoS ONE,Ben Allen,10.1371/journal.pone.0292341,,https://doi.org/10.1371/journal.pone.0292341,openalex,energy based model robot learning,concept,ebm,,15,,2026-06-12T18:26:24Z,14.686,14.686
doi:10.1016/j.eswa.2022.118807,Integration of deep adaptation transfer learning and online sequential extreme learning machine for cross-person and cross-position activity recognition,,2023,Expert Systems with Applications,Quansheng Xu; Xifei Wei; Ruxue Bai; Shiming Li; Zong Meng,10.1016/j.eswa.2022.118807,,https://doi.org/10.1016/j.eswa.2022.118807,crossref,online adaptation robot learning,concept,adaptation,,18,online adaptation,2026-06-12T15:07:36Z,14.672,14.672
doi:10.1109/icra40945.2020.9196611,Learn-to-Recover: Retrofitting UAVs with Reinforcement Learning-Assisted Flight Control Under Cyber-Physical Attacks,,2020,2020 IEEE International Conference on Robotics and Automation (ICRA),Fan Fei; Zhan Tu; Dongyan Xu; Xinyan Deng,10.1109/icra40945.2020.9196611,,https://doi.org/10.1109/icra40945.2020.9196611,crossref,model based reinforcement learning robotics,concept,architecture,,60,model based reinforcement learning robotics,2026-06-12T15:07:36Z,14.655,14.655
doi:10.2139/ssrn.6215488,Improving Cross-Basin Flood Prediction in Data-Scarce Regions using Differentiable Hydrological Modelling and Transfer Learning,"In data-scarce basins, existing hydrological models often struggle to capture the nonstationary, peak-dominated behaviour of rainfall-runoff events, limiting their cross-basin generalization. To combine the physical interpretability of physics -based models with the nonlinear learning capability of deep learning, we develop a physics-guided differentiable hydrological model, the differentiable Xin&apos;anjiang model (dXAJ). The dXAJ tightly couples the Xin&apos;anjiang (XAJ) model with a Long Short-Term Memory (LSTM) network via differentiable programming and further enhances cross-basin generalization in data-scarce regions through transfer learning. Using 705 rainfall-runoff events in Anhui Province, China, we evaluate the cross-basin performance of dXAJ against the physics-based XAJ and the data-driven LSTM. Results show that the regionally trained dXAJ exhibits superior cross-basin g",,,Yikai Chai; Wenyu Ouyang; Xuezhi Gu; Yong Peng; Xiaolan Chen; Yulin Yang,10.2139/ssrn.6215488,,https://doi.org/10.2139/ssrn.6215488,crossref,differentiable physics robot learning,concept,architecture,,,differentiable physics robot learning; generalization,2026-06-12T15:07:36Z,14.650,15.650
doi:10.2139/ssrn.6816135,Physics-Informed Transfer Learning for Cross-Scale SOC/SOE Co-Estimation in Battery Energy Storage,"For megawatt-scale energy storage systems, the joint estimation of State of Charge (SOC) and State of Energy (SOE) is critical for ensuring safe cross-scale system dispatch. However, cross-scale applications—ranging from the micro level of individual cells to the macro level of containers—face significant challenges, including severe distribution shifts, sample scarcity in edge computing environments, and thermodynamic paradoxes inherent in black-box models.This paper proposes a hybrid-driven collaborative estimation framework (TL5-PINN-DPN) that integrates physical priors with transfer learning. The framework first extracts universal features by pre-training a CNN-TCN heterogeneous network on large-scale cell-level data, then establishes a hierarchical dynamic fine-tuning strategy (TL5) to achieve cross-scale feature adaptation under the minimal constraint of requiring only 10% of targe",,,Daxing Wang; Ying Li; Rui Liu; Liang Ma; Zi  fan Wang; Chunsheng Hu,10.2139/ssrn.6816135,,https://doi.org/10.2139/ssrn.6816135,crossref,physics informed robot learning,concept,architecture,,,physics informed robot learning; distribution shift,2026-06-12T15:07:36Z,14.650,14.650
doi:10.2139/ssrn.6793812,Physics-Informed Transfer Learning for Cross-Scale SOC/SOE Co-Estimation in Battery Energy Storage,"For megawatt-scale energy storage systems, the joint estimation of State of Charge (SOC) and State of Energy (SOE) is critical for ensuring safe cross-scale system dispatch. However, cross-scale applications—ranging from the micro level of individual cells to the macro level of containers—face significant challenges, including severe distribution shifts, sample scarcity in edge computing environments, and thermodynamic paradoxes inherent in black-box models.This paper proposes a hybrid-driven collaborative estimation framework (TL5-PINN-DPN) that integrates physical priors with transfer learning. The framework first extracts universal features by pre-training a CNN-TCN heterogeneous network on large-scale cell-level data, then establishes a hierarchical dynamic fine-tuning strategy (TL5) to achieve cross-scale feature adaptation under the minimal constraint of requiring only 10% of targe",,,Daxing Wang; Ying Li; Rui Liu; Liang Ma; Zi  fan Wang; Chunsheng Hu,10.2139/ssrn.6793812,,https://doi.org/10.2139/ssrn.6793812,crossref,physics informed robot learning,concept,architecture,,,physics informed robot learning; distribution shift,2026-06-12T15:07:36Z,14.650,14.650
doi:10.2139/ssrn.6816130,Physics-Informed Transfer Learning for Cross-Scale SOC/SOE Co-Estimation in Battery Energy Storage,"For megawatt-scale energy storage systems, the joint estimation of State of Charge (SOC) and State of Energy (SOE) is critical for ensuring safe cross-scale system dispatch. However, cross-scale applications—ranging from the micro-level of individual cells to the macro-level of containers—face significant challenges, including severe data distribution shifts, sample scarcity in edge computing environments, and the ""thermodynamic paradox"" prevalent in pure data-driven models. This paper proposes a hybrid-driven collaborative estimation framework (TL5-PINN-DPN) that integrates physical priors with transfer learning. The framework first extracts universal features by pre-training a CNN-TCN heterogeneous network on large-scale cell-level data. It then establishes a hierarchical dynamic fine-tuning strategy (TL5) to achieve cross-scale feature adaptation using only 10% of target-domain sample",,,Daxing Wang; Ying Li; Rui Liu; Liang Ma; Zi  fan Wang; Chunsheng Hu,10.2139/ssrn.6816130,,https://doi.org/10.2139/ssrn.6816130,crossref,physics informed robot learning,concept,architecture,,,physics informed robot learning; distribution shift,2026-06-12T15:07:36Z,14.650,14.650
doi:10.20944/preprints202605.1270.v1,A Cross-Domain Multi-Objective Optimization Framework for Wastewater Aeration Systems Coupling Transfer Learning and Physics-Informed Constraints,"Data-driven aeration optimization is an effective approach for reducing energy consumption in wastewater treatment plants (WWTPs). However, newly established or emerging-market WWTPs often lack historical aeration logs, making it difficult to construct high-precision surrogate models. Conventional cross-plant model deployments face severe data distribution shifts, and standard multi-objective optimization algorithms are prone to generating non-physical extrapolation errors, such as achieving compliance with ""zero aeration"" under low-concentration conditions. To break through inter-plant data barriers, this study proposes an intelligent aeration decision-making framework that integrates cross-domain transfer learning with physics-informed constraints. First, this study designs an adversarial network based on air-to-water ratio and removal rate features. By employing a gradient reversal la",,,Shiming Shen; Zixu Li; Yanbo Jiang; Liyi Guo; Xiangyang Liu; Rui Xu,10.20944/preprints202605.1270.v1,,https://doi.org/10.20944/preprints202605.1270.v1,crossref,physics informed robot learning,concept,architecture,,,physics informed robot learning; distribution shift; deployment,2026-06-12T15:07:36Z,14.650,15.650
doi:10.1016/j.ijhcs.2006.05.002,"Are physically embodied social agents better than disembodied social agents?: The effects of physical embodiment, tactile interaction, and people's loneliness in human–robot interaction",,2006,International Journal of Human-Computer Studies,Kwan Min Lee; Younbo Jung; Jaywoo Kim; Sang Ryong Kim,10.1016/j.ijhcs.2006.05.002,,https://doi.org/10.1016/j.ijhcs.2006.05.002,openalex,robotics,concept,openalex_bulk_robotics,,493,human robot interaction,2026-06-12T18:57:17Z,14.650,14.650
doi:10.3390/su10072459,"The Effect of Open Innovation on Technology Value and Technology Transfer: A Comparative Analysis of the Automotive, Robotics, and Aviation Industries of Korea","With the advent of the Fourth Industrial Revolution, the Korean industrial environment has been rapidly changing. As a result, several industries are facing different innovation conditions, including: the automotive industry, which is a traditional manufacturing industry in Korea; the aerospace industry, which has been vertically integrated, and has been led by a single large company—Korea Aerospace Industries—since Korea went through an economic crisis in the 1990s; and the robotics industry, which is currently emerging. This study used parameters related to patents originating from the automobile, robotics, and aerospace fields. The patents subjected to analysis were those registered in Korea from 2001 to 2014, and included those that were applied for, jointly applied for, or registered by Korean companies. This study analyzed the differences caused by the effect of open innovation in ",2018,Sustainability,JinHyo Joseph Yun; EuiSeob Jeong; YoungKyu Lee; KyungHun Kim,10.3390/su10072459,,https://doi.org/10.3390/su10072459,openalex,robotics,concept,openalex_bulk_robotics,,59,,2026-06-12T18:57:17Z,14.647,14.647
doi:10.3390/machines14020249,Force Sensing Control for Physical Human–Robot Interaction: A Transformer-Based Action Chunking Approach,"In human–robot collaboration (HRC) scenarios with direct physical contact, accurately estimating human intentions and adjusting robot behaviors based on multimodal information is the core factors that restrict the efficiency and precision of current HRC tasks. To enhance the performance of human–robot collaboration under physical contact conditions, we propose a joint network model named ACT_force_cooperative (AFC). This model leverages force sensing information as a representation of human intent to achieve human intent prediction during physical interaction, while simultaneously capturing visual information and robot state data, thereby enabling more efficient execution of human–robot collaborative tasks with multimodal information processing. Existing HRC methods often ignore humans’ collaborative experience in the environment and fail to recognize the uniqueness of interactive force ",2026,Machines,Zhenyu Pan; Weiming Wang,10.3390/machines14020249,,https://doi.org/10.3390/machines14020249,crossref,energy based transformer robot policy,concept,ebm_transformer,,1,energy based transformer robot policy; human robot interaction,2026-06-12T14:45:03Z,14.647,14.647
doi:10.1177/18724981251333915,Utilization of transformer model in multimodal data fusion learning: Cross-modal knowledge transfer in the new generation learning space,"In response to the difficulties in integrating multimodal data and insufficient model generalization ability in traditional cross-modal knowledge transfer, this article used the Transformer model to explore it in the new generation learning space. Firstly, the article analyzed the processing methods of data and models in cross-modal knowledge transfer, and explored the application of Transformer models in the learning space. This model used natural language processing to represent and extract textual features, Mel Frequency Cepstral Coefficients (MFCCs) to represent and extract audio features, and Faster R-CNN (Faster Region-based Convolutional Neural Network) to represent and extract image features. The article also discussed the implementation process of the Transformer model functionality. The experiment used data from four datasets, including Quora Question Pairs, to test the perform",2025,Intelligent Decision Technologies,Qing Ma,10.1177/18724981251333915,,https://doi.org/10.1177/18724981251333915,crossref,decision transformer robotics,concept,architecture,,1,decision transformer robotics; generalization,2026-06-12T14:45:03Z,14.647,15.647
doi:10.1016/j.neunet.2025.107825,Long-term simulation of physical and mechanical behaviors using curriculum-transfer-learning based physics-informed neural networks,,2025,Neural Networks,Yuan Guo; Zhuojia Fu; Jian Min; Shiyu Lin; Xiaoting Liu; Youssef F. Rashed; Xiaoying Zhuang,10.1016/j.neunet.2025.107825,,https://doi.org/10.1016/j.neunet.2025.107825,crossref,physics informed robot learning,concept,architecture,,7,physics informed robot learning,2026-06-12T15:07:36Z,14.640,14.640
doi:10.1016/j.egyr.2025.07.003,Deep reinforcement learning-based control of thermal energy storage for university classrooms: Co-Simulation with TRNSYS-Python and transfer learning across operational scenarios,,2025,Energy Reports,Giacomo Buscemi; Francesco Paolo Cuomo; Giuseppe Razzano; Francesco Liberato Cappiello; Silvio Brandi,10.1016/j.egyr.2025.07.003,,https://doi.org/10.1016/j.egyr.2025.07.003,crossref,energy based model robot learning,concept,ebm,,7,,2026-06-12T17:50:07Z,14.640,14.640
doi:10.1016/j.jnnfm.2006.01.009,Effect of viscous dissipation on heat transfer in a non-Newtonian liquid film over an unsteady stretching sheet,,2006,Journal of Non-Newtonian Fluid Mechanics,Chien-Hsin Chen,10.1016/j.jnnfm.2006.01.009,,https://doi.org/10.1016/j.jnnfm.2006.01.009,crossref,non smooth mechanics robotics,anti_myopia,anti_thesis,,127,non smooth mechanics robotics,2026-06-12T15:07:36Z,14.626,17.626
doi:10.1109/icar65334.2025.11338657,MMVLA-EXT: Multi-Modal Vision-Language-Action Model with Efficient Cross-Platform Task Transfer,,2025,2025 IEEE International Conference on Advanced Robotics (ICAR),Sheng Guo; Ruiteng Zhao; Jinxian Zhou; Chenchen Liu; Zhiyang Liu; Lei Zhou; Jiawei Sun; Chengran Yuan; Zhengshen Zhang; Francis Tay; Marcelo H Ang,10.1109/icar65334.2025.11338657,,https://doi.org/10.1109/icar65334.2025.11338657,crossref,vision language action model limitation robotics,hostile,failure,,,vision language action model; limitation,2026-06-12T14:45:03Z,14.600,19.600
arxiv:2204.11116v3,Human-Robot Shared Control for Surgical Robot Based on Context-Aware Sim-to-Real Adaptation,"Human-robot shared control, which integrates the advantages of both humans and robots, is an effective approach to facilitate efficient surgical operation. Learning from demonstration (LfD) techniques can be used to automate some of the surgical subtasks for the construction of the shared control framework. However, a sufficient amount of data is required for the robot to learn the manoeuvres. Using a surgical simulator to collect data is a less resource-demanding approach. With sim-to-real adaptation, the manoeuvres learned from a simulator can be transferred to a physical robot. To this end, we propose a sim-to-real adaptation method to construct a human-robot shared control framework for robotic surgery. In this paper, a desired trajectory is generated from a simulator using LfD method, while dynamic motion primitives (DMPs) based method is used to transfer the desired trajectory from",2022,arXiv,Dandan Zhang; Zicong Wu; Junhong Chen; Ruiqi Zhu; Adnan Munawar; Bo Xiao; Yuan Guan; Hang Su; Wuzhou Hong; Yao Guo; Gregory S. Fischer; Benny Lo; Guang-Zhong Yang,,2204.11116v3,http://arxiv.org/abs/2204.11116v3,arxiv,EBM transformer robotics surgical robot,concept,architecture_x_embodiment,,,EBM transformer robotics; surgical robot; teleoperation,2026-06-12T15:07:36Z,14.600,15.600
doi:10.1177/02783649231153958,Alternating direction method of multipliers-based distributed control for distributed manipulation by shaping physical force fields,"This paper proposes an algorithm for decomposing and possibly distributing an optimization problem that naturally emerges in distributed manipulation by shaping physical force fields through actuators distributed in space (arrays of actuators). One or several manipulated objects located in this field can “feel the force” and move simultaneously and independently. The control system has to produce commands for all actuators so that desired forces are developed at several prescribed places. This can be formulated as an optimization problem that has to be solved in every sampling period. Exploiting the structure of the optimization problem is crucial for platforms with many actuators and many manipulated objects, hence the goal of decomposing the huge optimization problem into several subproblems. Furthermore, if the platform is composed of interconnected actuator modules with computational",2023,The International Journal of Robotics Research,Martin Gurtner; Jiří Zemánek; Zdeněk Hurák,10.1177/02783649231153958,,https://doi.org/10.1177/02783649231153958,crossref,physical reasoning robotics manipulation,concept,physical_reasoning,,3,,2026-06-12T14:45:03Z,14.593,14.593
doi:10.1109/lra.2022.3191408,Deep Active Cross-Modal Visuo-Tactile Transfer Learning for Robotic Object Recognition,,2022,IEEE Robotics and Automation Letters,Prajval Kumar Murali; Cong Wang; Dongheui Lee; Ravinder Dahiya; Mohsen Kaboli,10.1109/lra.2022.3191408,,https://doi.org/10.1109/lra.2022.3191408,crossref,tactile language action robotics,concept,tactile,,22,,2026-06-12T15:07:36Z,14.568,14.568
doi:10.15607/rss.2022.xviii.062,Soft Robots Learn to Crawl: Jointly Optimizing Design and Control with Sim-to-Real Transfer,,2022,Robotics: Science and Systems XVIII,Charles Schaff; Audrey Sedal; Matthew R. Walter,10.15607/rss.2022.xviii.062,,https://doi.org/10.15607/rss.2022.xviii.062,crossref,sim to real robot manipulation,concept,sim2real,,21,robot manipulation; sim to real transfer,2026-06-12T15:07:36Z,14.546,15.546
doi:10.1016/j.jfranklin.2020.06.007,Physical human–robot interaction force control method based on adaptive variable impedance,,2020,Journal of the Franklin Institute,J. W. Dong; Jianming Xu; Qiaoqian Zhou; Songda Hu,10.1016/j.jfranklin.2020.06.007,,https://doi.org/10.1016/j.jfranklin.2020.06.007,openalex,robotics,concept,openalex_bulk_robotics,,43,force control; human robot interaction,2026-06-12T18:57:17Z,14.542,14.542
doi:10.3390/s24092773,Self-Powered Pressure–Temperature Bimodal Sensing Based on the Piezo-Pyroelectric Effect for Robotic Perception,"Multifunctional sensors have played a crucial role in constructing high-integration electronic networks. Most of the current multifunctional sensors rely on multiple materials to simultaneously detect different physical stimuli. Here, we demonstrate the large piezo-pyroelectric effect in ferroelectric Pb(Mg1/3Nb2/3)O3-PbTiO3 (PMN-PT) single crystals for simultaneous pressure and temperature sensing. The outstanding piezoelectric and pyroelectric properties of PMN-PT result in rapid response speed and high sensitivity, with values of 46 ms and 28.4 nA kPa−1 for pressure sensing, and 1.98 s and 94.66 nC °C−1 for temperature detection, respectively. By leveraging the distinct differences in the response speed of piezoelectric and pyroelectric responses, the piezo-pyroelectric effect of PMN-PT can effectively detect pressure and temperature from mixed-force thermal stimuli, which enables a r",2024,Sensors,Xiang Yu; Yun Ji; Xinyi Shen; Xiaoyun Le,10.3390/s24092773,,https://doi.org/10.3390/s24092773,openalex,energy based model robot learning,concept,ebm,,7,,2026-06-12T18:26:24Z,14.540,14.540
doi:10.1177/0885412210386229,Statistical Approaches to Testing the Relationships of the Built Environment with Resident-Level Physical Activity Behavior and Health Outcomes in Cross-Sectional Studies with Cluster Sampling,"To achieve valid conclusions, studies exploring associations of the built environment with residents' physical activity and health-related outcomes need to employ statistical approaches accounting for clustered data. This article discusses the following main statistical approaches: analysis of covariance, regression models with robust standard errors, generalized estimating equations, and multilevel generalized linear models. The choice of a statistical method depends on the characteristics of the study and research questions. While the first three approaches are employed to account for clustering in the data, multilevel models can also help unravel more substantive issues within a social ecological theoretical framework of health behavior.",2011,Journal of Planning Literature,Ester Cerin,10.1177/0885412210386229,,https://doi.org/10.1177/0885412210386229,crossref,sampling based motion planning,anti_myopia,anti_thesis,,52,motion planning; sampling based motion planning,2026-06-12T15:07:36Z,14.535,18.535
doi:10.1016/j.mechmachtheory.2022.105062,Compliant gripper with force estimation for physical human–robot interaction,,2022,Mechanism and Machine Theory,Francisco J. Ruiz-Ruiz; Jorge Ventura; Cristina Urdiales; Jesús M. Gómez-de-Gabriel,10.1016/j.mechmachtheory.2022.105062,,https://doi.org/10.1016/j.mechmachtheory.2022.105062,openalex,robotics,concept,openalex_bulk_robotics,,18,human robot interaction,2026-06-12T18:57:17Z,14.522,14.522
doi:10.1038/s41598-022-23496-z,Humans modulate arm stiffness to facilitate motor communication during overground physical human-robot interaction,"Humans can physically interact with other humans adeptly. Some overground interaction tasks, such as guiding a partner across a room, occur without visual and verbal communication, which suggests that the information exchanges occur through sensing movements and forces. To understand the process of motor communication during overground physical interaction, we hypothesized that humans modulate the mechanical properties of their arms for increased awareness and sensitivity to ongoing interaction. For this, we used an overground interactive robot to guide a human partner across one of three randomly chosen paths while occasionally providing force perturbations to measure the arm stiffness. We observed that the arm stiffness was lower at instants when the robot's upcoming trajectory was unknown compared to instants when it was predicable - the first evidence of arm stiffness modulation for ",2022,Scientific Reports,Sambad Regmi; Devin Burns; Yun Seong Song,10.1038/s41598-022-23496-z,,https://doi.org/10.1038/s41598-022-23496-z,openalex,energy based model robot learning,concept,ebm,,16,human robot interaction,2026-06-12T18:26:24Z,14.517,14.517
doi:10.3390/s22010342,Wearable Sensors Based on Force-Sensitive Resistors for Touch-Based Collaborative Digital Gaming,"We report new classes of wearable sensors that monitor touch between fully-abled and disabled players in order to empower collaborative digital gaming between the two. Our approach relies on embroidered force-sensitive resistors (FSRs) embedded into armbands, which outperform the state-of-the-art in terms of sensitivity to low applied forces (0 to 5 N). Such low forces are of key significance to this application, given the diverse physical abilities of the players. With a focus on effective gameplay, we further explore the sensor's touch-detection performance, study the effect of the armband fabric selection, and optimize the sensor's placement upon the arm. Our results: (a) demonstrate a 4.4-times improvement in sensitivity to low forces compared to the most sensitive embroidered FSR reported to date, (b) confirm the sensor's ability to empower touch-based collaborative digital gaming f",2022,Sensors,Balaji Dontha; Kyoung Swearingen; Scott Swearingen; Susan E. Thrane; Asimina Kiourti,10.3390/s22010342,,https://doi.org/10.3390/s22010342,openalex,energy based policy robotics,concept,ebm,,16,,2026-06-12T18:43:24Z,14.517,14.517
doi:10.1109/lra.2025.3632607,Fitts' List Revisited: An Empirical Study on Function Allocation in a Two-Agent Physical Human-Robot Collaborative Position/Force Task,"In this letter, we investigate whether classical function allocation-the principle of assigning tasks to either a human or a machine-holds for physical Human-Robot Collaboration, which is important for providing insights for Industry 5.0 to guide how to best augment rather than replace workers. This study empirically tests the applicability of Fitts' List within physical Human-Robot Collaboration, by conducting a user study (N=26, within-subject design) to evaluate four distinct allocations of position/force control between human and robot in an abstract blending task. We hypothesize that the function in which humans control the position achieves better performance and receives higher user ratings. When allocating position control to the human and force control to the robot, compared to the opposite case, we observed a significant improvement in preventing overblending. This was also per",2025,arXiv,Nicky Mol; J. Micah Prendergast; David A. Abbink; Luka Peternel,10.1109/lra.2025.3632607,2505.04722v2,http://arxiv.org/abs/2505.04722v2,arxiv,energy based policy robotics,concept,ebm,,,force control,2026-06-12T14:45:03Z,14.500,15.500
arxiv:2602.15922v1,World Action Models are Zero-shot Policies,"State-of-the-art Vision-Language-Action (VLA) models excel at semantic generalization but struggle to generalize to unseen physical motions in novel environments. We introduce DreamZero, a World Action Model (WAM) built upon a pretrained video diffusion backbone. Unlike VLAs, WAMs learn physical dynamics by predicting future world states and actions, using video as a dense representation of how the world evolves. By jointly modeling video and action, DreamZero learns diverse skills effectively from heterogeneous robot data without relying on repetitive demonstrations. This results in over 2x improvement in generalization to new tasks and environments compared to state-of-the-art VLAs in real robot experiments. Crucially, through model and system optimizations, we enable a 14B autoregressive video diffusion model to perform real-time closed-loop control at 7Hz. Finally, we demonstrate two",2026,arXiv,Seonghyeon Ye; Yunhao Ge; Kaiyuan Zheng; Shenyuan Gao; Sihyun Yu; George Kurian; Suneel Indupuru; You Liang Tan; Chuning Zhu; Jiannan Xiang; Ayaan Malik; Kyungmin Lee; William Liang; Nadun Ranawaka; Jiasheng Gu; Yinzhen Xu; Guanzhi Wang; Fengyuan Hu; Avnish Narayan; Johan Bjorck,,2602.15922v1,http://arxiv.org/abs/2602.15922v1,arxiv,adaptive world action model,concept,architecture,,,world action model; adaptive world action model; cross embodiment transfer; generalization,2026-06-12T14:45:03Z,14.500,15.500
doi:10.1108/ir-07-2024-0345,Energy-based variable admittance control to deduce intuitive human intention and mitigate force impact for physical human–robot–environment interaction,"Purpose This study aims to tackle the primary challenges in human–robot–environment interaction (HREI) within unknown environments. The key issues include recognizing human motion intention and managing force impacts during transitions from free space to constrained space. Addressing these challenges is critical for improving compliance, enhancing force control accuracy, and ensuring the safety and performance of HREI systems. Design/methodology/approach First, the energy equation of the second-order system is presented, and variable admittance control laws are designed for both free space and constraint space based on the energy equation. Then, a smooth switching method based on selection matrix is developed. Subsequently, the admittance-based overall control system is discussed. Finally, comparative simulations and experiments are conducted to verify the efficacy of the variable admitt",2025,Industrial Robot: the international journal of robotics research and application,Liang Han; Lei He; Yunzhi Huang; Xinquan Qian,10.1108/ir-07-2024-0345,,https://doi.org/10.1108/ir-07-2024-0345,crossref,energy based model robot learning,concept,ebm,,2,force control; limitation,2026-06-12T15:07:36Z,14.499,15.499
doi:10.1186/s12859-024-05915-2,Crossfeat: a transformer-based cross-feature learning model for predicting drug side effect frequency,,2024,BMC Bioinformatics,Bin Baek; Hyunju Lee,10.1186/s12859-024-05915-2,,https://doi.org/10.1186/s12859-024-05915-2,crossref,transformer energy based model robotics,concept,ebm_transformer,,8,energy based model robotics,2026-06-12T15:07:36Z,14.499,14.499
doi:10.1038/s41598-025-21613-2,Sports injury risk prediction based on temporal graph encoding and graph neural networks: A cross-sport transfer learning framework,,2025,Scientific Reports,Da Fang; Changzhou Chen,10.1038/s41598-025-21613-2,,https://doi.org/10.1038/s41598-025-21613-2,crossref,scene graph robot learning,concept,architecture,,5,scene graph robot learning,2026-06-12T15:07:36Z,14.496,14.496
doi:10.1109/icra55743.2025.11127754,"$\mathcal{D}(\mathcal{R}, \mathcal{O})$ Grasp: A Unified Representation of Robot and Object Interaction for Cross-Embodiment Dexterous Grasping",,2025,2025 IEEE International Conference on Robotics and Automation (ICRA),Zhenyu Wei; Zhixuan Xu; Jingxiang Guo; Yiwen Hou; Chongkai Gao; Zhehao Cai; Jiayu Luo; Lin Shao,10.1109/icra55743.2025.11127754,,https://doi.org/10.1109/icra55743.2025.11127754,crossref,EBM transformer robotics dexterous manipulation,concept,architecture_x_embodiment,,5,EBM transformer robotics; dexterous manipulation,2026-06-12T15:07:36Z,14.496,14.496
doi:10.1007/978-3-031-21090-7_28,Automatic Cross-domain Task Plan Transfer by Caching Abstract Skills,,2023,Springer Proceedings in Advanced Robotics Algorithmic Foundations of Robotics XV,Khen Elimelech; Lydia E. Kavraki; Moshe Y. Vardi,10.1007/978-3-031-21090-7_28,,https://doi.org/10.1007/978-3-031-21090-7_28,crossref,task and motion planning robotics,anti_myopia,classic,,3,motion planning; task and motion planning,2026-06-12T15:07:36Z,14.493,18.493
doi:10.1109/icra48891.2023.10160811,Transferring Implicit Knowledge of Non-Visual Object Properties Across Heterogeneous Robot Morphologies,,2023,2023 IEEE International Conference on Robotics and Automation (ICRA),Gyan Tatiya; Jonathan Francis; Jivko Sinapov,10.1109/icra48891.2023.10160811,,https://doi.org/10.1109/icra48891.2023.10160811,crossref,object centric robot world model,concept,object_centric,,12,robot world model,2026-06-12T15:07:36Z,14.482,14.482
doi:10.1109/70.988981,Transparency in time-delayed systems and the effect of local force feedback for transparent teleoperation,,2002,IEEE Transactions on Robotics and Automation,K. Hashtrudi-Zaad; S.E. Salcudean,10.1109/70.988981,,https://doi.org/10.1109/70.988981,crossref,teleoperation data robot foundation model,concept,human_data,,311,robot foundation model; teleoperation,2026-06-12T15:07:36Z,14.472,14.472
doi:10.1126/scirobotics.ads6437,Embodied manipulation with past and future morphologies through an open parametric hand design,"A human-shaped robotic hand offers unparalleled versatility and fine motor skills, enabling it to perform a broad spectrum of tasks with precision, power, and robustness. Across the paleontological record and animal kingdom, we see a wide range of alternative hand and actuation designs. Understanding the morphological design space and the resulting emergent behaviors can not only aid our understanding of dexterous manipulation and its evolution but also assist with design optimization, achieving and ultimately surpassing human capabilities. Exploration of hand embodiment has, to date, been limited by challenges of accessibility in customizable hands in the real world and by the reality gap in simulation of complex interactions. We introduce an open parametric design that integrates techniques for simplified customization, fabrication, and control with design features to maximize behavior",2025,Science Robotics,Kieran Gilday; Chapa Sirithunge; Fumiya Iida; Josie Hughes,10.1126/scirobotics.ads6437,,https://doi.org/10.1126/scirobotics.ads6437,crossref,robot world models manipulation,concept,world_models,,9,robot world model; dexterous manipulation; robustness,2026-06-12T15:07:36Z,14.451,16.451
doi:10.3389/fnbot.2023.1275645,Sports competition tactical analysis model of cross-modal transfer learning intelligent robot based on Swin Transformer and CLIP,"Introduction This paper presents an innovative Intelligent Robot Sports Competition Tactical Analysis Model that leverages multimodal perception to tackle the pressing challenge of analyzing opponent tactics in sports competitions. The current landscape of sports competition analysis necessitates a comprehensive understanding of opponent strategies. However, traditional methods are often constrained to a single data source or modality, limiting their ability to capture the intricate details of opponent tactics. Methods Our system integrates the Swin Transformer and CLIP models, harnessing cross-modal transfer learning to enable a holistic observation and analysis of opponent tactics. The Swin Transformer is employed to acquire knowledge about opponent action postures and behavioral patterns in basketball or football games, while the CLIP model enhances the system's comprehension of oppon",2023,Frontiers in Neurorobotics,Li Jiang; Wang Lu,10.3389/fnbot.2023.1275645,,https://doi.org/10.3389/fnbot.2023.1275645,crossref,energy based model robot learning,concept,ebm,,2,limitation; generalization,2026-06-12T14:45:03Z,14.449,16.449
doi:10.1109/icra40945.2020.9197477,Probabilistic Effect Prediction through Semantic Augmentation and Physical Simulation,,2020,2020 IEEE International Conference on Robotics and Automation (ICRA),Adrian S. Bauer; Peter Schmaus; Freek Stulp; Daniel Leidner,10.1109/icra40945.2020.9197477,,https://doi.org/10.1109/icra40945.2020.9197477,crossref,probabilistic robotics,anti_myopia,anti_thesis,,11,probabilistic robotics,2026-06-12T15:07:36Z,14.442,17.442
doi:10.1017/jfm.2024.1133,Transformer-based in-context policy learning for efficient active flow control across various airfoils,"Active flow control based on reinforcement learning has received much attention in recent years. Indeed, the requirement for substantial data for trial-and-error in reinforcement learning policies has posed a significant impediment to their practical application, which also serves as a limiting factor in the training of cross-case agents. This study proposes an in-context active flow control policy learning framework grounded in reinforcement learning data. A transformer-based policy improvement operator is set up to model the process of reinforcement learning as a causal sequence and autoregressively give actions with sufficiently long context on new unseen cases. In flow separation problems, this framework demonstrates the capability to successfully learn and apply efficient flow control strategies across various airfoil configurations. Compared with general reinforcement learning, thi",2024,Journal of Fluid Mechanics,Changdong Zheng; Fangfang Xie; Tingwei Ji; Hongjie Zhou; Yao Zheng,10.1017/jfm.2024.1133,,https://doi.org/10.1017/jfm.2024.1133,crossref,energy based transformer robot policy,concept,ebm_transformer,,6,energy based transformer robot policy,2026-06-12T15:07:36Z,14.423,15.423
doi:10.1016/j.jnnfm.2017.02.005,Ink transfer of non-Newtonian fluids from an idealized gravure cell: The effect of shear and extensional deformation,,2017,Journal of Non-Newtonian Fluid Mechanics,Sunilkumar Khandavalli; Jonathan P. Rothstein,10.1016/j.jnnfm.2017.02.005,,https://doi.org/10.1016/j.jnnfm.2017.02.005,crossref,non smooth mechanics robotics,anti_myopia,anti_thesis,,36,non smooth mechanics robotics,2026-06-12T15:07:36Z,14.405,17.405
doi:10.1016/j.fuel.2025.136431,Synergistic effect of flow field and porous transport layer matching on mass transfer and early-stage degradation mitigation in PEMWE under high operating current densities,,2026,Fuel,Xiao Ge; Guanlei Zhao; Yu Xiao; Jiaxi Liu; Jingjian Chen; Ping He; Manhong Huang; Jinli Qiao,10.1016/j.fuel.2025.136431,,https://doi.org/10.1016/j.fuel.2025.136431,crossref,flow matching policy,concept,architecture,,4,flow matching policy,2026-06-12T15:07:36Z,14.405,14.405
doi:10.1109/toh.2009.4,Tactile Feedback Induces Reduced Grasping Force in Robot-Assisted Surgery,"Robot-assisted minimally invasive surgery has gained widespread use over the past decade, but the technique is currently operated in the absence of haptic feedback during tissue manipulation. We have developed a complete tactile feedback system, consisting of a piezoresistive force sensor, control system, and pneumatic balloon tactile display, and mounted directly onto a da Vinci surgical robotic system. To evaluate the effect of tactile feedback on robotic manipulation, a group of novices (n = 16) and experts ( n = 4) were asked to perform three blocks of peg transfer tasks with the tactile feedback system in place. Force generated at the end-effectors was measured in all three blocks, but tactile feedback was active only during the middle block. All subjects used higher force when the feedback system was inactive. When active, subjects immediately used substantially less force and stil",2009,IEEE Transactions on Haptics,Chih‐Hung King; Martin O. Culjat; Miguel L. Franco; Catherine E. Lewis; Erik Dutson; Warren S. Grundfest; James W. Bisley,10.1109/toh.2009.4,,https://doi.org/10.1109/toh.2009.4,openalex,robotics,concept,openalex_bulk_robotics,,218,surgical robot,2026-06-12T18:57:17Z,14.395,14.395
doi:10.1109/iros47612.2022.9981728,Passivity-Based Skill Motion Learning in Stiffness-Adaptive Unified Force-Impedance Control,"Tactile robots shall be deployed for dynamic task execution in production lines with small batch sizes. Therefore, these robots should have the ability to respond to changing conditions and be easy to (re-)program. Operating under uncertain environments requires unifying subsystems such as robot motion and force policy into one framework, referred to as tactile skills. In this paper, we propose the enhancement of these skills for passivity-based skill motion learning in stiffness-adaptive unified force-impedance control. To achieve the increased level of adaptability, we represent all tactile skills by three basic primitives: contact initiation, manipulation, and contact termination. To ensure passivity and stability, we develop an energy-based approach for unified force-impedance control that allows humans to teach the robot motion through physical interaction during the execution of a ",2022,2022 IEEE/RSJ International Conference on Intelligent Robots and Systems (IROS),Kübra Karacan; Hamid Sadeghian; Robin Jeanne Kirschner; Sami Haddadin,10.1109/iros47612.2022.9981728,,https://doi.org/10.1109/iros47612.2022.9981728,openalex,energy based policy robotics,concept,ebm,,12,impedance control,2026-06-12T18:05:07Z,14.382,14.382
doi:10.1109/tmag.2017.2661992,High-Efficiency Wireless Power and Force Transfer for a Micro-Robot Using a Multiaxis AC/DC Magnetic Coil,"In this paper, a high-efficiency wireless power transfer (WPT) and force transfer system for a micro-robot is proposed. Two-coil systems are employed to power the micro-robot. The two-coil parts are ac and dc, and each consists of an external source and a load coil inside the micro-robot. In the ac coil part, the external source coil generates a time-varying magnetic field that is received by the ac load coil in the micro-robot as electrical energy. In the dc coil part, the external source coil is used as an electromagnet, which is used to generate propulsion force for the micro-robot. Through the proposed system, both the efficiency of electrical energy transfer and the generation of propulsion force can be significantly improved. The feasibility of the proposed approach was verified through simulation and experimentation results.",2017,IEEE Transactions on Magnetics,Dongwook Kim; Karam Hwang; Jaehyoung Park; Hyun Ho Park; Seungyoung Ahn,10.1109/tmag.2017.2661992,,https://doi.org/10.1109/tmag.2017.2661992,openalex,robotics,concept,openalex_bulk_robotics,,25,,2026-06-12T18:57:17Z,14.379,14.379
doi:10.1109/lra.2024.3472349,Cross-Category Functional Grasp Transfer,,2024,IEEE Robotics and Automation Letters,Rina Wu; Tianqiang Zhu; Xiangbo Lin; Yi Sun,10.1109/lra.2024.3472349,,https://doi.org/10.1109/lra.2024.3472349,crossref,robotics,concept,crossref_bulk_robotics,,6,,2026-06-12T19:29:26Z,14.373,14.373
doi:10.1111/jcal.12921,Experimenting with computational thinking for knowledge transfer in engineering robotics,"Abstract Background Despite its obvious relevance to computer science, computational thinking (CT) is transdisciplinary with the potential of impacting one's analytical ability. Although countless efforts have been invested across K‐12 education, there is a paucity of research at the postsecondary level about the extent to which CT can contribute to sustainable learning outcomes. Objectives The current study examines how a series of Arduino‐based robotics learning activities capture the fuller essence of concepts related to CT. Methods College students ( n = 50) completed a series of six robotics learning activities. Think‐alouds, student reflections and performance scores were used to assess students' CT through a robotics challenge in virtual and physical learning environments. Results and Conclusions Students verbalized CT concepts related to algorithmic thinking much more than abstra",2023,Journal of Computer Assisted Learning,Tanya Chichekian; Joel Trudeau; Tawfiq Jawhar; Dylan Corliss,10.1111/jcal.12921,,https://doi.org/10.1111/jcal.12921,openalex,robotics,concept,openalex_bulk_robotics,,16,,2026-06-12T18:57:17Z,14.367,14.367
doi:10.1109/lra.2020.3010462,Describing Physics For Physical Reasoning: Force-Based Sequential Manipulation Planning,,2020,IEEE Robotics and Automation Letters,Marc Toussaint; Jung-Su Ha; Danny Driess,10.1109/lra.2020.3010462,,https://doi.org/10.1109/lra.2020.3010462,crossref,physical reasoning robotics manipulation,concept,physical_reasoning,,33,,2026-06-12T14:45:03Z,14.363,14.363
doi:10.1016/j.pec.2018.02.008,Friendship with a robot: Children’s perception of similarity between a robot’s physical and virtual embodiment that supports diabetes self-management,,2018,Patient Education and Counseling,Claudia Sinoo; Sylvia van der Pal; Olivier Blanson Henkemans; Anouk Keizer; Bert Bierman; Rosemarijn Looije; Mark A. Neerincx,10.1016/j.pec.2018.02.008,,https://doi.org/10.1016/j.pec.2018.02.008,openalex,robotics,concept,openalex_bulk_robotics,,66,,2026-06-12T18:57:17Z,14.352,14.352
doi:10.1016/j.enpol.2022.113398,The greenhouse gas rebound effect from increased energy efficiency across China's staple crops,,2023,Energy Policy,Wei Zhen; Quande Qin; Lu Miao,10.1016/j.enpol.2022.113398,,https://doi.org/10.1016/j.enpol.2022.113398,crossref,energy based policy robotics,concept,ebm,,9,,2026-06-12T17:50:07Z,14.351,14.351
doi:10.20517/ir.2023.23,Reinforcement learning methods for network-based transfer parameter selection,"A significant challenge in self-driving technology involves the domain-specific training of prediction models on intentions of other surrounding vehicles. Separately processing domain-specific models requires substantial human resources, time, and equipment for data collection and training. For instance, substantial difficulties arise when directly applying a prediction model developed with data from China to the United States market due to complex factors such as differing driving behaviors and traffic rules. The emergence of transfer learning seems to offer solutions, enabling the reuse of models and data to enhance prediction efficiency across international markets. However, many transfer learning methods require a comparison between source and target data domains to determine what can be transferred, a process that can often be legally restricted. A specialized area of transfer learn",2023,Intelligence & Robotics,Yue Guo; Yu Wang; I-Hsuan Yang; Katia Sycara,10.20517/ir.2023.23,,https://doi.org/10.20517/ir.2023.23,crossref,model based reinforcement learning robotics,concept,architecture,,8,model based reinforcement learning robotics,2026-06-12T14:45:03Z,14.349,14.349
doi:10.1093/ptj/pzad085,The Role of Movement in Physical Therapist Clinical Reasoning,"Abstract Objective The purpose of this study was to explore how physical therapists use movement as a component of their clinical reasoning. Additionally, this research explored whether movement as a component of clinical reasoning aligns with the proposed signature pedagogy for physical therapist education, human body as teacher. Methods The study utilized qualitative, descriptive methods in a multiple case studies design (each practice setting represented a different case for analysis purposes) with cross-case comparisons. Researchers conducted 8 focus groups across practice settings including acute care, inpatient neurological, outpatient orthopedics, and pediatrics. Each focus group had 4 to 6 participants. Through an iterative, interactive process of coding and discussion among all researchers, a final coding scheme was developed. Results Through exploration of the research aims, 3 ",2023,Physical Therapy,Nicole Christensen; Lisa Black; Sarah Gilliland; Karen Huhn; Susan Wainwright,10.1093/ptj/pzad085,,https://doi.org/10.1093/ptj/pzad085,crossref,physical reasoning robotics manipulation,concept,physical_reasoning,,8,,2026-06-12T15:07:36Z,14.349,14.349
doi:10.3390/app15020891,Exploring Embodiment Form Factors of a Home-Helper Robot: Perspectives from Care Receivers and Caregivers,"Society’s aging is a worldwide crisis that affects many countries, as the Older Adult (OA) population is growing faster than younger populations. With this, there are fewer caregivers (CGs), and more care receivers (CRs) exist. It is vital to understand how we can ease the burden of caregiving on both the care receivers’ and caregivers’ sides. Our research focuses on robotic mobility and stability assistance for independent living OAs. We draw upon best practices from Occupational Therapy for sit-to-stand (STS) transfer techniques and question what sit-to-stand could look like if performed by a robot. Drawing inspiration from assistive devices, we designed 3 robot embodiments: a humanoid robot, a pair of robots, and a simple pole robot. We conducted a cross-cultural study with 24 CR and CG focus groups in both the United States and Japan to understand OAs’ preferences and expected functi",2025,Applied Sciences,Katherine M. Tsui; Rune Baggett; Carol Chiang,10.3390/app15020891,,https://doi.org/10.3390/app15020891,openalex,energy based policy robotics,concept,ebm,,6,humanoid robot,2026-06-12T18:43:24Z,14.323,14.323
doi:10.1109/lra.2015.2505061,A Conformable Force/Tactile Skin for Physical Human–Robot Interaction,,2016,IEEE Robotics and Automation Letters,A. Cirillo; F. Ficuciello; C. Natale; S. Pirozzi; L. Villani,10.1109/lra.2015.2505061,,https://doi.org/10.1109/lra.2015.2505061,crossref,tactile language action robotics,concept,tactile,,152,human robot interaction,2026-06-12T15:07:36Z,14.315,14.315
doi:10.3390/su9050786,A Cross-Strait Comparison of Innovation Policy under Industry 4.0 and Sustainability Development Transition,"While the advent of Industry 4.0 is emblematic of national strategy for industrial revitalization, the proliferation of technology has drastically changed the landscape of many major sectors of global industries. Industry 4.0 encompasses multi-dimensional concepts—including computerization, digitization, and intelligentization—of business operations based on cyber-physical-systems (CPS) and the Internet-of-Things (IoTs). The vision of Industry 4.0 will bring about improvements in industrial processes, ranging from engineering, material usage, supply chains, and product lifecycle management, to the horizontal value chain. This research project adopts a descriptive analysis with descriptive statistics under the innovation policy framework proposed by Rothwell and Zegveld. This report also informs a comparative policy analysis across China and Taiwan. From the perspectives of industry coali",2017,Sustainability,Kuan Lin; Joseph Z. Shyu; Kun Ding,10.3390/su9050786,,https://doi.org/10.3390/su9050786,openalex,energy based policy robotics,concept,ebm,,166,,2026-06-12T18:05:07Z,14.309,14.309
doi:10.3390/machines13121134,Cross-Embodiment Kinematic Behavioral Cloning (X-EKBC): An Energy-Based Framework for Human–Robot Imitation Learning with the Embodiment Gap,"In imitation learning with the embodiment gap, directly transferring human motions to robots is challenging due to differences in body structures. Therefore, it is necessary to reconstruct human motions in accordance with each robot’s embodiment. Our previous work focused on the right arm of a humanoid robot, which limited the generality of the approach. To address this, we propose Cross-Embodiment Kinematic Behavioral Cloning (X-EKBC), an imitation learning framework that enables movement-level imitation on a one-to-one basis between humans and multiple robots with embodiment gaps. We introduce a joint matrix that represents the structural correspondence between the human and robot bodies, and by solving kinematics based on this matrix, the system can efficiently reconstruct motions adapted to each robot’s embodiment. Furthermore, by employing Implicit Behavioral Cloning (IBC), the prop",2025,Machines,Yoshiki Tsunekawa; Masaki Tanaka; Kosuke Sekiyama,10.3390/machines13121134,,https://doi.org/10.3390/machines13121134,crossref,energy based model robot learning,concept,ebm,,,humanoid robot; imitation learning,2026-06-12T14:45:03Z,14.300,14.300
doi:10.3390/electronics15050960,Adaptive Screw-Drive In-Pipe Robot with Hall-Effect Force Sensing and Active Gripping Control,"Screw-drive in-pipe robots are widely used for inspection and maintenance of pipeline infrastructure because their tilted-wheel locomotion enables continuous traversal of horizontal, vertical, and curved pipes. However, most existing designs rely on passive spring mechanisms to generate wall-contact forces, making traction performance highly sensitive to pipe-diameter variations, friction changes, and manufacturing tolerances. This paper presents an adaptive screw-drive in-pipe robot that integrates adjustable radial geometry, embedded Hall-effect force sensing, and closed-loop gripping-force control. A unified mechanical–geometric model is developed to describe the coupling between actuator displacement, spring compression, wheel-tilt geometry, and pipe-diameter variation. Based on this model, a minimum safe gripping-force condition is derived and used to define a reference force for re",2026,Electronics,Riadh Zaier; Amur Salim AlYahmedi,10.3390/electronics15050960,,https://doi.org/10.3390/electronics15050960,crossref,adaptive world action model robot,concept,wam,,,world action model; adaptive world action model; force control,2026-06-12T15:07:36Z,14.300,14.300
doi:10.1142/s0219843625400195,Hybrid_ASL: Cross-Domain Transfer Learning for High-Accuracy American Sign Language Recognition,"Communication is one of the issues that people with hearing impairments constantly have to struggle with; this is partly because advanced assistive devices are not widely available and used. These obstacles often hinder access to essential services and the ability to engage in meaningful communication. To address this gap, the current paper presents Hybrid_ASL, a novel architecture based on deep learning specifically designed to enhance the recognition of American Sign Language (ASL) hand gestures. Hybrid_ASL utilizes the concept of cross-domain transfer learning, enabling the model to transfer visual knowledge gained from large-scale datasets to the problem-specific task of ASL classification. The model structure combines convolutional and transformer-based modules, thereby capturing both local spatial patterns and long-range contextual relationships. The training pipeline involves pre-",2026,International Journal of Humanoid Robotics,Haoming Yi,10.1142/s0219843625400195,,https://doi.org/10.1142/s0219843625400195,crossref,learning robot manipulation from human video,concept,human_data,,,robot manipulation,2026-06-12T15:07:36Z,14.300,14.300
doi:10.2139/ssrn.6753463,PI-SSM-CA: A Physics-Informed State Space Model with Cross-Attention for Robust Wind Turbine SCADA Fault Diagnosis and Cyber-Physical Security,"Supervisory Control and Data Acquisition (SC ADA) systems in modern wind farms generate high-dimensional, multirate time series that encode both norma l operational dynamics and subtle fault signatures across electrical, mechanical, and environmental subsystems. Existing deep learning approaches for Wind Turbine Generator (WTG) fault diagnosis including recurrent neural networks and Transformer architectures-face fundamental limitations: recurrent models suffer vanishing gradients over long SCADA windows, while Transformers incur O(N²) computational cost that prohibits real-time deployment on industrial Programmable Logic Controllers (PLCs). This paper in troduces PI-SSM-CA, a Physics-Informed State Space Model with Cross-Attention that addresses these challenges through three architectural innovations. First, a Hankel matrix embedding grounded in Takens' delay embedding theorem transfor",,,Mohammed Abdullah,10.2139/ssrn.6753463,,https://doi.org/10.2139/ssrn.6753463,crossref,state space model robot policy,concept,architecture,,,state space model robot policy; limitation; deployment; latency,2026-06-12T15:07:36Z,14.300,16.300
doi:10.1038/s41598-024-69444-x,Force reflections of auditory and tactile action-effect weighting in motor planning,"Abstract Most voluntary actions have only few goals, which provides considerable freedom in the selection of action parameters. Recent studies showed that task-irrelevant aspects of the task context influence the motor parameters of the actions in a way which seems to reflect the relative importance of these aspects within the underlying action representation. The present study investigated how the intensity of auditory action-effects affected force exertion patterns in a self-paced action production task. Participants applied force impulses with their index finger on a force-sensitive resistor every three seconds. In four separate conditions, force impulses elicited no sound, or elicited tones with 69, 59 or 49 dB intensity. The results showed that participants applied more force when tone intensity was lower, and when tones were absent. These force differences were also present in the ",2024,Scientific Reports,János Horváth,10.1038/s41598-024-69444-x,,https://doi.org/10.1038/s41598-024-69444-x,crossref,tactile language action robotics,concept,tactile,,2,,2026-06-12T14:45:03Z,14.299,14.299
doi:10.1177/02783649251378155,Enabling to learn for force sensing: A coupling-decoupling under-actuated gripper with multiple-DoFs,"Under-actuated robotic grippers have commonly appeared in industrial and logistics applications. However, existing grippers exhibit several main issues, such as low payload, insufficient force sensing and weak grasping stability, hindering their broader adoptions. To address these gaps, we propose a novel under-actuated gripper featuring two 3-joint fingers driven by a single actuator, achieving sensor-free force feedback through a hierarchical, dual-mode architecture that combines systematic mechanism modeling with a long short-term memory (LSTM) network. First, each finger employs an artfully six-linkage mechanism and two stacked four-bar linkages, which adaptively switch between parallel and enveloping grasp modes. Second, we devise theoretical models of inverse kinematics and power transmission based on the proposed gripper, accurately obtaining positions and contact forces. Third, w",2025,The International Journal of Robotics Research,Huixu Dong; Jihao Li; Keqi Zhu; Haotian Guo; Guodong Lu,10.1177/02783649251378155,,https://doi.org/10.1177/02783649251378155,crossref,robotics,concept,crossref_bulk_robotics,,1,force control,2026-06-12T19:29:26Z,14.297,14.297
doi:10.1016/j.ress.2025.112158,Trend-guided deep physics-informed transfer learning method for remaining useful life prediction of rolling bearings across machines,,2026,Reliability Engineering & System Safety,Yuanhang Fang; Huaitao Shi; Chengying Zhao; Xiaotian Bai; Zhan Wang,10.1016/j.ress.2025.112158,,https://doi.org/10.1016/j.ress.2025.112158,crossref,physics informed robot learning,concept,architecture,,3,physics informed robot learning,2026-06-12T15:07:36Z,14.293,14.293
doi:10.1109/roman.2006.314404,The role of physical embodiment in human-robot interaction,,2006,ROMAN 2006 - The 15th IEEE International Symposium on Robot and Human Interactive Communication,Joshua Wainer; David Feil-seifer; Dylan Shell; Maja Mataric,10.1109/roman.2006.314404,,https://doi.org/10.1109/roman.2006.314404,crossref,interactive robot learning human feedback,concept,hri,,214,human robot interaction,2026-06-12T15:07:36Z,14.285,14.285
doi:10.1109/tro.2019.2914772,A Transfer Learning Approach to Cross-Modal Object Recognition: From Visual Observation to Robotic Haptic Exploration,,2019,IEEE Transactions on Robotics,Pietro Falco; Shuang Lu; Ciro Natale; Salvatore Pirozzi; Dongheui Lee,10.1109/tro.2019.2914772,,https://doi.org/10.1109/tro.2019.2914772,crossref,deformable object manipulation robot learning,concept,deformable,,41,deformable object manipulation,2026-06-12T15:07:36Z,14.269,14.269
doi:10.1089/soro.2020.0178,Visual Servoing Pushing Control of the Soft Robot with Active Pushing Force Regulation,"Soft robots characterize operational safety due to inherent compliance from their soft mechanism, whereas their mechanism enhances the difficulty in accurate closed-loop control. To explore their applicability in manipulation tasks, in this article, we propose a visual servoing pushing controller considering the effect of contact. The controller is designed to simultaneously complete the positioning and manipulation tasks. To further improve the manipulation performance, an active pushing force regulation method is proposed and integrated into the controller. The proposed control algorithm is validated experimentally. The results show that the controller guarantees the convergence to the image error and meanwhile, it improves the pushing manipulation performance.",2022,Soft Robotics,Fan Xu; Hesheng Wang; Zhe Liu; Weidong Chen; Yuxin Wang,10.1089/soro.2020.0178,,https://doi.org/10.1089/soro.2020.0178,crossref,EBM transformer robotics soft robot manipulation,concept,architecture_x_embodiment,,22,EBM transformer robotics; robot manipulation; soft robot manipulation; visual servoing,2026-06-12T15:07:36Z,14.268,14.268
doi:10.1109/robot.1985.1087267,The effect of wrist force sensor stiffness on the control of robot manipulators,"This paper analyzes the effects of the mechanical stiffness of end effector force sensors on the control of robot manipulators. Modeling of the general manipulator-sensor system is presented, along with a detailed investigation of a single joint case. Analytical and experimental results indicate that the use of a mechanically compliant sensor permits a more responsive force controlled system to be realized. In addition, an active compensator for sensor deflections was developed to recover the static positional stiffness of the manipulator.",2005,,Ricardo Roberts; Rohan Paul; B. M. Hillberry,10.1109/robot.1985.1087267,,https://doi.org/10.1109/robot.1985.1087267,openalex,robotics,concept,openalex_bulk_robotics,,90,force control,2026-06-12T18:57:17Z,14.255,14.255
doi:10.1007/978-3-319-51547-2_12,Physical Interaction via Dynamic Primitives,,2017,Springer Tracts in Advanced Robotics Geometric and Numerical Foundations of Movements,Neville Hogan,10.1007/978-3-319-51547-2_12,,https://doi.org/10.1007/978-3-319-51547-2_12,crossref,geometric robotics,anti_myopia,anti_thesis,,26,geometric robotics,2026-06-12T15:07:36Z,14.248,17.248
doi:10.1109/icra.2019.8793748,Effect of Mechanical Resistance on Cognitive Conflict in Physical Human-Robot Collaboration,"Physical Human-Robot Collaboration (pHRC) is about the interaction between one or more human operator(s) and one or more robot(s) in direct contact and voluntarily exchanging forces to accomplish a common task. In any pHRC, the intuitiveness of the interaction has always been a priority, so that the operator can comfortably and safely interact with the robot. So far, the intuitiveness has always been described in a qualitative way. In this paper, we suggest an objective way to evaluate intuitiveness, known as prediction error negativity (PEN) using electroencephalogram (EEG). PEN is defined as a negative deflection in event related potential (ERP) due to cognitive conflict, as a consequence of a mismatch between perception and reality. Experimental results showed that the forces exchanged between robot and human during pHRC modulate the amplitude of PEN, representing different levels of ",2019,,Stefano Aldini; Ashlesha Akella; Avinash Kumar Singh; Yu–Kai Wang; Marc G. Carmichael; Dikai Liu; Chin‐Teng Lin,10.1109/icra.2019.8793748,,https://doi.org/10.1109/icra.2019.8793748,openalex,robotics,concept,openalex_bulk_robotics,,17,,2026-06-12T18:57:17Z,14.245,15.245
doi:10.1017/s0305741018000516,Domestic Flying Geese: Industrial Transfer and Delayed Policy Diffusion in China,"Abstract This study illuminates the important yet under-studied phenomenon of industrial transfer in China: the migration of capital and investment from wealthy coastal areas into poorer central and western provinces, beginning in the 2000s. By 2015, the value of domestic investment in five central provinces alone was 2.5 times that of foreign investment throughout China. Compared to the original “flying geese” model of tiered production in Asia, China's experience is distinct in three ways: (1) industrial transfer occurred domestically, rather than across nations; (2) sub-national transfer followed cross-national transfer; and (3) industrial migration is accompanied by a delayed replication of government policies and practices. While coastal locales today resolve to expel low-end industries, inland governments cannot afford to be selective and have only recently adopted the aggressive i",2018,The China Quarterly,Yuen Yuen Ang,10.1017/s0305741018000516,,https://doi.org/10.1017/s0305741018000516,crossref,diffusion policy robot manipulation,concept,diffusion,,52,diffusion policy; robot manipulation,2026-06-12T15:07:36Z,14.235,14.235
doi:10.1126/scirobotics.adk5183,Evaluating initial usability of a hand augmentation device across a large and diverse sample,"The advancement of motor augmentation and the broader domain of human-machine interaction rely on a seamless integration with users’ physical and cognitive capabilities. These considerations may markedly fluctuate among individuals on the basis of their age, form, and abilities. There is a need to develop a standard for considering these diversity needs and preferences to guide technological development, and large-scale testing can provide us with evidence for such considerations. Public engagement events provide an important opportunity to build a bidirectional discourse with potential users for the codevelopment of inclusive and accessible technologies. We exhibited the Third Thumb, a hand augmentation device, at a public engagement event and tested participants from the general public, who are often not involved in such early technological development of wearable robotic technology. W",2024,Science Robotics,Dani Clode; Lucy Dowdall; Edmund da Silva; Klara Selén; Dorothy Cowie; Giulia Dominijanni; Tamar R. Makin,10.1126/scirobotics.adk5183,,https://doi.org/10.1126/scirobotics.adk5183,crossref,EBM transformer robotics robot hand,concept,architecture_x_embodiment,,18,EBM transformer robotics; robot hand,2026-06-12T15:07:36Z,14.222,14.222
doi:10.1108/ir-09-2022-0244,Adaptive fractional-order admittance control for force tracking in highly dynamic unknown environments,"Purpose With the increasing demands of industrial applications, it is imperative for robots to accomplish good contact-interaction with dynamic environments. Hence, the purpose of this research is to propose an adaptive fractional-order admittance control scheme to realize a robot–environment contact with high accuracy, small overshoot and fast response. Design/methodology/approach Fractional calculus is introduced to reconstruct the classical admittance model in this control scheme, which can more accurately describe the complex physical relationship between position and force in the interaction process of the robot–environment. In this control scheme, the pre-PID controller and fuzzy controller are adopted to improve the system force tracking performance in highly dynamic unknown environments, and the fuzzy controller is used to improve the trajectory, transient and steady-state respon",2023,Industrial Robot: the international journal of robotics research and application,Kaixin Li; Ye He; Kuan Li; Chengguo Liu,10.1108/ir-09-2022-0244,,https://doi.org/10.1108/ir-09-2022-0244,crossref,EBM transformer robotics industrial robot,concept,architecture_x_embodiment,,13,EBM transformer robotics; industrial robot; force control; robustness,2026-06-12T15:07:36Z,14.220,16.220
doi:10.3389/fict.2015.00008,Physical Embodiment Can Produce Robot Operatorâ€™s Pseudo Presence,"Recent studies have focused on humanoid robots for improving distant communication. When a user talks with a remote conversation partner through a humanoid robot, the user can see the remote partner’s body motions with physical embodiment but not the partner’s current appearance. The physical embodiment existing in the same room with the user is the main feature of humanoid robots, but the effects on social telepresence, i.e. the sense of resembling face-to-face interaction, had not yet been well demonstrated. To find the effects, we conducted an experiment in which subjects talked with a partner through robots and various existing communication media (e.g. voice, avatar and video chats). As a result, we found that the physical embodiment enhances social telepresence. However, in terms of the degree of social telepresence, the humanoid robot remained at the same level as the partner’s li",2015,Frontiers in ICT,Kazuaki Tanaka; Hideyuki Nakanishi; Hiroshi Ishiguro,10.3389/fict.2015.00008,,https://doi.org/10.3389/fict.2015.00008,openalex,robotics,concept,openalex_bulk_robotics,,40,humanoid robot,2026-06-12T18:57:17Z,14.207,14.207
doi:10.1109/lra.2023.3347135,"Force Perception for Rigid-Soft Finger Without Force Sensors: Theoretical Analysis, and Model Transfer",,2024,IEEE Robotics and Automation Letters,Ruichen Zhen; Li Jiang; Kehan Ding; Hexin Li,10.1109/lra.2023.3347135,,https://doi.org/10.1109/lra.2023.3347135,crossref,Gaussian splatting robot perception,concept,architecture,,4,Gaussian splatting robot perception,2026-06-12T15:07:36Z,14.205,14.205
doi:10.1007/s44270-025-00016-8,A physics-inspired-data-driven model of eVTOL in-ground-effect thrust based on meta-learning and BEMT,"Abstract Electric vertical take-off and landing (eVTOL) aircraft with ducted fans have high efficiency, high reliability, and low noise, and have great potential to become the majority of future urban air mobility. Nonetheless, the ground effect will cause fluctuations in ducted fan thrust during take-off and landing conditions. Conventional physical models fail to reflect its transient and non-linear nature. In this paper, a physics-inspired-data-driven (PIDD) model for predicting the in-ground-effect (IGE) thrust of ducted fans is presented. The total thrust is treated as the composition of average thrust and transient thrust. For the average part, hypotheses of ideal twist and exponential function are adopted based on the structure of blade element momentum theory (BEMT). For the transient part, a classification task based on cross entropy is added to the meta-learning algorithm. Alti",2025,Propulsion and Energy,Yuhang He; Yiwei Luo; Yuping Qian; Yangjun Zhang,10.1007/s44270-025-00016-8,,https://doi.org/10.1007/s44270-025-00016-8,crossref,energy based model robot learning,concept,ebm,,2,generalization,2026-06-12T15:07:36Z,14.199,15.199
doi:10.1089/soro.2023.0242,Fluidic Multichambered Actuator and Multiaxis Intrinsic Force Sensing,"Soft robots have morphological characteristics that make them preferred candidates, over their traditionally rigid counterparts, for executing physical interaction tasks with the environment. Therefore, equipping them with force sensing is essential for ensuring safety, enhancing their controllability, and adding autonomy. At the same time, it is necessary to preserve their inherent flexibility when integrating sensory units. Soft-fluidic actuators (SFAs) with hydraulic actuation address some of the challenges posed by the compressibility of pneumatic actuation while maintaining system compliance. This research further investigates the feasibility of utilizing the incompressible actuation fluid as the means of actuation and of multiaxial sensing. We have developed a hyperelastic model for the actuation pressure, acting as a baseline pressure. Any disparities from the baseline have been m",2025,Soft Robotics,Dionysios Malas; Guokai Zhang; Shuai Wang; Wei Huang; Lukas Lindenroth; Bingyu Yang; Wenfeng Xia; Hongbin Liu,10.1089/soro.2023.0242,,https://doi.org/10.1089/soro.2023.0242,crossref,robotics,concept,crossref_bulk_robotics,,2,,2026-06-12T19:29:26Z,14.199,14.199
doi:10.1109/lra.2021.3057050,Transfer Reinforcement Learning Across Homotopy Classes,,2021,IEEE Robotics and Automation Letters,Zhangjie Cao; Minae Kwon; Dorsa Sadigh,10.1109/lra.2021.3057050,,https://doi.org/10.1109/lra.2021.3057050,crossref,model based reinforcement learning robotics,concept,architecture,,15,model based reinforcement learning robotics,2026-06-12T15:07:36Z,14.186,14.186
doi:10.1016/j.robot.2022.104181,An incremental cross-modal transfer learning method for gesture interaction,,2022,Robotics and Autonomous Systems,Junpei Zhong; Jie Li; Ahmad Lotfi; Peidong Liang; Chenguang Yang,10.1016/j.robot.2022.104181,,https://doi.org/10.1016/j.robot.2022.104181,crossref,robotics,concept,crossref_bulk_robotics,,9,,2026-06-12T19:29:26Z,14.151,14.151
doi:10.7763/ijet.2023.v15.1237,Effect of Object Movement Control for Remote Robot Systems with Force Feedback,"In this paper, we make a comparison among three types of object movement control in cooperative work of carrying an object between two remote robot systems with force feedback by experiment. The two robot systems have a masterslave relationship, and the slave robot automatically follows the movement of the master robot. The three types of object movement control are also compared with the case where a human performs the work instead of the robot. Furthermore, we examine the influence of the movement velocity of the object on the force applied to the object. As a result, experimental results illustrate that force in the left-right direction is more largely suppressed by the robot than by the human.",2023,International Journal of Engineering and Technology,Kota Nishiyori; Yutaka Ishibashi; Pingguo Huang; Yuichiro Tateiwa,10.7763/ijet.2023.v15.1237,,https://doi.org/10.7763/ijet.2023.v15.1237,crossref,hybrid systems robot control manipulation,anti_myopia,control,,,hybrid systems,2026-06-12T15:07:36Z,14.150,17.150
doi:10.5220/0013113000003911,Cross-Domain Transfer Learning for Domain Adaptation in Autism Spectrum Disorder Diagnosis,,2025,Proceedings of the 18th International Joint Conference on Biomedical Engineering Systems and Technologies,Kush Gupta; Amir Aly; Emmanuel Ifecahor,10.5220/0013113000003911,,https://doi.org/10.5220/0013113000003911,crossref,online adaptation robot learning,concept,adaptation,,2,online adaptation,2026-06-12T15:07:36Z,14.149,14.149
doi:10.1016/j.neucom.2025.131483,ST-CML: A contrastive meta learning framework for spatio-temporal graph few-shot learning with cross-city transfer,,2025,Neurocomputing,Haichen Lyu; Chun Wang,10.1016/j.neucom.2025.131483,,https://doi.org/10.1016/j.neucom.2025.131483,crossref,scene graph robot learning,concept,architecture,,2,scene graph robot learning,2026-06-12T15:07:36Z,14.149,14.149
doi:10.1016/j.applthermaleng.2025.129389,Transformer-LSTM-Adaboost-based cross-domain transfer model: Cross-domain feature extraction for temperature field prediction in wet friction components,,2026,Applied Thermal Engineering,Jianpeng Wu; Ao Ding; Hanshu Zhang; Heyan Li; Liyong Wang,10.1016/j.applthermaleng.2025.129389,,https://doi.org/10.1016/j.applthermaleng.2025.129389,crossref,transformer energy based model robotics,concept,ebm_transformer,,2,energy based model robotics,2026-06-12T18:05:07Z,14.149,14.149
doi:10.1016/j.rcim.2025.103061,Robot assistance primitives with force-field guidance for shared task collaboration,,2025,Robotics and Computer-Integrated Manufacturing,Sophokles Ktistakis; Lucas Gimeno; Fatima-Zahra Laftissi; Alexis Hoss; Antonio De Donno; Mirko Meboldt,10.1016/j.rcim.2025.103061,,https://doi.org/10.1016/j.rcim.2025.103061,crossref,robotics,concept,crossref_bulk_robotics,,2,,2026-06-12T19:29:26Z,14.149,14.149
doi:10.3390/app10051685,Eliminating the Effect of Uncertainties of Cutting Forces by Fuzzy Controller for Robots in Milling Process,"This study presents a method of controlling robots based on fuzzy logic to eliminate the effect of uncertainties that are generated by the cutting forces in milling process. The common method to control industrial robots is based on the robot dynamic model and the differential equations of motion to compute the control values. The quantities in the differential equations of the motion of robots are complex and difficult to determine fully and accurately. The interaction forces between the cutting tool and the workpiece are the cutting forces, which are generated during the machining process. It is difficult to calculate the cutting force because it depends on many factors such as material of the machining part, depth of cut, feed rate, etc. This article presents the fuzzy rule system and the selection of the physical value domain of input and output variables of the fuzzy controller. The",2020,Applied Sciences,Phan Bùi Khôi; Hai Thanh Ha; S. Hoang,10.3390/app10051685,,https://doi.org/10.3390/app10051685,openalex,energy based model robot learning,concept,ebm,,17,industrial robot,2026-06-12T18:26:24Z,14.145,14.145
doi:10.1002/aaai.12148,Physical scene understanding,"Abstract Current AI systems still fail to match the flexibility, robustness, and generalizability of human intelligence: how even a young child can manipulate objects to achieve goals of their own invention or in cooperation, or can learn the essentials of a complex new task within minutes. We need AI with such embodied intelligence: transforming raw sensory inputs to rapidly build a rich understanding of the world for seeing, finding, and constructing things, achieving goals, and communicating with others. This problem of physical scene understanding is challenging because it requires a holistic interpretation of scenes, objects, and humans, including their geometry, physics, functionality, semantics, and modes of interaction, building upon studies across vision, learning, graphics, robotics, and AI. My research aims to address this problem by integrating bottom‐up recognition models, d",2024,AI Magazine,Jiajun Wu,10.1002/aaai.12148,,https://doi.org/10.1002/aaai.12148,crossref,3D scene understanding robot manipulation,concept,scene_understanding,,3,robot manipulation; 3D scene understanding; robustness,2026-06-12T15:07:36Z,14.143,15.143
doi:10.1126/scirobotics.abf1888,Neglected physical human-robot interaction may explain variable outcomes in gait neurorehabilitation research,"During gait neurorehabilitation, many factors influence the quality of gait patterns, particularly the chosen body-weight support (BWS) device. Consequently, robotic BWS devices play a key role in gait rehabilitation of people with neurological disorders. The device transparency, support force vector direction, and attachment to the harness vary widely across existing robotic BWS devices, but the influence of these factors on the production of gait remains unknown. Because this information is key to designing an optimal BWS, we systematically studied these determinants in this work. We report that with a highly transparent device and a conventional harness, healthy participants select a small backward force when asked for optimal BWS conditions. This unexpected finding challenges the view that during human-robot interactions, humans predominantly optimize energy efficiency. Instead, they",2021,Science Robotics,Michiel Plooij; Salil Apte; Urs Keller; Patricia Baines; Bram Sterke; Léonie Asboth; Grégoire Courtine; Joachim von Zitzewitz; Heike Vallery,10.1126/scirobotics.abf1888,,https://doi.org/10.1126/scirobotics.abf1888,openalex,robotics,concept,openalex_bulk_robotics,,23,human robot interaction,2026-06-12T18:57:17Z,14.139,14.139
doi:10.1016/j.ijnonlinmec.2006.11.011,Physical mechanism of the destabilizing effect of damping in continuous non-conservative dissipative systems,,2007,International Journal of Non-Linear Mechanics,Y. Sugiyama; M.A. Langthjem,10.1016/j.ijnonlinmec.2006.11.011,,https://doi.org/10.1016/j.ijnonlinmec.2006.11.011,crossref,non smooth mechanics robotics,anti_myopia,anti_thesis,,47,non smooth mechanics robotics,2026-06-12T15:07:36Z,14.136,17.136
doi:10.3390/app11093907,Exoscarne: Assistive Strategies for an Industrial Meat Cutting System Based on Physical Human-Robot Interaction,"Musculoskeletal disorders of the wrist are common in the meat industry. A proof of concept of a physical human-robot interaction (pHRI)-based assistive strategy for an industrial meat cutting system is demonstrated which can be transferred to an exoskeleton later. We discuss how a robot can assist a human in pHRI, specifically in the context of an industrial project i.e for the meat cutting industry. We developed an impedance control-based system that enables a KUKA LWR robot to provide assistive forces to a professional butcher while simultaneously allowing motion of the knife (tool) in all degrees of freedom. We developed two assistive strategies—a force amplification strategy and an intent prediction strategy—and integrated them into an impedance controller.",2021,Applied Sciences,Harsh Maithani; Juan Antonio Corrales Ramon; Laurent Lequievre; Youcef Mezouar; Matthieu Alric,10.3390/app11093907,,https://doi.org/10.3390/app11093907,crossref,Gaussian splatting robot perception assistive robot,concept,architecture_x_embodiment,,25,Gaussian splatting robot perception; assistive robot; impedance control; human robot interaction,2026-06-12T15:07:36Z,14.129,14.129
doi:10.1002/rcs.2428,An admittance‐controlled amplified force tracking scheme for collaborative lumbar puncture surgical robot system,"Abstract Background The accurate sensing and display of the delicate needle‐tissue interaction force to the operator is desirable for needle insertion procedures. It not only plays a significant role in the surgical treatment effect, but also has a great significance in improving surgical safety and reducing the incidence of complications. However, the direct detection of the interaction force between the tissue and needle tip by placement of a force sensor is challenging owing to the constraints of miniaturisation, cost, and sterilisation. Methods In this study, a new position‐based force‐to‐motion controller with magnified force feedback is presented to provide augmented force perception to the operator during needle insertion on the soft tissue. Furthermore, the demonstration to the position‐based low level motion controller is more suitable for needle insertion surgical requirements ",2022,The International Journal of Medical Robotics and Computer Assisted Surgery,Hongbing Li; Xun Nie; Ding Duan; Yuling Li; Jing Zhang; Min Zhou; Evgeni Magid,10.1002/rcs.2428,,https://doi.org/10.1002/rcs.2428,crossref,EBM transformer robotics surgical robot,concept,architecture_x_embodiment,,16,EBM transformer robotics; surgical robot; force control,2026-06-12T15:07:36Z,14.117,14.117
doi:10.1109/tmech.2019.2909081,Robotic Skill Learning for Precision Assembly With Microscopic Vision and Force Feedback,"This paper proposes a skill learning approach for precision assembly robot, aiming to realize efficient skill transfer from teacher to robot through several demonstrations. The framework is designed considering that a skill has multiple controllers and procedures. A complex skill is segmented to an action sequence according to the changes of the teacher's selective attention settings on the multiple system variables. The learning of each action is to select a predefined action class and learn its key parameters from the demonstration data. The action sequence forms a finite-state machine. To execute an action, first the action instance is generated from the action class and the learned parameters. Then at each time step, the action state is updated by the Gaussian mixture model based dynamical system and is sent to the lower level controller as the reference signal, so that the action st",2019,IEEE/ASME Transactions on Mechatronics,Fangbo Qin; De Xu; Dapeng Zhang; Ying Li,10.1109/tmech.2019.2909081,,https://doi.org/10.1109/tmech.2019.2909081,openalex,robotics,concept,openalex_bulk_robotics,,49,skill learning,2026-06-12T18:57:17Z,14.106,14.106
doi:10.1111/risa.14104,Role of reinforcement learning for risk‐based robust control of cyber‐physical energy systems,"Critical infrastructures such as cyber-physical energy systems (CPS-E) integrate information flow and physical operations that are vulnerable to natural and targeted failures. Safe, secure, and reliable operation and control of CPS-E is critical to ensure societal well-being and economic prosperity. Automated control is key for real-time operations and may be mathematically cast as a sequential decision-making problem under uncertainty. Emergence of data-driven techniques for decision making under uncertainty, such as reinforcement learning (RL), have led to promising advances for addressing sequential decision-making problems for risk-based robust CPS-E control. However, existing research challenges include understanding the applicability of RL methods across diverse CPS-E applications, addressing the effect of risk preferences across multiple RL methods, and development of open-source ",2023,Risk Analysis,Yan Du; Samrat Chatterjee; Arnab Bhattacharya; Ashutosh Dutta; Mahantesh Halappanavar,10.1111/risa.14104,,https://doi.org/10.1111/risa.14104,openalex,energy based model robot learning,concept,ebm,,4,,2026-06-12T18:26:24Z,14.105,16.105
doi:10.1109/tai.2024.3357658,Focal Transfer Graph Network and Its Application in Cross-Scene Hyperspectral Image Classification,,2024,IEEE Transactions on Artificial Intelligence,Haoyu Wang; Xiaomin Liu,10.1109/tai.2024.3357658,,https://doi.org/10.1109/tai.2024.3357658,crossref,scene graph robot learning,concept,architecture,,3,scene graph robot learning,2026-06-12T15:07:36Z,14.093,14.093
doi:10.1142/s0219843618500019,Active Tactile Transfer Learning for Object Discrimination in an Unstructured Environment Using Multimodal Robotic Skin,"In this paper, we propose a probabilistic active tactile transfer learning (ATTL) method to enable robotic systems to exploit their prior tactile knowledge while discriminating among objects via their physical properties (surface texture, stiffness, and thermal conductivity). Using the proposed method, the robot autonomously selects and exploits its most relevant prior tactile knowledge to efficiently learn about new unknown objects with a few training samples or even one. The experimental results show that using our proposed method, the robot successfully discriminated among new objects with [Formula: see text] discrimination accuracy using only one training sample (on-shot-tactile-learning). Furthermore, the results demonstrate that our method is robust against transferring irrelevant prior tactile knowledge (negative tactile knowledge transfer).",2018,International Journal of Humanoid Robotics,Mohsen Kaboli; Di Feng; Gordon Cheng,10.1142/s0219843618500019,,https://doi.org/10.1142/s0219843618500019,crossref,tactile language action robotics,concept,tactile,,37,,2026-06-12T15:07:36Z,14.069,15.069
doi:10.1007/s10514-015-9435-2,Adaptation of manipulation skills in physical contact with the environment to reference force profiles,,2015,Autonomous Robots,Fares J. Abu-Dakka; Bojan Nemec; Jimmy A. Jørgensen; Thiusius R. Savarimuthu; Norbert Krüger; Aleš Ude,10.1007/s10514-015-9435-2,,https://doi.org/10.1007/s10514-015-9435-2,crossref,robot world models manipulation,concept,world_models,,134,robot world model,2026-06-12T15:07:36Z,14.053,14.053
doi:10.1109/lra.2019.2896470,Sensor Transfer: Learning Optimal Sensor Effect Image Augmentation for Sim-to-Real Domain Adaptation,,2019,IEEE Robotics and Automation Letters,Alexandra Carlson; Katherine A. Skinner; Ram Vasudevan; Matthew Johnson-Roberson,10.1109/lra.2019.2896470,,https://doi.org/10.1109/lra.2019.2896470,crossref,online adaptation robot learning,concept,adaptation,,26,online adaptation,2026-06-12T14:45:03Z,14.048,15.048
doi:10.1109/simpar.2018.8376268,Reinforcement learning for non-prehensile manipulation: Transfer from simulation to physical system,,2018,"2018 IEEE International Conference on Simulation, Modeling, and Programming for Autonomous Robots (SIMPAR)",Kendall Lowrey; Svetoslav Kolev; Jeremy Dao; Aravind Rajeswaran; Emanuel Todorov,10.1109/simpar.2018.8376268,,https://doi.org/10.1109/simpar.2018.8376268,crossref,contact rich manipulation learning,concept,contact,,39,contact rich manipulation,2026-06-12T15:07:36Z,14.044,14.044
doi:10.1109/iros.2016.7759151,Hybrid force/velocity control for physical human-robot collaboration tasks,,2016,2016 IEEE/RSJ International Conference on Intelligent Robots and Systems (IROS),Emanuele Magrini; Alessandro De Luca,10.1109/iros.2016.7759151,,https://doi.org/10.1109/iros.2016.7759151,crossref,hybrid systems robot control manipulation,anti_myopia,control,,25,hybrid systems,2026-06-12T15:07:36Z,14.029,17.029
doi:10.1109/biorob.2012.6290910,Effect of force feedback on performance of robotics-assisted suturing,"This paper is aimed at exploring the effect of force feedback on the performance of a knot-tightening task in robotics-assisted minimally invasive surgery (RAMIS). In this work, we evaluate performance during the knot-tightening task in three scenarios: without force feedback, with visual force feedback and with direct force reflection on the subject's hand. Different performance measures have been implemented: quality of the knot, amount and consistency of the tightening force applied on the suture, user's control of the instrument, tissue damage, and task completion time. Seven subjects participated in this study and were asked to tighten the second throw of surgical knots using a dual arm teleoperation system that is capable of force reflection in 7 Degrees of Freedom (DOFs), 6-DOF rigid body motion plus the gripper. The results show that visual force feedback allows superior performa",2012,,Ali Talasaz; Ana Luisa Trejos; Rajni V. Patel,10.1109/biorob.2012.6290910,,https://doi.org/10.1109/biorob.2012.6290910,openalex,robotics,concept,openalex_bulk_robotics,,27,teleoperation,2026-06-12T18:57:17Z,14.016,14.016
doi:10.24963/ijcai.2017/484,Tensor Based Knowledge Transfer Across Skill Categories for Robot Control,"Advances in hardware and learning for control are enabling robots to perform increasingly dextrous and dynamic control tasks. These skills typically require a prohibitive amount of exploration for reinforcement learning, and so are commonly achieved by imitation learning from manual demonstration. The costly non-scalable nature of manual demonstration has motivated work into skill generalisation, e.g., through contextual policies and options. Despite good results, existing work along these lines is limited to generalising across variants of one skill such as throwing an object to different locations. In this paper we go significantly further and investigate generalisation across qualitatively different classes of control skills. In particular, we introduce a class of neural network controllers that can realise four distinct skill classes: reaching, object throwing, casting, and ball-in-c",2017,,Chenyang Zhao; Timothy Hospedales; Freek Stulp; Olivier Sigaud,10.24963/ijcai.2017/484,,https://doi.org/10.24963/ijcai.2017/484,openalex,robotics,concept,openalex_bulk_robotics,,24,imitation learning,2026-06-12T18:57:17Z,14.009,14.009
doi:10.3389/frobt.2021.631371,A Deep Learning Method for Vision Based Force Prediction of a Soft Fin Ray Gripper Using Simulation Data,"Soft robotic grippers are increasingly desired in applications that involve grasping of complex and deformable objects. However, their flexible nature and non-linear dynamics makes the modelling and control difficult. Numerical techniques such as Finite Element Analysis (FEA) present an accurate way of modelling complex deformations. However, FEA approaches are computationally expensive and consequently challenging to employ for real-time control tasks. Existing analytical techniques simplify the modelling by approximating the deformed gripper geometry. Although this approach is less computationally demanding, it is limited in design scope and can lead to larger estimation errors. In this paper, we present a learning based framework that is able to predict contact forces as well as stress distribution from soft Fin Ray Effect (FRE) finger images in real-time. These images are used to lea",2021,Frontiers in Robotics and AI,Daniel De Barrie; Manjari Pandya; Harit Pandya; Marc Hanheide; Khaled Elgeneidy,10.3389/frobt.2021.631371,,https://doi.org/10.3389/frobt.2021.631371,crossref,EBM transformer robotics soft robot manipulation,concept,architecture_x_embodiment,,40,EBM transformer robotics; robot manipulation; soft robot manipulation; occlusion,2026-06-12T15:07:36Z,14.007,14.007
doi:10.1109/icra.2018.8462886,Cross-Layer Retrofitting of UAVs Against Cyber-Physical Attacks,,2018,2018 IEEE International Conference on Robotics and Automation (ICRA),Fan Fei; Zhan Tu; Ruikun Yu; Taegyu Kim; Xiangyu Zhang; Dongyan Xu; Xinyan Deng,10.1109/icra.2018.8462886,,https://doi.org/10.1109/icra.2018.8462886,crossref,robotics,concept,crossref_bulk_robotics,,36,,2026-06-12T19:29:26Z,14.005,14.005
doi:10.1016/j.neucom.2023.01.076,Uncertainty-aware transfer across tasks using hybrid model-based successor feature reinforcement learning☆,,2023,Neurocomputing,Parvin Malekzadeh; Ming Hou; Konstantinos N. Plataniotis,10.1016/j.neucom.2023.01.076,,https://doi.org/10.1016/j.neucom.2023.01.076,crossref,model based reinforcement learning robotics,concept,architecture,,4,model based reinforcement learning robotics,2026-06-12T15:07:36Z,14.005,15.005
doi:10.2139/ssrn.6885697,The ANTERO Gripper: Design Optimization and Contact-Force Estimation for Safe Human Limb Manipulation,"Compliant underactuated mechanisms are well-suited to safe physical human–robot interaction, but their use in robotic physical therapy is limited by modeling assumptions that poorly capture human limb geometry and by payload capacities insufficient to support human limbs. This work presents a higher-fidelity quasi-static force-transmission model, a design optimization framework, and a novel embodiment of a compliant five-bar linkage gripper. The model relaxes three assumptions common in prior work-zero-thickness finger pads, circular object cross-sections, and fixed midpoint contact-by computing contact locations online for elliptical limb geometries and accounting for palm reaction forces. A discrete-gradient optimization framework simultaneously synthesizes linkage dimensions and compliance to balance mechanical advantage against feasible workspace coverage. These contributions are val",,,Alexander Ambrose; Jacob Tomczeszyn; Luis Sentis,10.2139/ssrn.6885697,,https://doi.org/10.2139/ssrn.6885697,crossref,contact rich manipulation learning,concept,contact,,,contact rich manipulation; human robot interaction,2026-06-12T14:45:03Z,14.000,14.000
doi:10.2139/ssrn.6668118,RAPL:A High-Fidelity Residual-Attention Surrogate Enabling Cross-Forcing Generalization of Differentiable Parameter Learning for Land Surface Models,"Accurate parameter estimation in land surface models is limited by computational cost, equifinality, and poor transferability across forcing conditions. Differentiable surrogate-based frameworks offer a scalable alternative, but their reliability depends on whether the surrogate preserves the response structure of the physical model under distribution shift. Here we develop Residual-Attention Parameter Learning (RAPL), a structurally enhanced surrogate that combines recurrent temporal encoding, multi-head self-attention, and residual refinement for large-scale optimization of soil hydraulic parameters in the Common Land Model across the conterminous United States. Using a zero-shot cross-forcing design, we optimize parameters under ERA5 forcing and transfer them directly, without recalibration, to simulations driven by CRUJRA and JRA-55. RAPL consistently outperforms the baseline surroga",,,Qiyu Li; Zenghui Liu; Qingliang Li; Zhongwang Wei; Wei Shangguan; Hua Yuan; Yuguang Yan; Jing Wang; Yunfeng Lv; Xiaoming Shi; Yongjiu Dai,10.2139/ssrn.6668118,,https://doi.org/10.2139/ssrn.6668118,crossref,differentiable physics robot learning,concept,architecture,,,differentiable physics robot learning; generalization; distribution shift,2026-06-12T15:07:36Z,14.000,15.000
doi:10.3390/app142411974,Bridging Data Distribution Gaps: Test-Time Adaptation for Enhancing Cross-Scenario Pavement Distress Detection,"Automatic pavement distress detection using deep learning has revolutionized maintenance efficiency, but deploying models in new, unseen scenarios presents significant challenges due to shifts in data distribution. Traditional transfer learning requires extensive labeled data from the new domain, which is both time-consuming and costly. This paper proposes a test-time adaptation (TTA) framework that addresses feature distribution biases across different scenes, including differences in background, perspective, and environmental conditions. It adapts models at inference time without requiring additional labeled data, making it a promising solution for cross-scenario applications. The framework dynamically adapts the model to these biases by generating domain-specific prior knowledge, applying perspective correction, and generating global attention maps to reduce focus on irrelevant elemen",2024,Applied Sciences,Yushuo Hou; Yishun Li; Mengyun Du; Lunpeng Li; Difei Wu; Jiang Yu,10.3390/app142411974,,https://doi.org/10.3390/app142411974,crossref,test time adaptation robot policy,concept,adaptation,,2,test time adaptation; deployment,2026-06-12T15:07:36Z,13.999,14.999
doi:10.1145/3711939,From Product to Producer: The Impact of Perceptual Evidence and Robot Embodiment on the Human Assessment of AI Creativity,"While creative artificial intelligence (AI) is becoming integral to our lives, we know little about what makes us call AI “creative”. Informed by prior theoretical and empirical work, we investigate how perceiving evidence of a creative act beyond the final product affects our assessment of robot creativity. We study embodiment morphology as a potential moderator of this relationship, informing a 3 × 2 factorial design. In two lab experiments on visual art, participants (N = 30 + 60) assessed drawings produced by two physical robots with different morphologies, under exposure to product, process and producer as three levels of perceptual evidence. The data supports that the human assessment of robot creativity is significantly higher the more is revealed beyond the product about the creation process, and eventually the producer. We find no significant effects of embodiment morphology, co",2025,ACM Transactions on Human-Robot Interaction,Niki Pennanen; Simo Linkola; Anna Kantosalo; Nicolas Hiillos; Tomi Männistö; Christian Guckelsberger,10.1145/3711939,,https://doi.org/10.1145/3711939,crossref,learning robot manipulation from human video,concept,human_data,,1,robot manipulation,2026-06-12T15:07:36Z,13.997,13.997
