uid,title,abstract,year,venue,authors,doi,arxiv_id,url,source,query,query_role,family,advisor_seed,citation_count,matched_terms,retrieved_at,relevance_score,hostile_score
arxiv:2511.01177v2,Scaling Cross-Embodiment World Models for Dexterous Manipulation,"Cross-embodiment learning seeks to build generalist robots that operate across diverse morphologies, but differences in action spaces and kinematics hinder data sharing and policy transfer. This raises a central question: Is there any invariance that allows actions to transfer across embodiments? We conjecture that environment dynamics are embodiment-invariant, and that world models capturing these dynamics can provide a unified interface across embodiments. To learn such a unified world model, the crucial step is to design state and action representations that abstract away embodiment-specific details while preserving control relevance. To this end, we represent different embodiments (e.g., human hands and robot hands) as sets of 3D particles and define actions as particle displacements, creating a shared representation for heterogeneous data and control problems. A graph-based world mo",2025,arXiv,Zihao He; Bo Ai; Tongzhou Mu; Yulin Liu; Weikang Wan; Jiawei Fu; Yilun Du; Henrik I. Christensen; Hao Su,,2511.01177v2,http://arxiv.org/abs/2511.01177v2,arxiv,robot world models manipulation,concept,world_models,,,robot world model; dexterous manipulation; robot hand; generalization; deployment,2026-06-12T14:45:03Z,23.900,26.900
arxiv:2412.15166v1,Human-Humanoid Robots Cross-Embodiment Behavior-Skill Transfer Using Decomposed Adversarial Learning from Demonstration,"Humanoid robots are envisioned as embodied intelligent agents capable of performing a wide range of human-level loco-manipulation tasks, particularly in scenarios requiring strenuous and repetitive labor. However, learning these skills is challenging due to the high degrees of freedom of humanoid robots, and collecting sufficient training data for humanoid is a laborious process. Given the rapid introduction of new humanoid platforms, a cross-embodiment framework that allows generalizable skill transfer is becoming increasingly critical. To address this, we propose a transferable framework that reduces the data bottleneck by using a unified digital human model as a common prototype and bypassing the need for re-training on every new robot platform. The model learns behavior primitives from human demonstrations through adversarial imitation, and the complex robot structures are decomposed",2024,arXiv,Junjia Liu; Zhuo Li; Minghao Yu; Zhipeng Dong; Sylvain Calinon; Darwin Caldwell; Fei Chen,,2412.15166v1,http://arxiv.org/abs/2412.15166v1,arxiv,EBM transformer robotics embodied agent,concept,architecture_x_embodiment,,,EBM transformer robotics; humanoid robot; embodied agent; human demonstration; generalization,2026-06-12T15:07:36Z,22.000,23.000
arxiv:2605.23733v1,Any2Any: Efficient Cross-Embodiment Transfer for Humanoid Whole-Body Tracking,"Whole-body tracking (WBT) models have become a key foundation for humanoid robots, enabling them to imitate diverse motions with high fidelity. Training such models from scratch requires large-scale data and computation, making rapid deployment on new humanoid platforms costly. This raises a natural question: Can pretrained WBT models transfer across embodiments with minimal adaptation? To answer this question, we propose Any2Any, a paradigm that efficiently transfers an existing WBT specialist to a new humanoid embodiment with only a small amount of data and compute. Any2Any first performs kinematic alignment between source and target humanoids, aligning their input and output spaces so that the pretrained source policy can be meaningfully reused on the target embodiment.Any2Any then performs dynamics adaptation by applying lightweight parameter-efficient fine-tuning (PEFT) components t",2026,arXiv,Ming Yang; Tao Yu; Feng Li; Hua Chen,,2605.23733v1,http://arxiv.org/abs/2605.23733v1,arxiv,whole body manipulation humanoid,concept,humanoid,,,humanoid robot; cross embodiment transfer; deployment,2026-06-12T14:45:03Z,21.850,22.850
doi:10.1002/aisy.202100047,Interactive Force Control Based on Multimodal Robot Skin for Physical Human−Robot Collaboration,"This work proposes and realizes a control architecture that can support the deployment of a large‐scale robot skin in a Human‐Robot Collaboration scenario. It is shown, how whole‐body tactile feedback can extend the capabilities of robots during dynamic interactions by providing information about multiple contacts across the robot's surface. Specifically, an uncalibrated skin system is used to implement stable force control while simultaneously handling the multi‐contact interactions of a user. The system formulates control tasks for force control, tactile guidance, collision avoidance, and compliance, and fuses them with a multi‐priority redundancy resolution strategy. The approach is evaluated on an omnidirectional mobile‐manipulator with dual arms covered with robot skin. Results are assessed under dynamic conditions, showing that multi‐modal tactile information enables robust force c",2022,Advanced Intelligent Systems,Simon Armleder; Emmanuel Dean-Leon; Florian Bergner; Gordon Cheng,10.1002/aisy.202100047,,https://doi.org/10.1002/aisy.202100047,crossref,hybrid systems robot control manipulation,anti_myopia,control,,25,force control; hybrid systems; deployment,2026-06-12T15:07:36Z,17.929,21.929
doi:10.21203/rs.3.rs-9525948/v1,"Domain-Generalizable Emotion Recognition across Social Media, Sitcom Dialogues, and Online Video Transcripts via Large Language Model-Guided Invariant Emotion Explanations","Abstract Emotion recognition models typically assume that training and test data are drawn from the same domain, yet real-world deployment requires generalization across heterogeneous text sources such as social media comments, scripted dialogues, and spontaneous video transcripts. This study investigates whether large language models can improve cross-domain emotion generalization by generating structured, domain-invariant emotion explanations rather than direct classification labels. Using only three publicly available datasets—GoEmotions, MELD, and CMU-MOSEI—we harmonize their label spaces into a unified seven-emotion taxonomy and design a rigorous cross-domain evaluation protocol covering single-source transfer, multi-source domain generalization, and within-domain upper-bound experiments. The proposed framework, LIDER (Large Language Model-Guided Invariant Domain Emotion Recognition",,,Haiting Jia; Long Ye; Ming Guo,10.21203/rs.3.rs-9525948/v1,,https://doi.org/10.21203/rs.3.rs-9525948/v1,crossref,large language model limitation robot planning,anti_myopia,anti_thesis,,,limitation; generalization; ablation; deployment; large language model limitation robot planning,2026-06-12T15:07:36Z,12.250,21.250
arxiv:2512.01946v3,Scaling Cross-Environment Failure Reasoning Data for Vision-Language Robotic Manipulation,"Robust robotic manipulation requires reliable failure detection and recovery. Although recent Vision-Language Models (VLMs) show promise in robot failure detection, their generalization is severely limited by the scarcity and narrow coverage of failure data. To address this bottleneck, we propose an automatic framework for generating diverse robotic planning and execution failures across both simulated and real-world environments. Our approach perturbs successful manipulation trajectories to synthesize failures that reflect realistic failure distributions, and leverages VLMs to produce structured step-by-step reasoning traces. This yields FailCoT, a large-scale failure reasoning dataset built upon the RLBench simulator and the BridgeDataV2 real-robot dataset. Using FailCoT, we train Guardian, a multi-view reasoning VLM for unified planning and execution verification. Guardian achieves st",2025,arXiv,Paul Pacaud; Ricardo Garcia; Shizhe Chen; Cordelia Schmid,,2512.01946v3,http://arxiv.org/abs/2512.01946v3,arxiv,robot world model failure planning,hostile,failure,,,robot world model; failure detection; benchmark; generalization; deployment; robot world model failure,2026-06-12T14:45:03Z,12.150,21.150
doi:10.31221/osf.io/v2ncb,Predictive model on the effect of restrictor on transfer function parameters on pneumatic control system,"Mathematical model was developed to monitor and predict the influence ofrestrictor or the characteristics of the functional parameters of the transferfunction for pneumatic control system. The force acting from bellow is directlyproportional to the effective cross-sectional area of the base which yieldedextension of the bellow in both horizontal and vertical as well as its extensionrate is dependent on the influence of the restrictor. The pneumatic controllerrepresents the main force control operator in many industrial applications,where it’s static and dynamic characteristics play an important role in the overallbehavior of the control system, the total differential expression obtained in termsof restrictor pressure change per unit change in time was presented. The generalsolution equation established was resolved using the mathematical concept oflaplace transformation as well as applic",,,Chem Int,10.31221/osf.io/v2ncb,,https://doi.org/10.31221/osf.io/v2ncb,crossref,model predictive control robot learning,anti_myopia,control,,,force control; model predictive control,2026-06-12T15:07:36Z,16.900,20.900
arxiv:2512.13100v1,OXE-AugE: A Large-Scale Robot Augmentation of OXE for Scaling Cross-Embodiment Policy Learning,"Large and diverse datasets are needed for training generalist robot policies that have potential to control a variety of robot embodiments -- robot arm and gripper combinations -- across diverse tasks and environments. As re-collecting demonstrations and retraining for each new hardware platform are prohibitively costly, we show that existing robot data can be augmented for transfer and generalization. The Open X-Embodiment (OXE) dataset, which aggregates demonstrations from over 60 robot datasets, has been widely used as the foundation for training generalist policies. However, it is highly imbalanced: the top four robot types account for over 85\% of its real data, which risks overfitting to robot-scene combinations. We present AugE-Toolkit, a scalable robot augmentation pipeline, and OXE-AugE, a high-quality open-source dataset that augments OXE with 9 different robot embodiments. OXE",2025,arXiv,Guanhua Ji; Harsha Polavaram; Lawrence Yunliang Chen; Sandeep Bajamahal; Zehan Ma; Simeon Adebola; Chenfeng Xu; Ken Goldberg,,2512.13100v1,http://arxiv.org/abs/2512.13100v1,arxiv,retrieval augmented robot policy,concept,architecture,,,retrieval augmented robot policy; generalization; distribution shift,2026-06-12T15:07:36Z,18.850,20.850
doi:10.1109/lra.2024.3360013,Transferability in the Automatic Off-Line Design of Robot Swarms: From Sim-to-Real to Embodiment and Design-Method Transfer Across Different Platforms,,2024,IEEE Robotics and Automation Letters,Miquel Kegeleirs; David Garzón Ramos; Ken Hasselmann; Lorenzo Garattoni; Gianpiero Francesca; Mauro Birattari,10.1109/lra.2024.3360013,,https://doi.org/10.1109/lra.2024.3360013,crossref,sim to real robot manipulation,concept,sim2real,,9,robot manipulation,2026-06-12T14:45:03Z,19.551,20.551
doi:10.3390/robotics14120180,Sim2Real Transfer of Imitation Learning of Motion Control for Car-like Mobile Robots Using Digital Twin Testbed,"Reliable transfer of control policies from simulation to real-world robotic systems remains a central challenge in robotics, particularly for car-like mobile robots. Digital Twin (DT) technology provides a robust framework for high-fidelity replication of physical platforms and bi-directional synchronization between virtual and real environments. In this study, a DT-based testbed is developed to train and evaluate an imitation learning (IL) control framework in which a neural network policy learns to replicate the behavior of a hybrid Model Predictive Control (MPC)–Backstepping expert controller. The DT framework ensures consistent benchmarking between simulated and physical execution, supporting a structured and safe process for policy validation and deployment. Experimental analysis demonstrates that the learned policy effectively reproduces expert behavior, achieving bounded trajector",2025,Robotics,Narges Mohaghegh; Hai Wang; Amirmehdi Yazdani,10.3390/robotics14120180,,https://doi.org/10.3390/robotics14120180,crossref,task and motion planning robotics,anti_myopia,classic,,1,model predictive control; motion planning; task and motion planning; imitation learning; benchmark; deployment,2026-06-12T15:07:36Z,12.247,20.247
arxiv:2605.11564v1,RIO: Flexible Real-Time Robot I/O for Cross-Embodiment Robot Learning,"Despite recent efforts to collect multi-task, multi-embodiment datasets, to design recipes for training Vision-Language-Action models (VLAs), and to showcase these models on different robot platforms, generalist cross-embodiment robot capabilities remains a largely elusive ideal. Progress is limited by fragmented infrastructure: most robot code is highly specific to the exact setup the user decided on, which adds major overhead when attempting to reuse, recycle, or share artifacts between users. We present RIO (Robot I/O), an open source Python framework that provides flexible, lightweight components for robot control, teleoperation, data formatting, sensor configuration, and policy deployment across diverse hardware platforms and morphologies. RIO provides abstractions that enable users to make any choice and to switch between them, with minimal reconfiguration effort. We validate RIO o",2026,arXiv,Pablo Ortega-Kral; Eliot Xing; Arthur Bucker; Vernon Luk; Junseo Kim; Owen Kwon; Angchen Xie; Nikhil Sobanbabu; Yifu Yuan; Megan Lee; Deepam Ameria; Bhaswanth Ayapilla; Jaycie Bussell; Guanya Shi; Jonathan Francis; Jean Oh,,2605.11564v1,http://arxiv.org/abs/2605.11564v1,arxiv,EBM transformer robotics embodied agent,concept,architecture_x_embodiment,,,EBM transformer robotics; vision language action model; embodied agent; teleoperation; deployment,2026-06-12T15:07:36Z,19.200,20.200
doi:10.1109/naps52732.2021.9654717,Risk-based Classical Failure Mode and Effect Analysis (FMEA) of Microgrid Cyber-physical Energy Systems,,2021,2021 North American Power Symposium (NAPS),Shravan Kumar Akula; Hossein Salehfar,10.1109/naps52732.2021.9654717,,https://doi.org/10.1109/naps52732.2021.9654717,crossref,robot foundation model failure mode,hostile,failure,,15,robot foundation model; failure mode,2026-06-12T15:07:36Z,15.186,20.186
doi:10.1109/tii.2023.3280320,Dynamic Motion Primitives-Based Trajectory Learning for Physical Human–Robot Interaction Force Control,,2024,IEEE Transactions on Industrial Informatics,Xueyan Xing; Kamran Maqsood; Chao Zeng; Chenguang Yang; Shuai Yuan; Yanan Li,10.1109/tii.2023.3280320,,https://doi.org/10.1109/tii.2023.3280320,crossref,trajectory transformer robot control,concept,transformers,,23,trajectory transformer; force control; human robot interaction,2026-06-12T15:07:36Z,19.989,19.989
doi:10.1109/cvpr.2015.7298860,Learning a non-linear knowledge transfer model for cross-view action recognition,,2015,2015 IEEE Conference on Computer Vision and Pattern Recognition (CVPR),Hossein Rahmani; Ajmal Mian,10.1109/cvpr.2015.7298860,,https://doi.org/10.1109/cvpr.2015.7298860,crossref,vision language action model limitation robotics,hostile,failure,,102,vision language action model; limitation,2026-06-12T15:07:36Z,14.917,19.917
doi:10.15607/rss.2024.xx.069,MIRAGE: Cross-Embodiment Zero-Shot Policy Transfer with Cross-Painting,,2024,Robotics: Science and Systems XX,Lawrence Chen; Karthik Dharmarajan; Kush Hari; Chenfeng Xu; Quan Vuong; Ken Goldberg,10.15607/rss.2024.xx.069,,https://doi.org/10.15607/rss.2024.xx.069,crossref,score based policy robotics,concept,diffusion,,18,,2026-06-12T15:07:36Z,19.872,19.872
arxiv:2509.11865v1,Tenma: Robust Cross-Embodiment Robot Manipulation with Diffusion Transformer,"Scaling Transformer policies and diffusion models has advanced robotic manipulation, yet combining these techniques in lightweight, cross-embodiment learning settings remains challenging. We study design choices that most affect stability and performance for diffusion-transformer policies trained on heterogeneous, multimodal robot data, and introduce Tenma, a lightweight diffusion-transformer for bi-manual arm control. Tenma integrates multiview RGB, proprioception, and language via a cross-embodiment normalizer that maps disparate state/action spaces into a shared latent space; a Joint State-Time encoder for temporally aligned observation learning with inference speed boosts; and a diffusion action decoder optimized for training stability and learning capacity. Across benchmarks and under matched compute, Tenma achieves an average success rate of 88.95% in-distribution and maintains str",2025,arXiv,Travis Davies; Yiqi Huang; Yunxin Liu; Xiang Chen; Huxian Liu; Luhui Hu,,2509.11865v1,http://arxiv.org/abs/2509.11865v1,arxiv,diffusion policy robot manipulation,concept,diffusion,,,diffusion policy; robot manipulation; proprioception; imitation learning; benchmark; generalization,2026-06-12T14:45:03Z,16.850,19.850
doi:10.48550/arxiv.2406.01968,Cross-Embodiment Robot Manipulation Skill Transfer using Latent Space Alignment,"This paper focuses on transferring control policies between robot manipulators with different morphology. While reinforcement learning (RL) methods have shown successful results in robot manipulation tasks, transferring a trained policy from simulation to a real robot or deploying it on a robot with different states, actions, or kinematics is challenging. To achieve cross-embodiment policy transfer, our key insight is to project the state and action spaces of the source and target robots to a common latent space representation. We first introduce encoders and decoders to associate the states and actions of the source robot with a latent space. The encoders, decoders, and a latent space control policy are trained simultaneously using loss functions measuring task performance, latent dynamics consistency, and encoder-decoder ability to reconstruct the original states and actions. To transf",2024,arXiv (Cornell University),Tianyu Wang; Dwait Bhatt; Xiaolong Wang; Nikolay Atanasov,10.48550/arxiv.2406.01968,,https://doi.org/10.48550/arxiv.2406.01968,openalex,energy based transformer robot policy,concept,ebm_transformer,,1,energy based transformer robot policy; robot manipulation; cross embodiment transfer,2026-06-12T18:05:07Z,19.847,19.847
doi:10.3390/fi12110205,Failure Mode and Effect Analysis for Cyber-Physical Systems,"Cyber-Physical Systems (CPS) are a prominent component of the modern digital transformation, which combines the dynamics of the physical processes with those of software and networks. Critical infrastructures have built-in CPS, and assessing its risk is crucial to avoid significant losses, both economic and social. As CPS are increasingly attached to the world’s main industries, these systems’ criticality depends not only on software efficiency and availability but also on cyber-security awareness. Given this, and because Failure Mode and Effect Analysis (FMEA) is one of the most effective methods to assess critical infrastructures’ risk, in this paper, we show how this method performs in the analysis of CPS threats, also exposing the main drawbacks concerning CPS risk assessment. We first propose a risk prevention analysis to the Communications-Based Train Control (CBTC) system, which i",2020,Future Internet,João Oliveira; Gonçalo Carvalho; Bruno Cabral; Jorge Bernardino,10.3390/fi12110205,,https://doi.org/10.3390/fi12110205,crossref,robot foundation model failure mode,hostile,failure,,21,robot foundation model; failure mode,2026-06-12T15:07:36Z,15.846,19.846
doi:10.18653/v1/2024.alvr-1.13,Improving Vision-Language Cross-Lingual Transfer with Scheduled Unfreezing,,2024,Proceedings of the 3rd Workshop on Advances in Language and Vision Research (ALVR),Max Reinhardt; Gregor Geigle; Radu Timofte; Goran Glavaš,10.18653/v1/2024.alvr-1.13,,https://doi.org/10.18653/v1/2024.alvr-1.13,crossref,vision language action model limitation robotics,hostile,failure,,1,vision language action model; limitation,2026-06-12T15:07:36Z,14.747,19.747
doi:10.18653/v1/2022.emnlp-main.400,Toward the Limitation of Code-Switching in Cross-Lingual Transfer,,2022,Proceedings of the 2022 Conference on Empirical Methods in Natural Language Processing,Yukun Feng; Feng Li; Philipp Koehn,10.18653/v1/2022.emnlp-main.400,,https://doi.org/10.18653/v1/2022.emnlp-main.400,crossref,vision language action model limitation robotics,hostile,failure,,3,vision language action model; limitation,2026-06-12T15:07:36Z,14.693,19.693
doi:10.71443/9789349552982-06,Transfer Learning and Domain Adaptation Techniques in Deep Reinforcement Learning for Cross-Domain Tasks,"This book chapter explores the emerging synergy between Transfer Learning and Domain Adaptation techniques in Deep Reinforcement Learning (DRL), with a focus on their application to cross-domain tasks. As DRL continues to revolutionize various fields, the challenge of transferring learned knowledge across different domains remains a critical obstacle. This chapter delves into the theoretical foundations of transfer learning and domain adaptation, highlighting their significance in enhancing the generalization capabilities of DRL agents. It presents advanced methodologies for applying these techniques in complex real-world applications, including robotics, autonomous driving, and video game AI. The chapter examines hybrid models that integrate both approaches to improve performance in unfamiliar environments, offering insights into their potential and limitations. By addressing existing c",2025,Deep Reinforcement Learning Applications in Autonomous Systems and Decision Making,J Jayaganesh; Vanathi M,10.71443/9789349552982-06,,https://doi.org/10.71443/9789349552982-06,crossref,online adaptation robot learning,concept,adaptation,,,online adaptation; limitation; generalization,2026-06-12T15:07:36Z,16.650,19.650
doi:10.1088/1361-6501/ae5f3c,Uncertainty alignment guided mixture of experts for cross-domain rotating machinery fault diagnosis,"Abstract Unsupervised domain adaptation (UDA) has emerged as a crucial technique in intelligent machinery fault diagnosis, primarily to address the performance degradation caused by variable operating conditions without the need for expensive target domain labeling. However, the efficacy of UDA is often compromised by the significant physical discrepancies between domains common in industrial environments. These variations result in drastic shifts in signal patterns, creating ambiguous samples that possess low transferability. Conventional UDA approaches enforce indiscriminate alignment across the entire distribution, forcing the matching of these outliers, inevitably leading to negative transfer and misdiagnosis. In order to overcome these issues, an entropy-driven uncertainty alignment guided mixture of experts (EMoEs) is proposed for fault diagnosis of machinery under variable operati",2026,Measurement Science and Technology,Juntao Wang; Caiming Zhong; Yu Tian,10.1088/1361-6501/ae5f3c,,https://doi.org/10.1088/1361-6501/ae5f3c,crossref,mixture of experts robot policy,concept,architecture,,,mixture of experts robot policy; generalization; robustness,2026-06-12T15:07:36Z,15.650,19.650
doi:10.1609/aaai.v40i8.37583,Any-Optical-Model: A Universal Foundation Model for Optical Remote Sensing,"Optical satellites, with their diverse band layouts and ground sampling distances, supply indispensable evidence for tasks ranging from ecosystem surveillance to emergency response. However, significant discrepancies in band composition and spatial resolution across different optical sensors present major challenges for existing Remote Sensing Foundation Models (RSFMs). These models are typically pretrained on fixed band configurations and resolutions, making them vulnerable to real world scenarios involving missing bands, cross sensor fusion, and unseen spatial scales, thereby limiting their generalization and practical deployment. To address these limitations, we propose Any Optical Model (AOM), a universal RSFM explicitly designed to accommodate arbitrary band compositions, sensor types, and resolution scales. To preserve distinctive spectral characteristics even when bands are missin",2026,Proceedings of the AAAI Conference on Artificial Intelligence,Xuyang Li; Chenyu Li; Danfeng Hong,10.1609/aaai.v40i8.37583,,https://doi.org/10.1609/aaai.v40i8.37583,crossref,robot foundation model failure mode,hostile,failure,,,robot foundation model; failure mode; limitation; generalization; deployment,2026-06-12T15:07:36Z,11.650,19.650
doi:10.1109/tetc.2013.2274044,A Cross-Domain Recommendation Model for Cyber-Physical Systems,"Cyber-physical systems (CPS) are often characterized as smart systems, which intelligently interact with other systems across information and physical interfaces. An increased dependence on CPS led to the collection of a vast amount of human-centric data, which brings the information overload problem across multiple domains. Recommender systems in CPS, which always provide information recommendations for users based on historical ratings collected from a single domain only, suffer from the data sparsity problem. Recently, several recommendation models have been proposed to transfer knowledge across multiple domains to alleviate the sparsity problem, which typically assumes that multiple domains share a latent common rating pattern. However, real-world related domains do not necessarily share such a rating pattern, and diversity across domains might outweigh the advantages of such common ",2013,IEEE Transactions on Emerging Topics in Computing,Sheng Gao; Hao Luo; Da Chen; Shantao Li; Patrick Gallinari; Zhanyu Ma; Jun Guo,10.1109/tetc.2013.2274044,,https://doi.org/10.1109/tetc.2013.2274044,openalex,energy based model robot learning,concept,ebm,,44,,2026-06-12T18:26:24Z,18.603,19.603
doi:10.1109/icar65334.2025.11338657,MMVLA-EXT: Multi-Modal Vision-Language-Action Model with Efficient Cross-Platform Task Transfer,,2025,2025 IEEE International Conference on Advanced Robotics (ICAR),Sheng Guo; Ruiteng Zhao; Jinxian Zhou; Chenchen Liu; Zhiyang Liu; Lei Zhou; Jiawei Sun; Chengran Yuan; Zhengshen Zhang; Francis Tay; Marcelo H Ang,10.1109/icar65334.2025.11338657,,https://doi.org/10.1109/icar65334.2025.11338657,crossref,vision language action model limitation robotics,hostile,failure,,,vision language action model; limitation,2026-06-12T14:45:03Z,14.600,19.600
doi:10.1109/mra.2025.3527283,"Human–Humanoid Robots’ Cross-Embodiment Behavior-Skill Transfer Using Decomposed Adversarial Learning From Demonstration: HOTU, a Human–Humanoid Robots’ Skill Transfer Framework",,2025,IEEE Robotics & Automation Magazine,Junjia Liu; Zhuo Li; Minghao Yu; Zhipeng Dong; Sylvain Calinon; Darwin Caldwell; Fei Chen,10.1109/mra.2025.3527283,,https://doi.org/10.1109/mra.2025.3527283,crossref,learning robot manipulation from human video,concept,human_data,,6,robot manipulation; humanoid robot,2026-06-12T15:07:36Z,19.573,19.573
doi:10.1080/19397038.2019.1592261,Diffusion mechanism and effect of mass transfer limitation during the adsorption of CO 2 by polyaspartamide in a packed-bed unit,,2020,International Journal of Sustainable Engineering,Kelvin O. Yoro; Mutiu K. Amosa; Patrick T. Sekoai; Jean Mulopo; Michael O. Daramola,10.1080/19397038.2019.1592261,,https://doi.org/10.1080/19397038.2019.1592261,crossref,diffusion policy limitation,anti_myopia,anti_thesis,,79,diffusion policy; limitation; diffusion policy limitation,2026-06-12T15:07:36Z,15.391,19.391
arxiv:2402.19249v3,Mirage: Cross-Embodiment Zero-Shot Policy Transfer with Cross-Painting,"The ability to reuse collected data and transfer trained policies between robots could alleviate the burden of additional data collection and training. While existing approaches such as pretraining plus finetuning and co-training show promise, they do not generalize to robots unseen in training. Focusing on common robot arms with similar workspaces and 2-jaw grippers, we investigate the feasibility of zero-shot transfer. Through simulation studies on 8 manipulation tasks, we find that state-based Cartesian control policies can successfully zero-shot transfer to a target robot after accounting for forward dynamics. To address robot visual disparities for vision-based policies, we introduce Mirage, which uses ""cross-painting""--masking out the unseen target robot and inpainting the seen source robot--during execution in real time so that it appears to the policy as if the trained source rob",2024,arXiv,Lawrence Yunliang Chen; Kush Hari; Karthik Dharmarajan; Chenfeng Xu; Quan Vuong; Ken Goldberg,,2402.19249v3,http://arxiv.org/abs/2402.19249v3,arxiv,recurrent robot policy,concept,architecture,,,recurrent robot policy,2026-06-12T15:07:36Z,19.300,19.300
doi:10.1007/s12369-010-0056-9,A Cross-cultural Study: Effect of Robot Appearance and Task,,2010,International Journal of Social Robotics,Dingjun Li; P. L. Patrick Rau; Ye Li,10.1007/s12369-010-0056-9,,https://doi.org/10.1007/s12369-010-0056-9,crossref,task and motion planning robotics,anti_myopia,classic,,429,motion planning; task and motion planning,2026-06-12T15:07:36Z,15.200,19.200
doi:10.1016/j.neucom.2022.11.076,A trajectory and force dual-incremental robot skill learning and generalization framework using improved dynamical movement primitives and adaptive neural network control,,2023,Neurocomputing,Zhenyu Lu; Ning Wang; Qinchuan Li; Chenguang Yang,10.1016/j.neucom.2022.11.076,,https://doi.org/10.1016/j.neucom.2022.11.076,crossref,control barrier functions robot learning,anti_myopia,control,,15,control barrier function; skill learning; generalization,2026-06-12T15:07:36Z,15.186,19.186
arxiv:2503.06227v1,GAT-Grasp: Gesture-Driven Affordance Transfer for Task-Aware Robotic Grasping,"Achieving precise and generalizable grasping across diverse objects and environments is essential for intelligent and collaborative robotic systems. However, existing approaches often struggle with ambiguous affordance reasoning and limited adaptability to unseen objects, leading to suboptimal grasp execution. In this work, we propose GAT-Grasp, a gesture-driven grasping framework that directly utilizes human hand gestures to guide the generation of task-specific grasp poses with appropriate positioning and orientation. Specifically, we introduce a retrieval-based affordance transfer paradigm, leveraging the implicit correlation between hand gestures and object affordances to extract grasping knowledge from large-scale human-object interaction videos. By eliminating the reliance on pre-given object priors, GAT-Grasp enables zero-shot generalization to novel objects and cluttered environm",2025,arXiv,Ruixiang Wang; Huayi Zhou; Xinyue Yao; Guiliang Liu; Kui Jia,,2503.06227v1,http://arxiv.org/abs/2503.06227v1,arxiv,analytical grasping,anti_myopia,anti_thesis,,,generalization; robustness; real world evaluation; analytical grasping,2026-06-12T15:07:36Z,12.100,19.100
doi:10.1017/s0263574722001230,Zero-shot sim-to-real transfer of reinforcement learning framework for robotics manipulation with demonstration and force feedback,"Abstract In the field of robot reinforcement learning (RL), the reality gap has always been a problem that restricts the robustness and generalization of algorithms. We propose Simulation Twin (SimTwin) : a deep RL framework that can help directly transfer the model from simulation to reality without any real-world training. SimTwin consists of a RL module and an adaptive correct module. We train the policy using the soft actor-critic algorithm only in a simulator with demonstration and domain randomization. In the adaptive correct module, we design and train a neural network to simulate the human error correction process using force feedback. Subsequently, we combine the above two modules through digital twin to control real-world robots, correct simulator parameters by comparing the difference between simulator and reality automatically, and then generalize the correct action through t",2023,Robotica,Yuanpei Chen; Chao Zeng; Zhiping Wang; Peng Lu; Chenguang Yang,10.1017/s0263574722001230,,https://doi.org/10.1017/s0263574722001230,crossref,sim to real robot manipulation,concept,sim2real,,10,robot manipulation; sim to real transfer; domain randomization; generalization; robustness,2026-06-12T14:45:03Z,15.099,19.099
doi:10.1609/aaai.v29i1.9631,Unsupervised Cross-Domain Transfer in Policy Gradient Reinforcement Learning via Manifold Alignment,"The success of applying policy gradient reinforcement learning (RL) to difficult control tasks hinges crucially on the ability to determine a sensible initialization for the policy. Transfer learning methods tackle this problem by reusing knowledge gleaned from solving other related tasks. In the case of multiple task domains, these algorithms require an inter-task mapping to facilitate knowledge transfer across domains. However, there are currently no general methods to learn an inter-task mapping without requiring either background knowledge that is not typically present in RL settings, or an expensive analysis of an exponential number of inter-task mappings in the size of the state and action spaces. This paper introduces an autonomous framework that uses unsupervised manifold alignment to learn inter-task mappings and effectively transfer samples between different task domains. Empir",2015,Proceedings of the AAAI Conference on Artificial Intelligence,Haitham Bou Ammar; Eric Eaton; Paul Ruvolo; Matthew E. Taylor,10.1609/aaai.v29i1.9631,,https://doi.org/10.1609/aaai.v29i1.9631,openalex,energy based model robot learning,concept,ebm,,101,,2026-06-12T18:05:07Z,19.012,19.012
doi:10.3390/s25185630,Human–Robot Variable-Impedance Skill Transfer Learning Based on Dynamic Movement Primitives and a Vision System,"To enhance robotic adaptability in dynamic environments, this study proposes a multimodal framework for skill transfer. The framework integrates vision-based kinesthetic teaching with surface electromyography (sEMG) signals to estimate human impedance. We establish a Cartesian-space model of upper-limb stiffness, linearly mapping sEMG signals to end-point stiffness. For flexible task execution, dynamic movement primitives (DMPs) generalize learned skills across varying scenarios. An adaptive admittance controller, incorporating sEMG-modulated stiffness, is developed and validated on a UR5 robot. Experiments involving elastic-band stretching demonstrate that the system successfully transfers human impedance characteristics to the robot, enhancing stability, environmental adaptability, and safety during physical interaction.",2025,Sensors,Honghui Zhang; Fang Peng; Miaozhe Cai,10.3390/s25185630,,https://doi.org/10.3390/s25185630,crossref,energy based model robot learning,concept,ebm,,,,2026-06-12T15:07:36Z,19.000,19.000
doi:10.3390/lubricants13120545,Physics-Informed Transfer Learning for Predicting Engine Oil Degradation and RUL Across Heterogeneous Heavy-Duty Equipment Fleets,"Predicting the Remaining Useful Life (RUL) of engine oil is critical for proactive maintenance and fleet reliability. However, irregular and noisy single-point sampling presents challenges for conventional prognostic models. To address this, a hierarchical physics-informed transfer learning (TL) framework is proposed that reconstructs nonlinear degradation trajectories directly from non-time-series data. The method uniquely integrates Arrhenius-type oxidation kinetics and thermochemical laws within a multi-level TL architecture, coupling fleet-level generalization with engine-specific adaptation. Unlike conventional approaches, this framework embeds physical priors directly into the transfer process, ensuring thermodynamically consistent predictions across different equipment. An integrated uncertainty quantification module provides calibrated confidence intervals for RUL estimation. Val",2025,Lubricants,Mohamed G. A. Nassef; Omar Wael; Youssef H. Elkady; Habiba Elshazly; Jahy Ossama; Sherwet Amin; Dina ElGayar; Florian Pape; Islam Ali,10.3390/lubricants13120545,,https://doi.org/10.3390/lubricants13120545,crossref,physics informed robot learning,concept,architecture,,1,physics informed robot learning; generalization,2026-06-12T15:07:36Z,16.997,18.997
doi:10.1109/icra57147.2024.10611110,Cross Domain Policy Transfer with Effect Cycle-Consistency,,2024,2024 IEEE International Conference on Robotics and Automation (ICRA),Ruiqi Zhu; Tianhong Dai; Oya Celiktutan,10.1109/icra57147.2024.10611110,,https://doi.org/10.1109/icra57147.2024.10611110,crossref,score based policy robotics,concept,diffusion,,2,,2026-06-12T15:07:36Z,18.949,18.949
doi:10.3390/electronics13193898,Learn Then Adapt: A Novel Test-Time Adaptation Method for Cross-Domain Fault Diagnosis of Rolling Bearings,"Cross-domain fault diagnosis enhances the generalization capability of diagnostic models across different operating conditions and machines. Current studies tackle the domain shift problem by adapting the model during training with data from the target domain or multiple source domains. However, a more realistic and less explored scenario is automatically adapting a trained (developed) model at test time (deployment period) using limited normal-condition data. To bridge this research gap, we propose a novel test-time adaptation framework to rapidly and effectively adapt the trained model, which only requires mini-batch test data (normal condition). Specifically, we first transform input signals to informative signal embedding and mitigate its noise with a reconstruction loss. Then, we decompose the signal embedding to the domain-related healthy component and the domain-invariant faulty c",2024,Electronics,Wei Li; Yan Chen; Jiazhu Li; Jiajin Wen; Jian Chen,10.3390/electronics13193898,,https://doi.org/10.3390/electronics13193898,crossref,test time adaptation robot policy,concept,adaptation,,4,test time adaptation; generalization; deployment,2026-06-12T14:45:03Z,16.905,18.905
arxiv:2410.18835v1,Diffusion for Multi-Embodiment Grasping,"Grasping is a fundamental skill in robotics with diverse applications across medical, industrial, and domestic domains. However, current approaches for predicting valid grasps are often tailored to specific grippers, limiting their applicability when gripper designs change. To address this limitation, we explore the transfer of grasping strategies between various gripper designs, enabling the use of data from diverse sources. In this work, we present an approach based on equivariant diffusion that facilitates gripper-agnostic encoding of scenes containing graspable objects and gripper-aware decoding of grasp poses by integrating gripper geometry into the model. We also develop a dataset generation framework that produces cluttered scenes with variable-sized object heaps, improving the training of grasp synthesis methods. Experimental evaluation on diverse object datasets demonstrates the",2024,arXiv,Roman Freiberg; Alexander Qualmann; Ngo Anh Vien; Gerhard Neumann,,2410.18835v1,http://arxiv.org/abs/2410.18835v1,arxiv,analytical grasping,anti_myopia,anti_thesis,,,limitation; analytical grasping,2026-06-12T15:07:36Z,13.900,18.900
doi:10.1016/j.robot.2021.103872,Domain adversarial transfer for cross-domain and task-constrained grasp pose detection,,2021,Robotics and Autonomous Systems,Xingshuo Jing; Kun Qian; Xin Xu; Jishen Bai; Bo Zhou,10.1016/j.robot.2021.103872,,https://doi.org/10.1016/j.robot.2021.103872,crossref,task and motion planning robotics,anti_myopia,classic,,19,motion planning; task and motion planning,2026-06-12T15:07:36Z,14.898,18.898
arxiv:2508.19002v1,HuBE: Cross-Embodiment Human-like Behavior Execution for Humanoid Robots,"Achieving both behavioral similarity and appropriateness in human-like motion generation for humanoid robot remains an open challenge, further compounded by the lack of cross-embodiment adaptability. To address this problem, we propose HuBE, a bi-level closed-loop framework that integrates robot state, goal poses, and contextual situations to generate human-like behaviors, ensuring both behavioral similarity and appropriateness, and eliminating structural mismatches between motion generation and execution. To support this framework, we construct HPose, a context-enriched dataset featuring fine-grained situational annotations. Furthermore, we introduce a bone scaling-based data augmentation strategy that ensures millimeter-level compatibility across heterogeneous humanoid robots. Comprehensive evaluations on multiple commercial platforms demonstrate that HuBE significantly improves motion",2025,arXiv,Shipeng Lyu; Fangyuan Wang; Weiwei Lin; Luhao Zhu; David Navarro-Alarcon; Guodong Guo,,2508.19002v1,http://arxiv.org/abs/2508.19002v1,arxiv,humanoid robot foundation model,concept,humanoid,,,robot foundation model; humanoid robot,2026-06-12T14:45:03Z,16.850,18.850
doi:10.3390/sym18030394,PI-VLA: Adaptive Symmetry-Aware Decision-Making for Long-Horizon Vision–Language–Action Manipulation,"Vision–language–action (VLA) models often suffer from limited robustness in long-horizon manipulation tasks—where robots must execute extended sequences of actions over multiple time steps to achieve complex goals—due to their inability to explicitly exploit structural symmetries and to react adaptively when such symmetries are violated by environmental uncertainty. To address this limitation, this paper proposes PI-VLA, a symmetry-aware predictive and interactive VLA framework for robust robotic manipulation. PI-VLA is built upon three key symmetry-driven principles. First, a Cognitive–Motor Synergy (CMS) module jointly generates discrete and continuous action chunks together with predictive world-model features in a single forward pass, enforcing cross-modal action consistency as an implicit symmetry constraint across heterogeneous action representations. Second, a unified training obj",2026,Symmetry,Yina Jian; Di Tian; Xuan-Jing Chen; Zhen-Yuan Wei; Chen-Wei Liang; Mu-Jiang-Shan Wang,10.3390/sym18030394,,https://doi.org/10.3390/sym18030394,crossref,vision language action model limitation robotics,hostile,failure,,2,vision language action model; imitation learning; limitation; benchmark; robustness; ablation; long horizon,2026-06-12T15:07:36Z,9.849,18.849
doi:10.1145/3240508.3240578,Emotion Recognition in Speech using Cross-Modal Transfer in the Wild,"Obtaining large, human labelled speech datasets to train models for emotion recognition is a notoriously challenging task, hindered by annotation cost and label ambiguity. In this work, we consider the task of learning embeddings for speech classification without access to any form of labelled audio. We base our approach on a simple hypothesis: that the emotional content of speech correlates with the facial expression of the speaker. By exploiting this relationship, we show that annotations of expression can be transferred from the visual domain (faces) to the speech domain (voices) through cross-modal distillation. We make the following contributions: (i) we develop a strong teacher network for facial emotion recognition that achieves the state of the art on a standard benchmark; (ii) we use the teacher to train a student, tabula rasa, to learn representations (embeddings) for speech em",2018,,Samuel Albanie; Arsha Nagrani; Andrea Vedaldi; Andrew Zisserman,10.1145/3240508.3240578,,https://doi.org/10.1145/3240508.3240578,openalex,energy based model robot learning,concept,ebm,,293,benchmark,2026-06-12T18:26:24Z,17.792,18.792
doi:10.1016/j.jobe.2025.113341,Transfer learning for cross-building forecasting of building energy and indoor air temperature in model predictive control applications,,2025,Journal of Building Engineering,Hongwen Dou; Kun Zhang,10.1016/j.jobe.2025.113341,,https://doi.org/10.1016/j.jobe.2025.113341,crossref,model predictive control robot learning,anti_myopia,control,,2,model predictive control,2026-06-12T15:07:36Z,14.749,18.749
arxiv:2303.04569v1,Safe Machine-Learning-supported Model Predictive Force and Motion Control in Robotics,"Many robotic tasks, such as human-robot interactions or the handling of fragile objects, require tight control and limitation of appearing forces and moments alongside sensible motion control to achieve safe yet high-performance operation. We propose a learning-supported model predictive force and motion control scheme that provides stochastic safety guarantees while adapting to changing situations. Gaussian processes are used to learn the uncertain relations that map the robot's states to the forces and moments. The model predictive controller uses these Gaussian process models to achieve precise motion and force control under stochastic constraint satisfaction. As the uncertainty only occurs in the static model parts -- the output equations -- a computationally efficient stochastic MPC formulation is used. Analysis of recursive feasibility of the optimal control problem and convergence",2023,arXiv,Janine Matschek; Johanna Bethge; Rolf Findeisen,,2303.04569v1,http://arxiv.org/abs/2303.04569v1,arxiv,model predictive control robot learning,anti_myopia,control,,,force control; model predictive control; human robot interaction; limitation,2026-06-12T15:07:36Z,11.700,18.700
doi:10.1016/j.engfailanal.2023.107573,Study on cross-scale temperature effect and damage failure evolution constitutive model of phthalazine ether sulfone ketone,,2023,Engineering Failure Analysis,Tianqi Zhu; Liangliang Shen; Xin Zhou; Chenglong Xiao; Gang Zhao; Xigao Jian; Jian Xu; Zhiying Ren,10.1016/j.engfailanal.2023.107573,,https://doi.org/10.1016/j.engfailanal.2023.107573,crossref,robot world model failure,anti_myopia,anti_thesis,,5,robot world model; robot world model failure,2026-06-12T15:07:36Z,14.696,18.696
arxiv:2407.16912v1,Cross-Domain Policy Transfer by Representation Alignment via Multi-Domain Behavioral Cloning,"Transferring learned skills across diverse situations remains a fundamental challenge for autonomous agents, particularly when agents are not allowed to interact with an exact target setup. While prior approaches have predominantly focused on learning domain translation, they often struggle with handling significant domain gaps or out-of-distribution tasks. In this paper, we present a simple approach for cross-domain policy transfer that learns a shared latent representation across domains and a common abstract policy on top of it. Our approach leverages multi-domain behavioral cloning on unaligned trajectories of proxy tasks and employs maximum mean discrepancy (MMD) as a regularization term to encourage cross-domain alignment. The MMD regularization better preserves structures of latent state distributions than commonly used domain-discriminative distribution matching, leading to highe",2024,arXiv,Hayato Watahiki; Ryo Iwase; Ryosuke Unno; Yoshimasa Tsuruoka,,2407.16912v1,http://arxiv.org/abs/2407.16912v1,arxiv,diffusion policy,concept,architecture,,,diffusion policy; out of distribution; ablation,2026-06-12T14:45:03Z,16.650,18.650
doi:10.3390/s25134164,Fault Detection of Cyber-Physical Systems Using a Transfer Learning Method Based on Pre-Trained Transformers,"As industries become increasingly dependent on cyber-physical systems (CPSs), failures within these systems can cause significant operational disruptions, underscoring the critical need for effective Prognostics and Health Management (PHM). The large volume of data generated by CPSs has made deep learning (DL) methods an attractive solution; however, imbalanced datasets and the limited availability of fault-labeled data continue to hinder their effective deployment in real-world applications. To address these challenges, this paper proposes a transfer learning approach using a pre-trained transformer architecture to enhance fault detection performance in CPSs. A streamlined transformer model is first pre-trained on a large-scale source dataset and then fine-tuned end-to-end on a smaller dataset with a differing data distribution. This approach enables the transfer of diagnostic knowledge",2025,Sensors,Pooya Sajjadi; Fateme Dinmohammadi; Mahmood Shafiee,10.3390/s25134164,,https://doi.org/10.3390/s25134164,openalex,transformer energy based model robotics,concept,ebm_transformer,,10,energy based model robotics; deployment,2026-06-12T18:05:07Z,15.549,18.549
doi:10.1177/0885412210386229,Statistical Approaches to Testing the Relationships of the Built Environment with Resident-Level Physical Activity Behavior and Health Outcomes in Cross-Sectional Studies with Cluster Sampling,"To achieve valid conclusions, studies exploring associations of the built environment with residents' physical activity and health-related outcomes need to employ statistical approaches accounting for clustered data. This article discusses the following main statistical approaches: analysis of covariance, regression models with robust standard errors, generalized estimating equations, and multilevel generalized linear models. The choice of a statistical method depends on the characteristics of the study and research questions. While the first three approaches are employed to account for clustering in the data, multilevel models can also help unravel more substantive issues within a social ecological theoretical framework of health behavior.",2011,Journal of Planning Literature,Ester Cerin,10.1177/0885412210386229,,https://doi.org/10.1177/0885412210386229,crossref,sampling based motion planning,anti_myopia,anti_thesis,,52,motion planning; sampling based motion planning,2026-06-12T15:07:36Z,14.535,18.535
doi:10.1007/978-3-031-21090-7_28,Automatic Cross-domain Task Plan Transfer by Caching Abstract Skills,,2023,Springer Proceedings in Advanced Robotics Algorithmic Foundations of Robotics XV,Khen Elimelech; Lydia E. Kavraki; Moshe Y. Vardi,10.1007/978-3-031-21090-7_28,,https://doi.org/10.1007/978-3-031-21090-7_28,crossref,task and motion planning robotics,anti_myopia,classic,,3,motion planning; task and motion planning,2026-06-12T15:07:36Z,14.493,18.493
doi:10.3390/s25134096,Cross-Modal Data Fusion via Vision-Language Model for Crop Disease Recognition,"Crop diseases pose a significant threat to agricultural productivity and global food security. Timely and accurate disease identification is crucial for improving crop yield and quality. While most existing deep learning-based methods focus primarily on image datasets for disease recognition, they often overlook the complementary role of textual features in enhancing visual understanding. To address this problem, we proposed a cross-modal data fusion via a vision-language model for crop disease recognition. Our approach leverages the Zhipu.ai multi-model to generate comprehensive textual descriptions of crop leaf diseases, including global description, local lesion description, and color-texture description. These descriptions are encoded into feature vectors, while an image encoder extracts image features. A cross-attention mechanism then iteratively fuses multimodal features across mul",2025,Sensors,Wenjie Liu; Guoqing Wu; Han Wang; Fuji Ren,10.3390/s25134096,,https://doi.org/10.3390/s25134096,crossref,vision language action model limitation robotics,hostile,failure,,9,vision language action model; limitation,2026-06-12T15:07:36Z,13.451,18.451
doi:10.2139/ssrn.6915199,CM-VLA: Camera-Space-Guided Mixture-of-Experts Policy for Few-shot Cross-Embodiment Transfer,"Vision-language-action models (VLAs) adapt pre-trained vision-language models (VLMs) to robotic manipulation through large-scale, high-quality robot demonstrations, thereby narrowing the gap between perception and action. Unlike vision or language data, cross-embodiment demonstrations are inherently heterogeneous. Even under the same end-effector delta control, substantial discrepancies remain in sensor configurations, proprioceptive statistics, and execution dynamics. This heterogeneity limites VLA&apos;s generalization to new embodiment and typically requires extensive fine-tuning cost to achieve strong performance. Despite recent progress in latent and unified action modeling, it remains unclear how to reduce the adaptation cost induced by embodiment heterogeneity while preserving transferable action semantics. To address this challenge, we propose CM-VLA, a camera-space-guided Mixtur",,,Bo Liu; Liming Zhang; Yuhan Wang; Yong Liu,10.2139/ssrn.6915199,,https://doi.org/10.2139/ssrn.6915199,crossref,mixture of experts robot policy,concept,architecture,,,vision language action model; mixture of experts robot policy; cross embodiment transfer; generalization,2026-06-12T14:45:03Z,17.300,18.300
doi:10.54254/2755-2721/2025.ast27134,Integrating Motion Planning in Vision Language Action Agents,"Vision-Language-Action (VLA) models integrate visual perception, natural language understanding, and embodied control into a unified framework, enabling end-to-end task execution from multimodal instructions. While such models have demonstrated impressive generalization across tasks and environments, their direct outputs—often in the form of discrete action tokens or waypoint sequences—frequently overlook key physical constraints, such as trajectory feasibility, collision avoidance, and dynamic consistency. This limitation hinders deployment in safety-critical and dynamic real-world settings. Integrating motion planning into VLA systems offers a principled solution, embedding geometric and dynamic constraints into the control pipeline to transform high-level semantic goals into safe, smooth, and executable trajectories. This work examines representative integration strategies alongside t",2025,Applied and Computational Engineering,Jianfeng Pang,10.54254/2755-2721/2025.ast27134,,https://doi.org/10.54254/2755-2721/2025.ast27134,crossref,vision language action model limitation robotics,hostile,failure,,,vision language action model; motion planning; limitation; generalization; deployment,2026-06-12T14:45:03Z,9.300,18.300
arxiv:2605.30280v2,"Qwen-VLA: Unifying Vision-Language-Action Modeling across Tasks, Environments, and Robot Embodiments","Embodied intelligence is often studied through specialized models for individual tasks such as manipulation or navigation, resulting in fragmented capabilities and limited generalization across tasks, environments, and robot embodiments. In this work, we study whether heterogeneous embodied decision-making problems can be unified within a single vision-language-action model. We present Qwen-VLA, a unified embodied foundation model that extends Qwen's vision-language modeling stack from perception, understanding, and reasoning to continuous action and trajectory generation through a DiT-based action decoder. Qwen-VLA is trained with a large-scale joint pretraining recipe over diverse data sources, including robotics manipulation trajectories, human egocentric demonstrations, synthetic simulation data, vision-and-language navigation data, trajectory-centric supervision, and auxiliary visio",2026,arXiv,Qiuyue Wang; Mingsheng Li; Jian Guan; Jinhui Ye; Sicheng Xie; Yitao Liu; Junhao Chen; Zhixuan Liang; Jie Zhang; Xintong Hu; Xuhong Huang; Pei Lin; Junyang Lin; Dayiheng Liu; Shuai Bai; Jingren Zhou; Jiazhao Zhang; Haoqi Yuan; Gengze Zhou; Hang Yin,,2605.30280v2,http://arxiv.org/abs/2605.30280v2,arxiv,vision language action model limitation robotics,hostile,failure,,,vision language action model; limitation; benchmark; generalization; out of distribution,2026-06-12T14:45:03Z,10.150,18.150
doi:10.1016/j.knosys.2024.112293,Customer service chatbot enhancement with attention-based transfer learning,"Customer service is an important and expensive aspect of business, often being the largest department in most companies. With growing societal acceptance and increasing cost efficiency due to mass production, service robots are beginning to cross from the industrial domain to the social domain. Currently, customer service robots tend to be digital and emulate social interactions through on-screen text, but state-of-the-art research points towards physical robots soon providing customer service in person. This article explores the feasibility of Transfer Learning different customer service domains to improve chatbot models. In our proposed approach, transfer learning-based chatbot models are initially assigned to learn one domain from an initial random weight distribution. Each model is then tasked with learning another domain by transferring knowledge from the previous domains. To evalua",2024,Knowledge-Based Systems,Jordan J. Bird; Ahmad Lotfi,10.1016/j.knosys.2024.112293,,https://doi.org/10.1016/j.knosys.2024.112293,openalex,transformer energy based model robotics,concept,ebm_transformer,,11,energy based model robotics; humanoid robot; deployment,2026-06-12T18:05:07Z,17.092,18.092
doi:10.1145/3236024.3236074,Learning to sample: exploiting similarities across environments to learn performance models for configurable systems,"Most software systems provide options that allow users to tailor the system in terms of functionality and qualities. The increased flexibility raises challenges for understanding the configuration space and the effects of options and their interactions on performance and other non-functional properties. To identify how options and interactions affect the performance of a system, several sampling and learning strategies have been recently proposed. However, existing approaches usually assume a fixed environment (hardware, workload, software release) such that learning has to be repeated once the environment changes. Repeating learning and measurement for each environment is expensive and often practically infeasible. Instead, we pursue a strategy that transfers knowledge across environments but sidesteps heavyweight and expensive transfer-learning strategies. Based on empirical insights a",2018,,Pooyan Jamshidi; Miguel Velez; Christian Kästner; Norbert Siegmund,10.1145/3236024.3236074,,https://doi.org/10.1145/3236024.3236074,openalex,energy based model robot learning,concept,ebm,,68,benchmark,2026-06-12T18:05:07Z,17.067,18.067
doi:10.1007/s12369-022-00917-7,A Cross-Cultural Comparison on Implicit and Explicit Attitudes Towards Artificial Agents,"Abstract Historically, there has been a great deal of confusion in the literature regarding cross-cultural differences in attitudes towards artificial agents and preferences for their physical appearance. Previous studies have almost exclusively assessed attitudes using self-report measures (i.e., questionnaires). In the present study, we sought to expand our knowledge on the influence of cultural background on explicit and implicit attitudes towards robots and avatars. Using the Negative Attitudes Towards Robots Scale and the Implicit Association Test in a Japanese and Dutch sample, we investigated the effect of culture and robots’ body types on explicit and implicit attitudes across two experiments (total n = 669). Partly overlapping with our hypothesis, we found that Japanese individuals had a more positive explicit attitude towards robots compared to Dutch individuals, but no evidenc",2023,International Journal of Social Robotics,Fabiola Diana; Misako Kawahara; Isabella Saccardi; Ruud Hortensius; Akihiro Tanaka; Mariska E. Kret,10.1007/s12369-022-00917-7,,https://doi.org/10.1007/s12369-022-00917-7,crossref,robotics,concept,crossref_bulk_robotics,,17,,2026-06-12T19:29:26Z,17.045,18.045
doi:10.1109/tcds.2020.2968056,A Framework of Hybrid Force/Motion Skills Learning for Robots,"Human factors and human-centered design philosophy are highly desired in today's robotics applications such as human-robot interaction (HRI). Several studies showed that endowing robots of human-like interaction skills can not only make them more likeable but also improve their performance. In particular, skill transfer by imitation learning can increase the usability and acceptability of robots by users without computer programming skills. In fact, besides positional information, muscle stiffness of the human arm and contact force with the environment also play important roles in understanding and generating human-like manipulation behaviors for robots, e.g., in physical HRI and teleoperation. To this end, we present a novel robot learning framework based on dynamic movement primitives (DMPs), taking into consideration both the positional and contact force profiles for human-robot skill",2020,IEEE Transactions on Cognitive and Developmental Systems,Ning Wang; Chuize Chen; Alessandro Di Nuovo,10.1109/tcds.2020.2968056,,https://doi.org/10.1109/tcds.2020.2968056,openalex,robotics,concept,openalex_bulk_robotics,,53,robot manipulation; imitation learning; teleoperation; human robot interaction; generalization,2026-06-12T18:57:17Z,17.044,18.044
arxiv:2410.01702v4,"$\mathcal{D(R,O)}$ Grasp: A Unified Representation of Robot and Object Interaction for Cross-Embodiment Dexterous Grasping","Dexterous grasping is a fundamental yet challenging skill in robotic manipulation, requiring precise interaction between robotic hands and objects. In this paper, we present $\mathcal{D(R,O)}$ Grasp, a novel framework that models the interaction between the robotic hand in its grasping pose and the object, enabling broad generalization across various robot hands and object geometries. Our model takes the robot hand's description and object point cloud as inputs and efficiently predicts kinematically valid and stable grasps, demonstrating strong adaptability to diverse robot embodiments and object geometries. Extensive experiments conducted in both simulated and real-world environments validate the effectiveness of our approach, with significant improvements in success rate, grasp diversity, and inference speed across multiple robotic hands. Our method achieves an average success rate of ",2024,arXiv,Zhenyu Wei; Zhixuan Xu; Jingxiang Guo; Yiwen Hou; Chongkai Gao; Zhehao Cai; Jiayu Luo; Lin Shao,,2410.01702v4,http://arxiv.org/abs/2410.01702v4,arxiv,EBM transformer robotics dexterous manipulation,concept,architecture_x_embodiment,,,EBM transformer robotics; dexterous manipulation; robot hand; generalization,2026-06-12T15:07:36Z,15.950,17.950
doi:10.1371/journal.pone.0335775,Benchmarking large-language-model vision capabilities in oral and maxillofacial anatomy: A cross-sectional study,"Background Multimodal large-language models (LLMs) have recently gained the ability to interpret images. However, their accuracy on anatomy tasks remains unclear. Methods A cross-sectional, atlas-based benchmark study was conducted in which six publicly accessible chat endpoints, including paired “deep-reasoning” and “low-latency” modes from OpenAI, Microsoft Copilot, and Google Gemini, identified 260 numbered landmarks on 26 high-resolution plates from a classical anatomic atlas. Each image was processed twice per model. Two blinded anatomy lecturers scored responses, including accuracy, run-to-run consistency, and per-label latency, which were compared with χ² and Kruskal–Wallis tests. Results Overall accuracy differed significantly among models (χ² = 73.2, P Conclusions Currently, publicly available multimodal LLMs can only moderately identify oral and maxillofacial landmarks, and no ",2025,PLOS One,Viet Anh Nguyen; Thi Quynh Trang Vuong; Van Hung Nguyen,10.1371/journal.pone.0335775,,https://doi.org/10.1371/journal.pone.0335775,crossref,vision language action model limitation robotics,hostile,failure,,6,vision language action model; limitation; benchmark; latency,2026-06-12T15:07:36Z,10.923,17.923
doi:10.20944/preprints202606.0008.v1,Hallucination Mitigation in Large Language Model-Based Tool Recommendation: A Cross-Provider Architectural Ablation Study Across Two Model Generations,"In a closed-inventory Large Language Model (LLM) system such as Online-CADCOM, which recommends engineering tools from a verified inventory, mention-level hallucination occurs when the model recommends tools not present in the inventory. We evaluate a three-mechanism mitigation stack consisting of database-grounded context injection, fixed vocabulary constraints, and enforced JavaScript Object Notation (JSON) output across three commercial LLM providers (OpenAI, Anthropic, Google), two model generations, and two output modes (standard and reasoning), totaling 6,912 Application Programming Interface (API) calls over 12 configurations. The hallucination rate (HR) decreases from 59–74% to 3.3–14.9% under the full architecture, with cross-provider averages stable across generations (6.8% Generation 1 (Gen1), 7.5% Generation 2 (Gen2)). A key finding is the C3 anomaly, observed under the confi",,,Lavdim Menxhiqi; Galia Marinova,10.20944/preprints202606.0008.v1,,https://doi.org/10.20944/preprints202606.0008.v1,crossref,large language model limitation robot planning,anti_myopia,anti_thesis,,,limitation; ablation; large language model limitation robot planning,2026-06-12T15:07:36Z,12.900,17.900
doi:10.1177/17298806221121070,Fault-tolerant motion planning for a hexapod robot with single-leg failure using a foot force control method,"Hexapod robots are widely used for resource exploration, post-disaster rescue, and military equipment. They typically travel on rugged and complex roads. The robot itself has a high probability of failure owing to mechanical failure, driving motor failure, or external environmental interference. To improve the adaptability of the robot to a complex environment, a motion control method for fault-tolerant gait was designed. The trajectory generator based on zero-moment point information can generate a smooth desired trajectory for the body’s center of mass, thereby improving the robot’s zero-moment point trajectory tracking effect and motion stability. The force-distribution algorithm based on torque optimization selects the minimum square sum of the driving force as the objective function and reduces the number of constraint equations through QR decomposition to increase the speed at whic",2022,International Journal of Advanced Robotic Systems,Bo You; Yaojin Fan; Daquan Liu,10.1177/17298806221121070,,https://doi.org/10.1177/17298806221121070,crossref,robot world model failure planning,hostile,failure,,9,robot world model; force control; motion planning; robot world model failure,2026-06-12T15:07:36Z,12.851,17.851
arxiv:2503.08622v1,Cross-Embodiment Robotic Manipulation Synthesis via Guided Demonstrations through CycleVAE and Human Behavior Transformer,"Cross-embodiment robotic manipulation synthesis for complicated tasks is challenging, partially due to the scarcity of paired cross-embodiment datasets and the impediment of designing intricate controllers. Inspired by robotic learning via guided human expert demonstration, we here propose a novel cross-embodiment robotic manipulation algorithm via CycleVAE and human behavior transformer. First, we utilize unsupervised CycleVAE together with a bidirectional subspace alignment algorithm to align latent motion sequences between cross-embodiments. Second, we propose a casual human behavior transformer design to learn the intrinsic motion dynamics of human expert demonstrations. During the test case, we leverage the proposed transformer for the human expert demonstration generation, which will be aligned using CycleVAE for the final human-robotic manipulation synthesis. We validated our prop",2025,arXiv,Apan Dastider; Hao Fang; Mingjie Lin,,2503.08622v1,http://arxiv.org/abs/2503.08622v1,arxiv,EBM transformer robotics dexterous manipulation,concept,architecture_x_embodiment,,,EBM transformer robotics; dexterous manipulation; motion planning,2026-06-12T15:07:36Z,16.850,17.850
arxiv:2509.10952v1,ImMimic: Cross-Domain Imitation from Human Videos via Mapping and Interpolation,"Learning robot manipulation from abundant human videos offers a scalable alternative to costly robot-specific data collection. However, domain gaps across visual, morphological, and physical aspects hinder direct imitation. To effectively bridge the domain gap, we propose ImMimic, an embodiment-agnostic co-training framework that leverages both human videos and a small amount of teleoperated robot demonstrations. ImMimic uses Dynamic Time Warping (DTW) with either action- or visual-based mapping to map retargeted human hand poses to robot joints, followed by MixUp interpolation between paired human and robot trajectories. Our key insights are (1) retargeted human hand trajectories provide informative action labels, and (2) interpolation over the mapped data creates intermediate domains that facilitate smooth domain adaptation during co-training. Evaluations on four real-world manipulatio",2025,arXiv,Yangcen Liu; Woo Chul Shin; Yunhai Han; Zhenyang Chen; Harish Ravichandar; Danfei Xu,,2509.10952v1,http://arxiv.org/abs/2509.10952v1,arxiv,learning robot manipulation from human video,concept,human_data,,,robot manipulation,2026-06-12T14:45:03Z,15.850,17.850
arxiv:2603.15169v1,ForceVLA2: Unleashing Hybrid Force-Position Control with Force Awareness for Contact-Rich Manipulation,"Embodied intelligence for contact-rich manipulation has predominantly relied on position control, while explicit awareness and regulation of interaction forces remain under-explored, limiting stability, precision, and robustness in real-world tasks. We propose ForceVLA2, an end-to-end vision-language-action framework that equips robots with hybrid force-position control and explicit force awareness. ForceVLA2 introduces force-based prompts into the VLM expert to construct force-aware task concepts across stages, and employs a Cross-Scale Mixture-of-Experts (MoE) in the action expert to adaptively fuse these concepts with real-time interaction forces for closed-loop hybrid force-position regulation. To support learning and evaluation, we construct ForceVLA2-Dataset, containing 1,000 trajectories over 5 contact-rich tasks, including wiping, pressing, and assembling, with multi-view images,",2026,arXiv,Yang Li; Zhaxizhuoma; Hongru Jiang; Junjie Xia; Hongquan Zhang; Jinda Du; Yunsong Zhou; Jia Zeng; Ce Hao; Jieji Ren; Qiaojun Yu; Cewu Lu; Yu Qiao; Jiangmiao Pang,,2603.15169v1,http://arxiv.org/abs/2603.15169v1,arxiv,contact rich manipulation learning,concept,contact,,,contact rich manipulation; failure mode; robustness,2026-06-12T14:45:03Z,13.850,17.850
doi:10.1109/iros47612.2022.9982205,Learning High Speed Precision Table Tennis on a Physical Robot,"Learning goal conditioned control in the real world is a challenging open problem in robotics. Reinforcement learning systems have the potential to learn autonomously via trial-and-error, but in practice the costs of manual reward design, ensuring safe exploration, and hyperparameter tuning are often enough to preclude real world deployment. Imitation learning approaches, on the other hand, offer a simple way to learn control in the real world, but typically require costly cu-rated demonstration data and lack a mechanism for continuous improvement. Recently, iterative imitation methods have been shown to be effective at relaxing both these constraints, learning goal directed control from undirected demonstration data, and improving continuously via self-supervised goal reaching. These approaches, however, have not yet been shown to scale beyond simple simulated environments. In this work",2022,2022 IEEE/RSJ International Conference on Intelligent Robots and Systems (IROS),Tianli Ding; Laura Graesser; Saminda Abeyruwan; David B. D’Ambrosio; Anish Shankar; Pierre Sermanet; Pannag Sanketi; Corey Lynch,10.1109/iros47612.2022.9982205,,https://doi.org/10.1109/iros47612.2022.9982205,openalex,robotics,concept,openalex_bulk_robotics,,16,sim to real transfer; imitation learning; deployment; real world evaluation,2026-06-12T18:57:17Z,13.817,17.817
doi:10.3389/fpsyg.2021.625713,Robot Authority in Human-Robot Teaming: Effects of Human-Likeness and Physical Embodiment on Compliance,"The anticipated social capabilities of robots may allow them to serve in authority roles as part of human-machine teams. To date, it is unclear if, and to what extent, human team members will comply with requests from their robotic teammates, and how such compliance compares to requests from human teammates. This research examined how the human-likeness and physical embodiment of a robot affect compliance to a robot's request to perseverate utilizing a novel task paradigm. Across a set of two studies, participants performed a visual search task while receiving ambiguous performance feedback. Compliance was evaluated when the participant requested to stop the task and the coach urged the participant to keep practicing multiple times. In the first study, the coach was either physically co-located with the participant or located remotely via a live-video. Coach type varied in human-likeness",2021,Frontiers in Psychology,Kerstin S. Haring; Kelly Satterfield; Chad C. Tossell; Ewart J. de Visser; Joseph Lyons; Vincent Mancuso; Victor Finomore; Gregory J. Funke,10.3389/fpsyg.2021.625713,,https://doi.org/10.3389/fpsyg.2021.625713,openalex,energy based model robot learning,concept,ebm,,38,,2026-06-12T18:05:07Z,17.732,17.732
doi:10.1109/tsmc.2022.3229213,MARL Sim2real Transfer: Merging Physical Reality With Digital Virtuality in Metaverse,"Metaverse is an artificial virtual world mapped from and interacting with the real world. In metaverse, digital entities coexist with their physical counterparts. Powered by deep learning, metaverse is inevitably becoming more intelligent in the interactions between reality and virtuality. However, it is confronted with a nontrivial problem known as sim2real transfer when deep learning techniques try to bridge the reality gap between the physical world and simulations. In this article, we use multiagent deep reinforcement learning (MARL) to implement collective intelligence for digital entities as well as their physical counterparts. To model the immersive environments in metaverse, we define a nonstationary variant of Markov games and propose a recurrent MARL solution to it. Based on the solution, MARL sim2real transfer that bridges real and virtual multiple unmanned aerial vehicle (mul",2022,IEEE Transactions on Systems Man and Cybernetics Systems,Haoran Shi; Guanjun Liu; Kaiwen Zhang; Ziyuan Zhou; Jiacun Wang,10.1109/tsmc.2022.3229213,,https://doi.org/10.1109/tsmc.2022.3229213,openalex,energy based policy robotics,concept,ebm,,51,domain randomization; generalization,2026-06-12T18:43:24Z,15.726,17.726
doi:10.1109/icra40945.2020.9196593,Arm-hand motion-force coordination for physical interactions with non-flat surfaces using dynamical systems: Toward compliant robotic massage,,2020,2020 IEEE International Conference on Robotics and Automation (ICRA),Mahdi Khoramshahi; Gustav Henriks; Aileen Naef; Seyed Sina Mirrazavi Salehian; Joonyoung Kim; Aude Billard,10.1109/icra40945.2020.9196593,,https://doi.org/10.1109/icra40945.2020.9196593,crossref,hybrid dynamical systems robotics,anti_myopia,anti_thesis,,19,hybrid dynamical systems robotics,2026-06-12T15:07:36Z,14.698,17.698
doi:10.70102/afts.2026.1835.221,CROSS DOMAIN LATENT SPACE ALIGNMENT FOR ZERO SHOT KNOWLEDGE TRANSFER IN LARGE SCALE NEURO SYMBOLIC FOUNDATION MODELS,"The large-scale adoption of neuro-symbolic foundation models poses a critical challenge: zero-shot knowledge transfer is hindered by mismatches in latent distributions, modality heterogeneity, and discrepancies between symbolic and neural representations. In the following paper, a Cross-Domain Latent Space Alignment (CDLSA) framework will be proposed to support strong zero-shot generalisation across structurally different domains without task-specific fine-tuning. Its fundamental issue is the discrepancy between high-dimensional neural representations and structured symbolic representations that, under most circumstances, results in performance drops of 25-35 % when tested on unseen domains. The presented methodology combines contrastive latent projection, probabilistic regularisation of the manifold, and symbolic encoding of constraints into a single optimisation goal. The architecture ",2026,Archives for Technical Sciences,Alijon Anvarov; Jonibek Berdikulov; Azizjon Begaliev; Zulxumor Djurayeva; Khaydar Kamilov; Soniya Islyamova; Guzal Ergasheva,10.70102/afts.2026.1835.221,,https://doi.org/10.70102/afts.2026.1835.221,crossref,neuro symbolic robot planning,concept,architecture,,,neuro symbolic robot planning; robustness,2026-06-12T15:07:36Z,16.650,17.650
doi:10.1142/s0219686728500011,Visual-Haptic Fusion for Contact-Rich Robot Skill Transfer via Diffusion Models,"Contact-rich manipulation in industrial robotics faces significant challenges in skill transfer, where conventional vision-based systems rely on indirect force inference from visual observations. To address this limitation, this study developed a vision-force fusion framework combining visual and haptic measurements through learned attention mechanisms to generate manipulation trajectories satisfying contact constraints. The approach employs diffusion-based iterative refinement conditioned on multimodal observations from RGB-D cameras and force sensors. Experimental validation employed 387 demonstrations from diverse contact-rich assembly tasks using a collaborative robot with multimodal perception. The approach achieved 87.3% success rate across target task variants, outperforming Diffusion Policy (78.6%), Action Chunking Transformer (73.9%), and Behavior Cloning (62.3%), representing a",2026,Journal of Advanced Manufacturing Systems,Hongliang Xing; Yuhang Zhao,10.1142/s0219686728500011,,https://doi.org/10.1142/s0219686728500011,crossref,contact dynamics robot learning,concept,contact,,,diffusion policy; contact rich manipulation; industrial robot; contact dynamics; behavior cloning; limitation; generalization; robustness; ablation,2026-06-12T15:07:36Z,13.650,17.650
doi:10.56028/aetr.15.1.1423.2025,RT-2: Vision-Language-Action Models for Generalizable Robotic Control: A Comprehensive Review,"Recent advances in large-scale vision-language models (VLMs) have opened new pathways for robotic learning and control. Google DeepMind’s Robotics Transformer 2 (RT-2) represents a transformative step by integrating pre-trained internet-scale multimodal models with physical robotic systems. RT-2 reconceptualizes robot actions as a symbolic language, enabling seamless knowledge transfer from web-scale data to low-level manipulation through action tokenization and co-fine-tuning. This review presents a comprehensive analysis of RT-2’s architecture, training methodology, and empirical performance, highlighting its significant improvements in zero-shot generalization, emergent reasoning abilities, and real-world deployment capacity. The paper also examines critical limitations such as physical precision, safety concerns, and computational requirements, offering insights into future direction",2025,Advances in Engineering Technology Research,Austin Zhou,10.56028/aetr.15.1.1423.2025,,https://doi.org/10.56028/aetr.15.1.1423.2025,crossref,vision language action model limitation robotics,hostile,failure,,1,vision language action model; human robot interaction; limitation; generalization; deployment,2026-06-12T14:45:03Z,9.647,17.647
doi:10.1016/j.jnnfm.2006.01.009,Effect of viscous dissipation on heat transfer in a non-Newtonian liquid film over an unsteady stretching sheet,,2006,Journal of Non-Newtonian Fluid Mechanics,Chien-Hsin Chen,10.1016/j.jnnfm.2006.01.009,,https://doi.org/10.1016/j.jnnfm.2006.01.009,crossref,non smooth mechanics robotics,anti_myopia,anti_thesis,,127,non smooth mechanics robotics,2026-06-12T15:07:36Z,14.626,17.626
doi:10.1109/tse.2021.3116768,Transfer Learning Across Variants and Versions: The Case of Linux Kernel Size,"With large scale and complex configurable systems, it is hard for users to choose the right combination of options (i.e., configurations) in order to obtain the wanted trade-off between functionality and performance goals such as speed or size. Machine learning can help in relating these goals to the configurable system options, and thus, predict the effect of options on the outcome, typically after a costly training step. However, many configurable systems evolve at such a rapid pace that it is impractical to retrain a new model from scratch for each new version. In this paper, we propose a new method to enable transfer learning of binary size predictions among versions of the same configurable system. Taking the extreme case of the Linux kernel with its $\approx 14,500$ configuration options, we first investigate how binary size predictions of kernel size degrade over successive versio",2021,IEEE Transactions on Software Engineering,Hugo Martin; Mathieu Acher; Juliana Alves Pereira; Luc Lesoil; Jean‐Marc Jezéquél; Djamel Eddine Khelladi,10.1109/tse.2021.3116768,,https://doi.org/10.1109/tse.2021.3116768,openalex,energy based model robot learning,concept,ebm,,62,,2026-06-12T18:26:24Z,17.622,17.622
doi:10.31399/asm.cp.istfa2023p0109,Backside Analysis Strategy to Identify a Package Related Failure Mode at an Automotive Magnetic Sensor Device,"Abstract This paper presents a root cause analysis case study of defective Hall-effect sensor devices. The study identified a complex failure mode caused by chip-package interaction, which has a similar signature to discharging defects such as ESDFOS. However, the study revealed that the defect was induced by local mechanical force applied to IC structures due to the presence of large irregular-shaped filler particles within the mold compound. Extensive failure analysis work was conducted to identify the failure mode, including the development of a new backside analysis strategy to preserve the mold compound during IC defect localization and screening. A combination of different failure analysis techniques was used, including CMP delayering, PFIB trenching, SEM PVC imaging, and large area FIB cross-sectioning. The study found that the mold compound of the package caused thermos-mechanica",2023,International Symposium for Testing and Failure Analysis ISTFA 2023: Conference Proceedings from the 49th International Symposium for Testing and Failure Analysis,M. Simon-Najasek; F. Naumann; S. Huebner; M. Lejoyeux; F. Altmann; A. Lindner,10.31399/asm.cp.istfa2023p0109,,https://doi.org/10.31399/asm.cp.istfa2023p0109,crossref,robot foundation model failure mode,hostile,failure,,,robot foundation model; failure mode,2026-06-12T15:07:36Z,13.600,17.600
doi:10.1177/02783649231201196,Dynamic movement primitives in robotics: A tutorial survey,"Biological systems, including human beings, have the innate ability to perform complex tasks in a versatile and agile manner. Researchers in sensorimotor control have aimed to comprehend and formally define this innate characteristic. The idea, supported by several experimental findings, that biological systems are able to combine and adapt basic units of motion into complex tasks finally leads to the formulation of the motor primitives’ theory. In this respect, Dynamic Movement Primitives (DMPs) represent an elegant mathematical formulation of the motor primitives as stable dynamical systems and are well suited to generate motor commands for artificial systems like robots. In the last decades, DMPs have inspired researchers in different robotic fields including imitation and reinforcement learning, optimal control, physical interaction, and human–robot co-working, resulting in a conside",2023,The International Journal of Robotics Research,Matteo Saveriano; Fares J Abu-Dakka; Aljaž Kramberger; Luka Peternel,10.1177/02783649231201196,,https://doi.org/10.1177/02783649231201196,crossref,EBM transformer robotics tool use robotics,concept,architecture_x_embodiment,,200,EBM transformer robotics; tool use robotics; limitation,2026-06-12T15:07:36Z,15.552,17.552
doi:10.1088/1742-6596/1171/1/012012,"The effect of optimization learning resource based on Planning, Organizing, Actuating, Controlling (POAC) on contextual learning to students’ conceptual understanding of motion and force material",,2019,Journal of Physics: Conference Series,T W Maduretno; L Fajri,10.1088/1742-6596/1171/1/012012,,https://doi.org/10.1088/1742-6596/1171/1/012012,crossref,sampling based motion planning,anti_myopia,anti_thesis,,2,motion planning; sampling based motion planning,2026-06-12T15:07:36Z,13.549,17.549
doi:10.1007/978-981-10-6002-1_13,Crack Effect on Rotors Using Mode-I Failure Model with Transfer Matrix Approach,,2018,"Lecture Notes in Mechanical Engineering Proceedings of Fatigue, Durability and Fracture Mechanics",Ved Prakash Singh; J. Srinivas,10.1007/978-981-10-6002-1_13,,https://doi.org/10.1007/978-981-10-6002-1_13,crossref,robot foundation model failure mode,hostile,failure,,1,robot foundation model; failure mode,2026-06-12T15:07:36Z,13.547,17.547
arxiv:2604.07993v2,HEX: Humanoid-Aligned Experts for Cross-Embodiment Whole-Body Manipulation,"Humans achieve complex manipulation through coordinated whole-body control, whereas most Vision-Language-Action (VLA) models treat robot body parts largely independently, making high-DoF humanoid control challenging and often unstable. We present HEX, a state-centric framework for coordinated manipulation on full-sized bipedal humanoid robots. HEX introduces a humanoid-aligned universal state representation for scalable learning across heterogeneous embodiments, and incorporates a Mixture-of-Experts Unified Proprioceptive Predictor to model whole-body coordination and temporal motion dynamics from large-scale multi-embodiment trajectory data. To efficiently capture temporal visual context, HEX uses lightweight history tokens to summarize past observations, avoiding repeated encoding of historical images during inference. It further employs a residual-gated fusion mechanism with a flow-ma",2026,arXiv,Shuanghao Bai; Meng Li; Xinyuan Lv; Jiawei Wang; Xinhua Wang; Fei Liao; Chengkai Hou; Langzhe Gu; Wanqi Zhou; Kun Wu; Ziluo Ding; Zhiyuan Xu; Lei Sun; Shanghang Zhang; Zhengping Che; Jian Tang; Badong Chen,,2604.07993v2,http://arxiv.org/abs/2604.07993v2,arxiv,whole body manipulation humanoid,concept,humanoid,,,humanoid robot; generalization; long horizon,2026-06-12T14:45:03Z,16.500,17.500
arxiv:2512.00797v1,Transforming Monolithic Foundation Models into Embodied Multi-Agent Architectures for Human-Robot Collaboration,"Foundation models have become central to unifying perception and planning in robotics, yet real-world deployment exposes a mismatch between their monolithic assumption that a single model can handle all cognitive functions and the distributed, dynamic nature of practical service workflows. Vision-language models offer strong semantic understanding but lack embodiment-aware action capabilities while relying on hand-crafted skills. Vision-Language-Action policies enable reactive manipulation but remain brittle across embodiments, weak in geometric grounding, and devoid of proactive collaboration mechanisms. These limitations indicate that scaling a single model alone cannot deliver reliable autonomy for service robots operating in human-populated settings. To address this gap, we present InteractGen, an LLM-powered multi-agent framework that decomposes robot intelligence into specialized a",2025,arXiv,Nan Sun; Bo Mao; Yongchang Li; Chenxu Wang; Di Guo; Huaping Liu,,2512.00797v1,http://arxiv.org/abs/2512.00797v1,arxiv,robot foundation model failure mode,hostile,failure,,,robot foundation model; failure mode; limitation; deployment,2026-06-12T14:45:03Z,9.500,17.500
arxiv:2512.13380v1,Universal Dexterous Functional Grasping via Demonstration-Editing Reinforcement Learning,"Reinforcement learning (RL) has achieved great success in dexterous grasping, significantly improving grasp performance and generalization from simulation to the real world. However, fine-grained functional grasping, which is essential for downstream manipulation tasks, remains underexplored and faces several challenges: the complexity of specifying goals and reward functions for functional grasps across diverse objects, the difficulty of multi-task RL exploration, and the challenge of sim-to-real transfer. In this work, we propose DemoFunGrasp for universal dexterous functional grasping. We factorize functional grasping conditions into two complementary components - grasping style and affordance - and integrate them into an RL framework that can learn to grasp any object with any functional grasping condition. To address the multi-task optimization challenge, we leverage a single graspi",2025,arXiv,Chuan Mao; Haoqi Yuan; Ziye Huang; Chaoyi Xu; Kai Ma; Zongqing Lu,,2512.13380v1,http://arxiv.org/abs/2512.13380v1,arxiv,analytical grasping,anti_myopia,anti_thesis,,,sim to real transfer; generalization; sample efficiency; analytical grasping,2026-06-12T15:07:36Z,11.450,17.450
doi:10.51357/jei.v6i1.314,Cross-evaluation of Large Language Model Assessment Behaviours in Educational Tasks by Cognitive Level,"Large language models show promise for educational assessment, but their comparative capability across different cognitive domains remains understudied. This paper presents a systematic analysis of seven leading LLMs—ChatGPT, Claude, Gemini, Perplexity, Mistral, Command R+, and Grok—in their ability to both generate and evaluate educational responses across different levels of the revised Bloom’s taxonomy. Using a novel cross-evaluation methodology, 6,045 evaluations were analyzed using a standard rubric examining content accuracy, cognitive alignment, communication clarity, and response depth. The findings revealed three distinct clusters of grading behaviour: lenient evaluators (Mistral, Gemini, and ChatGPT), moderate evaluators (Claude and Grok), and strict evaluators (Command R+ and Perplexity). Significant variations in grading consistency emerged, with ChatGPT showing the greatest ",2025,Journal of Educational Informatics,Benjamin David Fedoruk,10.51357/jei.v6i1.314,,https://doi.org/10.51357/jei.v6i1.314,crossref,large language model limitation robot planning,anti_myopia,anti_thesis,,2,limitation; large language model limitation robot planning,2026-06-12T15:07:36Z,12.449,17.449
doi:10.1109/icra40945.2020.9197477,Probabilistic Effect Prediction through Semantic Augmentation and Physical Simulation,,2020,2020 IEEE International Conference on Robotics and Automation (ICRA),Adrian S. Bauer; Peter Schmaus; Freek Stulp; Daniel Leidner,10.1109/icra40945.2020.9197477,,https://doi.org/10.1109/icra40945.2020.9197477,crossref,probabilistic robotics,anti_myopia,anti_thesis,,11,probabilistic robotics,2026-06-12T15:07:36Z,14.442,17.442
doi:10.1016/j.jnnfm.2017.02.005,Ink transfer of non-Newtonian fluids from an idealized gravure cell: The effect of shear and extensional deformation,,2017,Journal of Non-Newtonian Fluid Mechanics,Sunilkumar Khandavalli; Jonathan P. Rothstein,10.1016/j.jnnfm.2017.02.005,,https://doi.org/10.1016/j.jnnfm.2017.02.005,crossref,non smooth mechanics robotics,anti_myopia,anti_thesis,,36,non smooth mechanics robotics,2026-06-12T15:07:36Z,14.405,17.405
doi:10.1007/s10514-021-10030-9,User intent estimation during robot learning using physical human robot interaction primitives,"Abstract As robotic systems transition from traditional setups to collaborative work spaces, the prevalence of physical Human Robot Interaction has risen in both industrial and domestic environments. A popular representation for robot behavior is movement primitives which learn, imitate, and generalize from expert demonstrations. While there are existing works in context-aware movement primitives, they are usually limited to contact-free human robot interactions. This paper presents physical Human Robot Interaction Primitives (pHRIP), which utilize only the interaction forces between the human user and robot to estimate user intent and generate the appropriate robot response during physical human robot interactions. The efficacy of pHRIP is evaluated through multiple experiments based on target-directed reaching and obstacle avoidance tasks using a real seven degree of freedom robot arm.",2022,Autonomous Robots,Yujun Lai; Gavin Paul; Yunduan Cui; Takamitsu Matsubara,10.1007/s10514-021-10030-9,,https://doi.org/10.1007/s10514-021-10030-9,crossref,energy based model robot learning,concept,ebm,,13,human robot interaction,2026-06-12T15:07:36Z,17.370,17.370
arxiv:2404.07988v2,QuasiSim: Parameterized Quasi-Physical Simulators for Dexterous Manipulations Transfer,"We explore the dexterous manipulation transfer problem by designing simulators. The task wishes to transfer human manipulations to dexterous robot hand simulations and is inherently difficult due to its intricate, highly-constrained, and discontinuous dynamics and the need to control a dexterous hand with a DoF to accurately replicate human manipulations. Previous approaches that optimize in high-fidelity black-box simulators or a modified one with relaxed constraints only demonstrate limited capabilities or are restricted by insufficient simulation fidelity. We introduce parameterized quasi-physical simulators and a physics curriculum to overcome these limitations. The key ideas are 1) balancing between fidelity and optimizability of the simulation via a curriculum of parameterized simulators, and 2) solving the problem in each of the simulators from the curriculum, with properties rang",2024,arXiv,Xueyi Liu; Kangbo Lyu; Jieqiong Zhang; Tao Du; Li Yi,,2404.07988v2,http://arxiv.org/abs/2404.07988v2,arxiv,Gaussian splatting robot perception dexterous manipulation,concept,architecture_x_embodiment,,,Gaussian splatting robot perception; dexterous manipulation; robot hand; limitation,2026-06-12T15:07:36Z,16.300,17.300
doi:10.55041/ijsrem54814,Foundation Models for Construction Robotics: Transfer Learning and Vision-Language-Action Integration,"Abstract: This paper investigates the adaptation of pre-trained robotics foundation models, specifically RT-2 and PaLM-E, for construction automation applications. This research explores transfer learning methodologies across diverse construction tasks, develop vision-language-action (VLA) frameworks for instructable construction robots, implement few-shot learning approaches for rapid adaptation to novel operations, and design generalist robot policies capable of multi-task construction automation. The experimental results demonstrate that foundation models can achieve 78% task success rates with only 5-10 demonstrations, significantly outperforming traditional task-specific models. This research presents a comprehensive framework for deploying large-scale vision-language models in unstructured construction environments, achieving real-time performance with latencies under 200ms. The fi",2025,International Journal of Scientific Research in Engineering and Management,Sai Kothapalli,10.55041/ijsrem54814,,https://doi.org/10.55041/ijsrem54814,crossref,vision language action model limitation robotics,hostile,failure,,,vision language action model; limitation,2026-06-12T14:45:03Z,12.300,17.300
doi:10.1126/scirobotics.aea1822,"From autonomy to alliance: Robotic foundation models must learn with us, not just for us","This Viewpoint urges reimagining of robotic foundation models, from treating the robot as a solitary, omnipotent agent to embracing a multiagent, alliance-aware paradigm. Alliance-aware models learn with humans and other robots, not merely for them, by embedding mechanisms that foster social interaction and generalization across heterogeneous partners. We outline six design pillars that cultivate such collaborative intelligence: interaction priors, partner modeling (machine theory of mind), modular and composable policies, norm adaptation, trust-aware memory, and communication. Together, these pillars empower robots to fluidly switch social roles, adapt to unfamiliar collaborators, and coordinate robustly within dynamic multiagent ecologies spanning homes, factories, clinics, and field operations.",2026,Science Robotics,Sharmita Dey; Robert Riener; Strahinja Dosen; Stefano V. Albrecht,10.1126/scirobotics.aea1822,,https://doi.org/10.1126/scirobotics.aea1822,crossref,robot foundation model failure mode,hostile,failure,,,robot foundation model; failure mode; generalization,2026-06-12T15:07:36Z,12.300,17.300
doi:10.1108/ir-07-2025-0249,Dynamic human-like motion planning method of human–robot collaboration based on movement primitives and double DQN,"Purpose The purpose of this paper is to address the low acceptance and declining collaborative willingness caused by hard-to-understand, unpredictable robot motions and neglected human feelings in physical human–robot collaborative motion (pHRCM). To this end, this paper proposes a dynamic human-like motion planning (DHMP) method based on movement primitives and double deep Q-network (DQN). Design/methodology/approach In the method, the data sets of physical human–human collaborative motion (pHHCM) and pHRCM are established, and the human arm movement primitives of pHHCM are analyzed. On this basis, a double DQN model based on long short-term memory (LSTM) is established. The model can autonomously decide the primitives type based on perceiving and understanding the collaborator’s motion. Then, a DHMP method, including admittance control, movement primitives decision-making, primitives p",2025,Industrial Robot: the international journal of robotics research and application,Chengyun Wang; Tingting Zhang,10.1108/ir-07-2025-0249,,https://doi.org/10.1108/ir-07-2025-0249,crossref,robot world model failure planning,hostile,failure,,,robot world model; motion planning; robot world model failure,2026-06-12T15:07:36Z,12.300,17.300
doi:10.20944/preprints202511.0283.v1,Explainable Transfer Learning of Cross-Dataset in Visual Scene Segmentation,"Semantic segmentation plays a pivotal role in autonomous driving by providing pixel-level scene understanding that is essential for reliable perception and decision-making. transformer-based architectures such as SegFormer have demonstrated state-of-the-art performance on large-scale benchmarks; however, their scalability and generalization to smaller or geographically diverse datasets remain underexplored. In this work, we investigate the scalability and transferability of SegFormer variants (B3, B4, B5) using CamVid as a base dataset, followed by cross-dataset transfer learning to KITTI and IDD. Beyond accuracy, we incorporate explainable AI techniques to assess model interpretability, employing confidence-based heatmaps to reveal class-level reliability and highlight regions of uncertainty in predictions. Our findings show that SegFormer-B5 achieves the highest performance on CamVid (",,,Tanmay Sunil Hatkar; Abhinav Pandey; Saad B. Ahmed,10.20944/preprints202511.0283.v1,,https://doi.org/10.20944/preprints202511.0283.v1,crossref,scene graph robot learning,concept,architecture,,,scene graph robot learning; benchmark; generalization; robustness; deployment,2026-06-12T15:07:36Z,12.300,17.300
doi:10.1108/ir-06-2025-0222,Generalizable dual-arm fabric folding via parallel multiresolution attention,"Purpose This study aims to address the challenges of robotic cloth folding, stemming from complex dynamics and high degrees of freedom. While existing learning-based approaches have shown promise, they often suffer from limited generalization across diverse fabrics and require extensive real-world data. To address this gap, we propose a perception-centric strategy introducing HrcbamFolding, a dual-arm system that leverages a deep network to directly map visual inputs to the key manipulation points required. This approach simplifies the complex problems of state estimation and motion planning into a structured keypoint detection task, effectively bypassing the need for explicit physical modeling of the fabric. Design/methodology/approach This study proposes HrcbamFolding, which combines a multiresolution neural network with a channel–spatial attention mechanism to spotlight task-critical ",2026,Industrial Robot: the international journal of robotics research and application,Ruhan He; Jie Lu; Lianqing Yu,10.1108/ir-06-2025-0222,,https://doi.org/10.1108/ir-06-2025-0222,crossref,EBM transformer robotics industrial robot,concept,architecture_x_embodiment,,,EBM transformer robotics; industrial robot; sim to real transfer; state estimation; motion planning; benchmark; generalization; sample efficiency,2026-06-12T15:07:36Z,12.300,17.300
doi:10.1016/j.cosust.2019.09.006,Integrated approaches to understanding and reducing drought impact on food security across scales,"Understanding the cross-scale linkages between drought and food security is vital to developing tools to reduce drought impacts and support decision making. This study reviews how drought hazards transfer to food insecurity through changes in physical processes and socio-environmental systems across a wide range of spatial and temporal scales. We propose a multi-scale, integrated framework leveraging modeling advances (e.g. drought and crop monitoring, water-food-energy nexus, decision making) and increased data availability (e.g. satellite remote sensing, food trade) through the lens of the coupled human–natural system to support multidisciplinary approaches and avoid potential policy spillover effects. We discuss current scale-dependent challenges in tackling drought-induced food security whilst minimizing water use conflicts and environmental impacts.",2019,Current Opinion in Environmental Sustainability,Xiaogang He; Lyndon Estes; Megan Konar; Di Tian; Daniela Anghileri; Kathy Baylis; Tom Evans; Justin Sheffield,10.1016/j.cosust.2019.09.006,,https://doi.org/10.1016/j.cosust.2019.09.006,openalex,energy based policy robotics,concept,ebm,,124,,2026-06-12T18:43:24Z,17.264,17.264
doi:10.1007/978-3-319-51547-2_12,Physical Interaction via Dynamic Primitives,,2017,Springer Tracts in Advanced Robotics Geometric and Numerical Foundations of Movements,Neville Hogan,10.1007/978-3-319-51547-2_12,,https://doi.org/10.1007/978-3-319-51547-2_12,crossref,geometric robotics,anti_myopia,anti_thesis,,26,geometric robotics,2026-06-12T15:07:36Z,14.248,17.248
doi:10.3390/electronics14153071,Large Vision Language Model: Enhanced-RSCLIP with Exemplar-Image Prompting for Uncommon Object Detection in Satellite Imagery,"Large Vision Language Models (LVLMs) have shown promise in remote sensing applications, yet struggle with “uncommon” objects that lack sufficient public labeled data. This paper presents Enhanced-RSCLIP, a novel dual-prompt architecture that combines text prompting with exemplar-image processing for cattle herd detection in satellite imagery. Our approach introduces a key innovation where an exemplar-image preprocessing module using crop-based or attention-based algorithms extracts focused object features which are fed as a dual stream to a contrastive learning framework that fuses textual descriptions with visual exemplar embeddings. We evaluated our method on a custom dataset of 260 satellite images across UK and Nigerian regions. Enhanced-RSCLIP with crop-based exemplar processing achieved 72% accuracy in cattle detection and 56.2% overall accuracy on cross-domain transfer tasks, sign",2025,Electronics,Taiwo Efunogbon; Abimbola Efunogbon; Enjie Liu; Dayou Li; Renxi Qiu,10.3390/electronics14153071,,https://doi.org/10.3390/electronics14153071,crossref,vision language action model limitation robotics,hostile,failure,,2,vision language action model; limitation,2026-06-12T15:07:36Z,12.199,17.199
doi:10.1115/1.4046068,A Comparative Study on the Effect of Mechanical Compliance for a Safe Physical Human–Robot Interaction,"Abstract In this paper, we study the effects of mechanical compliance on safety in physical human–robot interaction (pHRI). More specifically, we compare the effect of joint compliance and link compliance on the impact force assuming a contact occurred between a robot and a human head. We first establish pHRI system models that are composed of robot dynamics, an impact contact model, and head dynamics. These models are validated by Simscape simulation. By comparing impact results with a robotic arm made of a compliant link (CL) and compliant joint (CJ), we conclude that the CL design produces a smaller maximum impact force given the same lateral stiffness as well as other physical and geometric parameters. Furthermore, we compare the variable stiffness joint (VSJ) with the variable stiffness link (VSL) for various actuation parameters and design parameters. While decreasing stiffness of ",2020,Journal of Mechanical Design,Yu She; Siyang Song; Hai‐Jun Su; Junmin Wang,10.1115/1.4046068,,https://doi.org/10.1115/1.4046068,openalex,robotics,concept,openalex_bulk_robotics,,18,safety constraint; human robot interaction,2026-06-12T18:57:17Z,17.172,17.172
doi:10.7763/ijet.2023.v15.1237,Effect of Object Movement Control for Remote Robot Systems with Force Feedback,"In this paper, we make a comparison among three types of object movement control in cooperative work of carrying an object between two remote robot systems with force feedback by experiment. The two robot systems have a masterslave relationship, and the slave robot automatically follows the movement of the master robot. The three types of object movement control are also compared with the case where a human performs the work instead of the robot. Furthermore, we examine the influence of the movement velocity of the object on the force applied to the object. As a result, experimental results illustrate that force in the left-right direction is more largely suppressed by the robot than by the human.",2023,International Journal of Engineering and Technology,Kota Nishiyori; Yutaka Ishibashi; Pingguo Huang; Yuichiro Tateiwa,10.7763/ijet.2023.v15.1237,,https://doi.org/10.7763/ijet.2023.v15.1237,crossref,hybrid systems robot control manipulation,anti_myopia,control,,,hybrid systems,2026-06-12T15:07:36Z,14.150,17.150
doi:10.1016/j.ijnonlinmec.2006.11.011,Physical mechanism of the destabilizing effect of damping in continuous non-conservative dissipative systems,,2007,International Journal of Non-Linear Mechanics,Y. Sugiyama; M.A. Langthjem,10.1016/j.ijnonlinmec.2006.11.011,,https://doi.org/10.1016/j.ijnonlinmec.2006.11.011,crossref,non smooth mechanics robotics,anti_myopia,anti_thesis,,47,non smooth mechanics robotics,2026-06-12T15:07:36Z,14.136,17.136
doi:10.3390/systems11070348,Failure Mode and Effect Analysis with a Fuzzy Logic Approach,"Failure mode and effect analysis (FMEA) is one of the most used techniques in risk management due to its potential to solve multidisciplinary engineering problems. The role of experts is fundamental when developing the FMEA; they identify the failure modes by expressing their opinion based on their experience. A relevant aspect is a way in which the experts evaluate to obtain the indicator of the risk priority number (RPN), which is based on qualitative analysis and a table of criteria where they subjectively and intuitively determine the factor level (severity, occurrence, and detection) for each of the failures. With this, imprecision is present due to the interpretation that each one has regarding the failures. Therefore, this research proposes a fuzzy logic evaluation system with a solid mathematical basis that integrates these conditions of imprecision and uncertainty, thus offering",2023,Systems,José Jovani Cardiel-Ortega; Roberto Baeza-Serrato,10.3390/systems11070348,,https://doi.org/10.3390/systems11070348,crossref,robot foundation model failure mode,hostile,failure,,22,robot foundation model; failure mode,2026-06-12T15:07:36Z,11.118,17.118
arxiv:2503.08358v3,DG16M: A Large-Scale Dataset for Dual-Arm Grasping with Force-Optimized Grasps,"Dual-arm robotic grasping is crucial for handling large objects that require stable and coordinated manipulation. While single-arm grasping has been extensively studied, datasets tailored for dual-arm settings remain scarce. We introduce a large-scale dataset of 16 million dual-arm grasps, evaluated under improved force-closure constraints. Additionally, we develop a benchmark dataset containing 300 objects with approximately 30,000 grasps, evaluated in a physics simulation environment, providing a better grasp quality assessment for dual-arm grasp synthesis methods. Finally, we demonstrate the effectiveness of our dataset by training a Dual-Arm Grasp Classifier network that outperforms the state-of-the-art methods by 15\%, achieving higher grasp success rates and improved generalization across objects.",2025,arXiv,Md Faizal Karim; Mohammed Saad Hashmi; Shreya Bollimuntha; Mahesh Reddy Tapeti; Gaurav Singh; Nagamanikandan Govindan; K Madhava Krishna,,2503.08358v3,http://arxiv.org/abs/2503.08358v3,arxiv,analytical grasping,anti_myopia,anti_thesis,,,benchmark; generalization; analytical grasping,2026-06-12T15:07:36Z,12.100,17.100
arxiv:2603.04463v1,GAIDE: Graph-based Attention Masking for Spatial- and Embodiment-aware Motion Planning,"Sampling-based motion planning algorithms are widely used for motion planning of robotic manipulators, but they often struggle with sample inefficiency in high-dimensional configuration spaces due to their reliance on uniform or hand-crafted informed sampling primitives. Neural informed samplers address this limitation by learning the sampling distribution from prior planning experience to guide the motion planner towards planning goal. However, existing approaches often struggle to encode the spatial structure inherent in motion planning problems. To address this limitation, we introduce Graph-based Attention Masking for Spatial- and Embodiment-aware Motion Planning (GAIDE), a neural informed sampler that leverages both the spatial structure of the planning problem and the robotic manipulator's embodiment to guide the planning algorithm. GAIDE represents these structures as a graph and ",2026,arXiv,Davood Soleymanzadeh; Xiao Liang; Minghui Zheng,,2603.04463v1,http://arxiv.org/abs/2603.04463v1,arxiv,sampling based motion planning,anti_myopia,anti_thesis,,,motion planning; limitation; sampling based motion planning,2026-06-12T15:07:36Z,12.100,17.100
doi:10.1109/tro.2024.3462932,A Compact 2-DOF Cross-Scale Piezoelectric Robotic Manipulator With Adjustable Force for Biological Delicate Puncture,"Robotic micromanipulation technology plays a fundamental supporting role in biomedical engineering field. However, it is still a challenge for robotic manipulators to meet the puncture performance requirements for complex cells and curved vessels with different sizes, because they are difficult to achieve a comprehensive characteristic of multi-DOF, long stroke, high displacement resolution, large puncture force, and high force resolution for limitations of structures, driving elements, and actuation methods. To addresses this challenge, this article proposes the conceptual design of a piezoelectric robotic manipulator (PERM) driven by a single piezoelectric actuator. A configuration design idea and a new actuation method are elaborated to achieve 2-DOF cross-scale manipulation and adjustable puncture force. Theoretical analyses and simulations are carried out to investigate the influenc",2024,IEEE Transactions on Robotics,Xiang Gao; Jie Deng; Weiyi Wang; Qingbing Chang; Jianhua Sun; Junkao Liu; Shijing Zhang; Yingxiang Liu,10.1109/tro.2024.3462932,,https://doi.org/10.1109/tro.2024.3462932,openalex,robotics,concept,openalex_bulk_robotics,,48,limitation,2026-06-12T18:57:17Z,16.096,17.096
